"repository","file","line","matches","reason"
"frontend","README.md","54","jk-backend","Existing external repository or deployment resource identifier; renaming source alone would break its integration."
"frontend","docs/dependencies.md","44","compat","Required compiler/ESLint integration or documented upstream license and data-integrity constraints."
"frontend","docs/dependencies.md","52","compat","Required compiler/ESLint integration or documented upstream license and data-integrity constraints."
"frontend","docs/dependencies.md","58","compat","Required compiler/ESLint integration or documented upstream license and data-integrity constraints."
"frontend","docs/domain-model-audit.md","36","v1","Single current authenticated ciphertext envelope version; no previous-format reader."
"frontend","docs/healthcare-scale-measurements.md","16","old","Previous value, response, worker claim, date or record used by current recovery, integrity or documentation; not a second domain representation."
"frontend","docs/healthcare-scale-measurements.md","22","old","Current typography, field placeholder, threshold, coordination/storage or ordinary word containing the search substring."
"frontend","docs/homepage-design.md","58","old","Current typography, field placeholder, threshold, coordination/storage or ordinary word containing the search substring."
"frontend","docs/organization-management.md","53","old","Current typography, field placeholder, threshold, coordination/storage or ordinary word containing the search substring."
"frontend","docs/platform-owner-dashboard.md","16","old","Current typography, field placeholder, threshold, coordination/storage or ordinary word containing the search substring."
"frontend","docs/platform-owner-dashboard.md","19","old","Previous value, response, worker claim, date or record used by current recovery, integrity or documentation; not a second domain representation."
"frontend","docs/pre-production-cleanup.md","12","v1","Single current authenticated ciphertext envelope version; no previous-format reader."
"frontend","docs/pre-production-cleanup.md","21","old","Current typography, field placeholder, threshold, coordination/storage or ordinary word containing the search substring."
"frontend","docs/pre-production-cleanup.md","47","old","Current typography, field placeholder, threshold, coordination/storage or ordinary word containing the search substring."
"frontend","docs/printing-workflow.md","26","legacy","Print sanitization removes embedded scripts and event handlers; current security behavior."
"frontend","package-lock.json","47","v2;v1","Required upstream dependency metadata, versions, integrity hashes or deprecation notices; not an internal implementation."
"frontend","package-lock.json","130","compat","Required upstream dependency metadata, versions, integrity hashes or deprecation notices; not an internal implementation."
"frontend","package-lock.json","132","compat","Required upstream dependency metadata, versions, integrity hashes or deprecation notices; not an internal implementation."
"frontend","package-lock.json","195","compat","Required upstream dependency metadata, versions, integrity hashes or deprecation notices; not an internal implementation."
"frontend","package-lock.json","294","v2","Required upstream dependency metadata, versions, integrity hashes or deprecation notices; not an internal implementation."
"frontend","package-lock.json","544","v2","Required upstream dependency metadata, versions, integrity hashes or deprecation notices; not an internal implementation."
"frontend","package-lock.json","555","v2","Required upstream dependency metadata, versions, integrity hashes or deprecation notices; not an internal implementation."
"frontend","package-lock.json","769","v2","Required upstream dependency metadata, versions, integrity hashes or deprecation notices; not an internal implementation."
"frontend","package-lock.json","1290","v2","Required upstream dependency metadata, versions, integrity hashes or deprecation notices; not an internal implementation."
"frontend","package-lock.json","1388","v2","Required upstream dependency metadata, versions, integrity hashes or deprecation notices; not an internal implementation."
"frontend","package-lock.json","1463","v1","Required upstream dependency metadata, versions, integrity hashes or deprecation notices; not an internal implementation."
"frontend","package-lock.json","1543","v1","Required upstream dependency metadata, versions, integrity hashes or deprecation notices; not an internal implementation."
"frontend","package-lock.json","1681","v1","Required upstream dependency metadata, versions, integrity hashes or deprecation notices; not an internal implementation."
"frontend","package-lock.json","1749","v2","Required upstream dependency metadata, versions, integrity hashes or deprecation notices; not an internal implementation."
"frontend","package-lock.json","1817","v1","Required upstream dependency metadata, versions, integrity hashes or deprecation notices; not an internal implementation."
"frontend","package-lock.json","1863","v2","Required upstream dependency metadata, versions, integrity hashes or deprecation notices; not an internal implementation."
"frontend","package-lock.json","2160","v2","Required upstream dependency metadata, versions, integrity hashes or deprecation notices; not an internal implementation."
"frontend","package-lock.json","2244","v1","Required upstream dependency metadata, versions, integrity hashes or deprecation notices; not an internal implementation."
"frontend","package-lock.json","2255","v2","Required upstream dependency metadata, versions, integrity hashes or deprecation notices; not an internal implementation."
"frontend","package-lock.json","2311","v2","Required upstream dependency metadata, versions, integrity hashes or deprecation notices; not an internal implementation."
"frontend","package-lock.json","2331","v2","Required upstream dependency metadata, versions, integrity hashes or deprecation notices; not an internal implementation."
"frontend","package-lock.json","2424","old","Required upstream dependency metadata, versions, integrity hashes or deprecation notices; not an internal implementation."
"frontend","package-lock.json","2561","v1","Required upstream dependency metadata, versions, integrity hashes or deprecation notices; not an internal implementation."
"frontend","package-lock.json","2810","v1","Required upstream dependency metadata, versions, integrity hashes or deprecation notices; not an internal implementation."
"frontend","package-lock.json","3053","v1","Required upstream dependency metadata, versions, integrity hashes or deprecation notices; not an internal implementation."
"frontend","package-lock.json","3167","v2","Required upstream dependency metadata, versions, integrity hashes or deprecation notices; not an internal implementation."
"frontend","package-lock.json","3407","v1","Required upstream dependency metadata, versions, integrity hashes or deprecation notices; not an internal implementation."
"frontend","package-lock.json","3478","v2","Required upstream dependency metadata, versions, integrity hashes or deprecation notices; not an internal implementation."
"frontend","package-lock.json","3731","v2","Required upstream dependency metadata, versions, integrity hashes or deprecation notices; not an internal implementation."
"frontend","package-lock.json","3738","v2","Required upstream dependency metadata, versions, integrity hashes or deprecation notices; not an internal implementation."
"frontend","package-lock.json","3767","v1","Required upstream dependency metadata, versions, integrity hashes or deprecation notices; not an internal implementation."
"frontend","package-lock.json","3882","v2","Required upstream dependency metadata, versions, integrity hashes or deprecation notices; not an internal implementation."
"frontend","package-lock.json","4268","deprecated","Required upstream dependency metadata, versions, integrity hashes or deprecation notices; not an internal implementation."
"frontend","package-lock.json","4507","v1","Required upstream dependency metadata, versions, integrity hashes or deprecation notices; not an internal implementation."
"frontend","package-lock.json","4520","v1","Required upstream dependency metadata, versions, integrity hashes or deprecation notices; not an internal implementation."
"frontend","package-lock.json","4798","v2","Required upstream dependency metadata, versions, integrity hashes or deprecation notices; not an internal implementation."
"frontend","package-lock.json","5363","v2","Required upstream dependency metadata, versions, integrity hashes or deprecation notices; not an internal implementation."
"frontend","package-lock.json","6010","v2","Required upstream dependency metadata, versions, integrity hashes or deprecation notices; not an internal implementation."
"frontend","package-lock.json","6199","old","Required upstream dependency metadata, versions, integrity hashes or deprecation notices; not an internal implementation."
"frontend","package-lock.json","6277","v1","Required upstream dependency metadata, versions, integrity hashes or deprecation notices; not an internal implementation."
"frontend","package-lock.json","6766","v2","Required upstream dependency metadata, versions, integrity hashes or deprecation notices; not an internal implementation."
"frontend","package-lock.json","6805","v2","Required upstream dependency metadata, versions, integrity hashes or deprecation notices; not an internal implementation."
"frontend","package-lock.json","6899","v2","Required upstream dependency metadata, versions, integrity hashes or deprecation notices; not an internal implementation."
"frontend","package-lock.json","7023","v1","Required upstream dependency metadata, versions, integrity hashes or deprecation notices; not an internal implementation."
"frontend","package-lock.json","7377","v2","Required upstream dependency metadata, versions, integrity hashes or deprecation notices; not an internal implementation."
"frontend","package-lock.json","7473","v1","Required upstream dependency metadata, versions, integrity hashes or deprecation notices; not an internal implementation."
"frontend","package-lock.json","7918","v2","Required upstream dependency metadata, versions, integrity hashes or deprecation notices; not an internal implementation."
"frontend","package-lock.json","8117","v2","Required upstream dependency metadata, versions, integrity hashes or deprecation notices; not an internal implementation."
"frontend","package-lock.json","8184","v2","Required upstream dependency metadata, versions, integrity hashes or deprecation notices; not an internal implementation."
"frontend","package-lock.json","8231","old","Required upstream dependency metadata, versions, integrity hashes or deprecation notices; not an internal implementation."
"frontend","package-lock.json","8526","old","Required upstream dependency metadata, versions, integrity hashes or deprecation notices; not an internal implementation."
"frontend","package-lock.json","8673","v1","Required upstream dependency metadata, versions, integrity hashes or deprecation notices; not an internal implementation."
"frontend","package-lock.json","8871","v1","Required upstream dependency metadata, versions, integrity hashes or deprecation notices; not an internal implementation."
"frontend","package-lock.json","8924","v2","Required upstream dependency metadata, versions, integrity hashes or deprecation notices; not an internal implementation."
"frontend","package-lock.json","9123","v2","Required upstream dependency metadata, versions, integrity hashes or deprecation notices; not an internal implementation."
"frontend","public/sw.js","2","v1","Current public-cache revision or historical cache deletion test."
"frontend","public/sw.js","31","healthos","Historical browser storage identifier used only to delete cached patient data and verify logout privacy."
"frontend","public/sw.js","49","healthos","Historical browser storage identifier used only to delete cached patient data and verify logout privacy."
"frontend","scripts/check-payment-boundary.mjs","7","old","Current typography, field placeholder, threshold, coordination/storage or ordinary word containing the search substring."
"frontend","src/app/(auth)/accept-invite/page.tsx","55","old","Current typography, field placeholder, threshold, coordination/storage or ordinary word containing the search substring."
"frontend","src/app/(auth)/login/page.tsx","286","old","Current typography, field placeholder, threshold, coordination/storage or ordinary word containing the search substring."
"frontend","src/app/(auth)/login/page.tsx","306","old","Current typography, field placeholder, threshold, coordination/storage or ordinary word containing the search substring."
"frontend","src/app/(auth)/login/page.tsx","362","old","Current typography, field placeholder, threshold, coordination/storage or ordinary word containing the search substring."
"frontend","src/app/(auth)/login/page.tsx","390","old","Current typography, field placeholder, threshold, coordination/storage or ordinary word containing the search substring."
"frontend","src/app/(auth)/login/page.tsx","406","old","Current typography, field placeholder, threshold, coordination/storage or ordinary word containing the search substring."
"frontend","src/app/(auth)/login/page.tsx","457","old","Current typography, field placeholder, threshold, coordination/storage or ordinary word containing the search substring."
"frontend","src/app/(auth)/login/page.tsx","471","old","Current typography, field placeholder, threshold, coordination/storage or ordinary word containing the search substring."
"frontend","src/app/(auth)/login/page.tsx","480","old","Current typography, field placeholder, threshold, coordination/storage or ordinary word containing the search substring."
"frontend","src/app/(auth)/login/page.tsx","488","old","Current typography, field placeholder, threshold, coordination/storage or ordinary word containing the search substring."
"frontend","src/app/(auth)/login/page.tsx","492","old","Current typography, field placeholder, threshold, coordination/storage or ordinary word containing the search substring."
"frontend","src/app/(auth)/login/page.tsx","506","old","Current typography, field placeholder, threshold, coordination/storage or ordinary word containing the search substring."
"frontend","src/app/(auth)/login/page.tsx","514","old","Current typography, field placeholder, threshold, coordination/storage or ordinary word containing the search substring."
"frontend","src/app/(auth)/login/page.tsx","528","old","Current typography, field placeholder, threshold, coordination/storage or ordinary word containing the search substring."
"frontend","src/app/(auth)/login/page.tsx","543","old","Current typography, field placeholder, threshold, coordination/storage or ordinary word containing the search substring."
"frontend","src/app/(auth)/login/page.tsx","560","old","Current typography, field placeholder, threshold, coordination/storage or ordinary word containing the search substring."
"frontend","src/app/(auth)/login/page.tsx","596","old","Current typography, field placeholder, threshold, coordination/storage or ordinary word containing the search substring."
"frontend","src/app/(auth)/login/page.tsx","612","old","Current typography, field placeholder, threshold, coordination/storage or ordinary word containing the search substring."
"frontend","src/app/(auth)/login/page.tsx","624","old","Current typography, field placeholder, threshold, coordination/storage or ordinary word containing the search substring."
"frontend","src/app/(auth)/login/page.tsx","648","old","Current typography, field placeholder, threshold, coordination/storage or ordinary word containing the search substring."
"frontend","src/app/(auth)/login/page.tsx","678","old","Current typography, field placeholder, threshold, coordination/storage or ordinary word containing the search substring."
"frontend","src/app/(auth)/login/page.tsx","687","old","Current typography, field placeholder, threshold, coordination/storage or ordinary word containing the search substring."
"frontend","src/app/(auth)/login/page.tsx","747","old","Current typography, field placeholder, threshold, coordination/storage or ordinary word containing the search substring."
"frontend","src/app/(auth)/login/page.tsx","752","old","Current typography, field placeholder, threshold, coordination/storage or ordinary word containing the search substring."
"frontend","src/app/(auth)/login/page.tsx","765","old","Current typography, field placeholder, threshold, coordination/storage or ordinary word containing the search substring."
"frontend","src/app/(auth)/onboarding/page.tsx","363","old","Current typography, field placeholder, threshold, coordination/storage or ordinary word containing the search substring."
"frontend","src/app/(auth)/onboarding/page.tsx","381","old","Current typography, field placeholder, threshold, coordination/storage or ordinary word containing the search substring."
"frontend","src/app/(auth)/onboarding/page.tsx","392","old","Current typography, field placeholder, threshold, coordination/storage or ordinary word containing the search substring."
"frontend","src/app/(auth)/onboarding/page.tsx","397","old","Current typography, field placeholder, threshold, coordination/storage or ordinary word containing the search substring."
"frontend","src/app/(auth)/onboarding/page.tsx","408","old","Current typography, field placeholder, threshold, coordination/storage or ordinary word containing the search substring."
"frontend","src/app/(auth)/onboarding/page.tsx","417","old","Current typography, field placeholder, threshold, coordination/storage or ordinary word containing the search substring."
"frontend","src/app/(auth)/onboarding/page.tsx","427","old","Current typography, field placeholder, threshold, coordination/storage or ordinary word containing the search substring."
"frontend","src/app/(auth)/onboarding/page.tsx","436","old","Current typography, field placeholder, threshold, coordination/storage or ordinary word containing the search substring."
"frontend","src/app/(auth)/onboarding/page.tsx","447","old","Current typography, field placeholder, threshold, coordination/storage or ordinary word containing the search substring."
"frontend","src/app/(auth)/onboarding/page.tsx","463","old","Current typography, field placeholder, threshold, coordination/storage or ordinary word containing the search substring."
"frontend","src/app/(auth)/onboarding/page.tsx","474","old","Current typography, field placeholder, threshold, coordination/storage or ordinary word containing the search substring."
"frontend","src/app/(auth)/onboarding/page.tsx","484","old","Current typography, field placeholder, threshold, coordination/storage or ordinary word containing the search substring."
"frontend","src/app/(auth)/onboarding/page.tsx","495","old","Current typography, field placeholder, threshold, coordination/storage or ordinary word containing the search substring."
"frontend","src/app/(auth)/onboarding/page.tsx","530","old","Current typography, field placeholder, threshold, coordination/storage or ordinary word containing the search substring."
"frontend","src/app/(auth)/onboarding/page.tsx","538","old","Current typography, field placeholder, threshold, coordination/storage or ordinary word containing the search substring."
"frontend","src/app/(auth)/onboarding/page.tsx","543","old","Current typography, field placeholder, threshold, coordination/storage or ordinary word containing the search substring."
"frontend","src/app/(auth)/onboarding/page.tsx","552","old","Current typography, field placeholder, threshold, coordination/storage or ordinary word containing the search substring."
"frontend","src/app/(auth)/onboarding/page.tsx","558","old","Current typography, field placeholder, threshold, coordination/storage or ordinary word containing the search substring."
"frontend","src/app/(auth)/onboarding/page.tsx","586","old","Current typography, field placeholder, threshold, coordination/storage or ordinary word containing the search substring."
"frontend","src/app/(auth)/onboarding/page.tsx","632","old","Current typography, field placeholder, threshold, coordination/storage or ordinary word containing the search substring."
"frontend","src/app/(auth)/onboarding/page.tsx","635","old","Current typography, field placeholder, threshold, coordination/storage or ordinary word containing the search substring."
"frontend","src/app/(auth)/onboarding/page.tsx","651","old","Current typography, field placeholder, threshold, coordination/storage or ordinary word containing the search substring."
"frontend","src/app/(auth)/onboarding/page.tsx","659","old","Current typography, field placeholder, threshold, coordination/storage or ordinary word containing the search substring."
"frontend","src/app/(auth)/onboarding/page.tsx","664","old","Current typography, field placeholder, threshold, coordination/storage or ordinary word containing the search substring."
"frontend","src/app/(auth)/onboarding/page.tsx","669","old","Current typography, field placeholder, threshold, coordination/storage or ordinary word containing the search substring."
"frontend","src/app/(auth)/onboarding/page.tsx","675","old","Current typography, field placeholder, threshold, coordination/storage or ordinary word containing the search substring."
"frontend","src/app/(auth)/register/page.tsx","145","old","Current typography, field placeholder, threshold, coordination/storage or ordinary word containing the search substring."
"frontend","src/app/(auth)/register/page.tsx","182","old","Current typography, field placeholder, threshold, coordination/storage or ordinary word containing the search substring."
"frontend","src/app/(auth)/register/page.tsx","193","old","Current typography, field placeholder, threshold, coordination/storage or ordinary word containing the search substring."
"frontend","src/app/(auth)/register/page.tsx","205","old","Current typography, field placeholder, threshold, coordination/storage or ordinary word containing the search substring."
"frontend","src/app/(auth)/register/page.tsx","238","old","Current typography, field placeholder, threshold, coordination/storage or ordinary word containing the search substring."
"frontend","src/app/(auth)/register/page.tsx","243","old","Current typography, field placeholder, threshold, coordination/storage or ordinary word containing the search substring."
"frontend","src/app/(auth)/register/page.tsx","261","old","Current typography, field placeholder, threshold, coordination/storage or ordinary word containing the search substring."
"frontend","src/app/(auth)/register/page.tsx","284","old","Current typography, field placeholder, threshold, coordination/storage or ordinary word containing the search substring."
"frontend","src/app/(auth)/register/page.tsx","297","old","Current typography, field placeholder, threshold, coordination/storage or ordinary word containing the search substring."
"frontend","src/app/(auth)/reset-password/page.tsx","131","old","Current typography, field placeholder, threshold, coordination/storage or ordinary word containing the search substring."
"frontend","src/app/(auth)/reset-password/page.tsx","141","old","Current typography, field placeholder, threshold, coordination/storage or ordinary word containing the search substring."
"frontend","src/app/(auth)/reset-password/page.tsx","151","old","Current typography, field placeholder, threshold, coordination/storage or ordinary word containing the search substring."
"frontend","src/app/(auth)/reset-password/page.tsx","160","old","Current typography, field placeholder, threshold, coordination/storage or ordinary word containing the search substring."
"frontend","src/app/(auth)/reset-password/page.tsx","165","old","Current typography, field placeholder, threshold, coordination/storage or ordinary word containing the search substring."
"frontend","src/app/(auth)/reset-password/page.tsx","180","old","Current typography, field placeholder, threshold, coordination/storage or ordinary word containing the search substring."
"frontend","src/app/(auth)/reset-password/page.tsx","186","old","Current typography, field placeholder, threshold, coordination/storage or ordinary word containing the search substring."
"frontend","src/app/(dashboard)/dashboard/admin/billing/page.tsx","233","old","Current typography, field placeholder, threshold, coordination/storage or ordinary word containing the search substring."
"frontend","src/app/(dashboard)/dashboard/admin/billing/page.tsx","236","old","Current typography, field placeholder, threshold, coordination/storage or ordinary word containing the search substring."
"frontend","src/app/(dashboard)/dashboard/admin/billing/page.tsx","252","old","Current typography, field placeholder, threshold, coordination/storage or ordinary word containing the search substring."
"frontend","src/app/(dashboard)/dashboard/admin/billing/page.tsx","260","old","Current typography, field placeholder, threshold, coordination/storage or ordinary word containing the search substring."
"frontend","src/app/(dashboard)/dashboard/admin/billing/page.tsx","338","old","Current typography, field placeholder, threshold, coordination/storage or ordinary word containing the search substring."
"frontend","src/app/(dashboard)/dashboard/admin/billing/page.tsx","340","old","Current typography, field placeholder, threshold, coordination/storage or ordinary word containing the search substring."
"frontend","src/app/(dashboard)/dashboard/admin/billing/page.tsx","346","old","Current typography, field placeholder, threshold, coordination/storage or ordinary word containing the search substring."
"frontend","src/app/(dashboard)/dashboard/admin/billing/page.tsx","356","old","Current typography, field placeholder, threshold, coordination/storage or ordinary word containing the search substring."
"frontend","src/app/(dashboard)/dashboard/admin/billing/page.tsx","358","old","Current typography, field placeholder, threshold, coordination/storage or ordinary word containing the search substring."
"frontend","src/app/(dashboard)/dashboard/admin/billing/page.tsx","364","old","Current typography, field placeholder, threshold, coordination/storage or ordinary word containing the search substring."
"frontend","src/app/(dashboard)/dashboard/admin/billing/page.tsx","374","old","Current typography, field placeholder, threshold, coordination/storage or ordinary word containing the search substring."
"frontend","src/app/(dashboard)/dashboard/admin/billing/page.tsx","376","old","Current typography, field placeholder, threshold, coordination/storage or ordinary word containing the search substring."
"frontend","src/app/(dashboard)/dashboard/admin/billing/page.tsx","390","old","Current typography, field placeholder, threshold, coordination/storage or ordinary word containing the search substring."
"frontend","src/app/(dashboard)/dashboard/admin/billing/page.tsx","394","old","Current typography, field placeholder, threshold, coordination/storage or ordinary word containing the search substring."
"frontend","src/app/(dashboard)/dashboard/admin/billing/page.tsx","412","old","Current typography, field placeholder, threshold, coordination/storage or ordinary word containing the search substring."
"frontend","src/app/(dashboard)/dashboard/admin/billing/page.tsx","417","old","Current typography, field placeholder, threshold, coordination/storage or ordinary word containing the search substring."
"frontend","src/app/(dashboard)/dashboard/admin/billing/page.tsx","423","old","Current typography, field placeholder, threshold, coordination/storage or ordinary word containing the search substring."
"frontend","src/app/(dashboard)/dashboard/admin/billing/page.tsx","430","old","Current typography, field placeholder, threshold, coordination/storage or ordinary word containing the search substring."
"frontend","src/app/(dashboard)/dashboard/admin/billing/page.tsx","436","old","Current typography, field placeholder, threshold, coordination/storage or ordinary word containing the search substring."
"frontend","src/app/(dashboard)/dashboard/admin/billing/page.tsx","442","old","Current typography, field placeholder, threshold, coordination/storage or ordinary word containing the search substring."
"frontend","src/app/(dashboard)/dashboard/admin/billing/page.tsx","448","old","Current typography, field placeholder, threshold, coordination/storage or ordinary word containing the search substring."
"frontend","src/app/(dashboard)/dashboard/admin/billing/page.tsx","454","old","Current typography, field placeholder, threshold, coordination/storage or ordinary word containing the search substring."
"frontend","src/app/(dashboard)/dashboard/admin/billing/page.tsx","488","old","Current typography, field placeholder, threshold, coordination/storage or ordinary word containing the search substring."
"frontend","src/app/(dashboard)/dashboard/admin/billing/page.tsx","532","old","Current typography, field placeholder, threshold, coordination/storage or ordinary word containing the search substring."
"frontend","src/app/(dashboard)/dashboard/admin/billing/page.tsx","543","old","Current typography, field placeholder, threshold, coordination/storage or ordinary word containing the search substring."
"frontend","src/app/(dashboard)/dashboard/admin/billing/page.tsx","559","old","Current typography, field placeholder, threshold, coordination/storage or ordinary word containing the search substring."
"frontend","src/app/(dashboard)/dashboard/admin/billing/page.tsx","590","old","Current typography, field placeholder, threshold, coordination/storage or ordinary word containing the search substring."
"frontend","src/app/(dashboard)/dashboard/admin/billing/page.tsx","600","old","Current typography, field placeholder, threshold, coordination/storage or ordinary word containing the search substring."
"frontend","src/app/(dashboard)/dashboard/admin/billing/page.tsx","621","old","Current typography, field placeholder, threshold, coordination/storage or ordinary word containing the search substring."
"frontend","src/app/(dashboard)/dashboard/admin/billing/page.tsx","632","old","Current typography, field placeholder, threshold, coordination/storage or ordinary word containing the search substring."
"frontend","src/app/(dashboard)/dashboard/admin/billing/page.tsx","643","old","Current typography, field placeholder, threshold, coordination/storage or ordinary word containing the search substring."
"frontend","src/app/(dashboard)/dashboard/admin/billing/page.tsx","651","old","Current typography, field placeholder, threshold, coordination/storage or ordinary word containing the search substring."
"frontend","src/app/(dashboard)/dashboard/admin/billing/page.tsx","658","old","Current typography, field placeholder, threshold, coordination/storage or ordinary word containing the search substring."
"frontend","src/app/(dashboard)/dashboard/admin/billing/page.tsx","671","old","Current typography, field placeholder, threshold, coordination/storage or ordinary word containing the search substring."
"frontend","src/app/(dashboard)/dashboard/admin/billing/page.tsx","678","old","Current typography, field placeholder, threshold, coordination/storage or ordinary word containing the search substring."
"frontend","src/app/(dashboard)/dashboard/admin/billing/page.tsx","694","old","Current typography, field placeholder, threshold, coordination/storage or ordinary word containing the search substring."
"frontend","src/app/(dashboard)/dashboard/admin/billing/page.tsx","733","old","Current typography, field placeholder, threshold, coordination/storage or ordinary word containing the search substring."
"frontend","src/app/(dashboard)/dashboard/admin/billing/page.tsx","745","old","Current typography, field placeholder, threshold, coordination/storage or ordinary word containing the search substring."
"frontend","src/app/(dashboard)/dashboard/admin/billing/page.tsx","780","old","Current typography, field placeholder, threshold, coordination/storage or ordinary word containing the search substring."
"frontend","src/app/(dashboard)/dashboard/admin/billing/page.tsx","789","old","Current typography, field placeholder, threshold, coordination/storage or ordinary word containing the search substring."
"frontend","src/app/(dashboard)/dashboard/admin/billing/page.tsx","798","old","Current typography, field placeholder, threshold, coordination/storage or ordinary word containing the search substring."
"frontend","src/app/(dashboard)/dashboard/admin/billing/page.tsx","825","old","Current typography, field placeholder, threshold, coordination/storage or ordinary word containing the search substring."
"frontend","src/app/(dashboard)/dashboard/admin/billing/page.tsx","875","old","Current typography, field placeholder, threshold, coordination/storage or ordinary word containing the search substring."
"frontend","src/app/(dashboard)/dashboard/admin/billing/page.tsx","878","old","Current typography, field placeholder, threshold, coordination/storage or ordinary word containing the search substring."
"frontend","src/app/(dashboard)/dashboard/admin/billing/page.tsx","887","old","Current typography, field placeholder, threshold, coordination/storage or ordinary word containing the search substring."
"frontend","src/app/(dashboard)/dashboard/admin/billing/page.tsx","896","old","Current typography, field placeholder, threshold, coordination/storage or ordinary word containing the search substring."
"frontend","src/app/(dashboard)/dashboard/admin/billing/page.tsx","905","old","Current typography, field placeholder, threshold, coordination/storage or ordinary word containing the search substring."
"frontend","src/app/(dashboard)/dashboard/admin/billing/page.tsx","920","old","Current typography, field placeholder, threshold, coordination/storage or ordinary word containing the search substring."
"frontend","src/app/(dashboard)/dashboard/admin/monitor/page.tsx","245","old","Current typography, field placeholder, threshold, coordination/storage or ordinary word containing the search substring."
"frontend","src/app/(dashboard)/dashboard/admin/monitor/page.tsx","254","old","Current typography, field placeholder, threshold, coordination/storage or ordinary word containing the search substring."
"frontend","src/app/(dashboard)/dashboard/admin/monitor/page.tsx","278","old","Current typography, field placeholder, threshold, coordination/storage or ordinary word containing the search substring."
"frontend","src/app/(dashboard)/dashboard/admin/monitor/page.tsx","297","old","Current typography, field placeholder, threshold, coordination/storage or ordinary word containing the search substring."
"frontend","src/app/(dashboard)/dashboard/admin/monitor/page.tsx","311","old","Current typography, field placeholder, threshold, coordination/storage or ordinary word containing the search substring."
"frontend","src/app/(dashboard)/dashboard/admin/monitor/page.tsx","375","old","Current typography, field placeholder, threshold, coordination/storage or ordinary word containing the search substring."
"frontend","src/app/(dashboard)/dashboard/admin/monitor/page.tsx","390","old","Current typography, field placeholder, threshold, coordination/storage or ordinary word containing the search substring."
"frontend","src/app/(dashboard)/dashboard/admin/monitor/page.tsx","431","old","Current typography, field placeholder, threshold, coordination/storage or ordinary word containing the search substring."
"frontend","src/app/(dashboard)/dashboard/admin/monitor/page.tsx","436","old","Current typography, field placeholder, threshold, coordination/storage or ordinary word containing the search substring."
"frontend","src/app/(dashboard)/dashboard/admin/monitor/page.tsx","438","old","Current typography, field placeholder, threshold, coordination/storage or ordinary word containing the search substring."
"frontend","src/app/(dashboard)/dashboard/admin/monitor/page.tsx","465","old","Current typography, field placeholder, threshold, coordination/storage or ordinary word containing the search substring."
"frontend","src/app/(dashboard)/dashboard/admin/monitor/page.tsx","475","old","Current typography, field placeholder, threshold, coordination/storage or ordinary word containing the search substring."
"frontend","src/app/(dashboard)/dashboard/admin/monitor/page.tsx","499","old","Current typography, field placeholder, threshold, coordination/storage or ordinary word containing the search substring."
"frontend","src/app/(dashboard)/dashboard/admin/monitor/page.tsx","541","old","Current typography, field placeholder, threshold, coordination/storage or ordinary word containing the search substring."
"frontend","src/app/(dashboard)/dashboard/admin/monitor/page.tsx","557","old","Current typography, field placeholder, threshold, coordination/storage or ordinary word containing the search substring."
"frontend","src/app/(dashboard)/dashboard/admin/monitor/page.tsx","562","old","Current typography, field placeholder, threshold, coordination/storage or ordinary word containing the search substring."
"frontend","src/app/(dashboard)/dashboard/admin/monitor/page.tsx","583","old","Current typography, field placeholder, threshold, coordination/storage or ordinary word containing the search substring."
"frontend","src/app/(dashboard)/dashboard/admin/monitor/page.tsx","619","old","Current typography, field placeholder, threshold, coordination/storage or ordinary word containing the search substring."
"frontend","src/app/(dashboard)/dashboard/admin/monitor/page.tsx","639","old","Current typography, field placeholder, threshold, coordination/storage or ordinary word containing the search substring."
"frontend","src/app/(dashboard)/dashboard/admin/monitor/page.tsx","650","old","Current typography, field placeholder, threshold, coordination/storage or ordinary word containing the search substring."
"frontend","src/app/(dashboard)/dashboard/admin/monitor/page.tsx","661","old","Current typography, field placeholder, threshold, coordination/storage or ordinary word containing the search substring."
"frontend","src/app/(dashboard)/dashboard/admin/monitor/page.tsx","702","old","Current typography, field placeholder, threshold, coordination/storage or ordinary word containing the search substring."
"frontend","src/app/(dashboard)/dashboard/admin/monitor/page.tsx","707","old","Current typography, field placeholder, threshold, coordination/storage or ordinary word containing the search substring."
"frontend","src/app/(dashboard)/dashboard/admin/monitor/page.tsx","739","old","Current typography, field placeholder, threshold, coordination/storage or ordinary word containing the search substring."
"frontend","src/app/(dashboard)/dashboard/admin/monitor/page.tsx","774","old","Current typography, field placeholder, threshold, coordination/storage or ordinary word containing the search substring."
"frontend","src/app/(dashboard)/dashboard/admin/monitor/page.tsx","794","old","Current typography, field placeholder, threshold, coordination/storage or ordinary word containing the search substring."
"frontend","src/app/(dashboard)/dashboard/admin/monitor/page.tsx","798","old","Current typography, field placeholder, threshold, coordination/storage or ordinary word containing the search substring."
"frontend","src/app/(dashboard)/dashboard/admin/monitor/page.tsx","810","old","Current typography, field placeholder, threshold, coordination/storage or ordinary word containing the search substring."
"frontend","src/app/(dashboard)/dashboard/admin/monitor/page.tsx","816","old","Current typography, field placeholder, threshold, coordination/storage or ordinary word containing the search substring."
"frontend","src/app/(dashboard)/dashboard/admin/monitor/page.tsx","822","old","Current typography, field placeholder, threshold, coordination/storage or ordinary word containing the search substring."
"frontend","src/app/(dashboard)/dashboard/admin/monitor/page.tsx","838","old","Current typography, field placeholder, threshold, coordination/storage or ordinary word containing the search substring."
"frontend","src/app/(dashboard)/dashboard/admin/monitor/page.tsx","850","old","Current typography, field placeholder, threshold, coordination/storage or ordinary word containing the search substring."
"frontend","src/app/(dashboard)/dashboard/admin/monitor/page.tsx","853","old","Current typography, field placeholder, threshold, coordination/storage or ordinary word containing the search substring."
"frontend","src/app/(dashboard)/dashboard/admin/monitor/page.tsx","860","old","Current typography, field placeholder, threshold, coordination/storage or ordinary word containing the search substring."
"frontend","src/app/(dashboard)/dashboard/admin/monitor/page.tsx","864","old","Current typography, field placeholder, threshold, coordination/storage or ordinary word containing the search substring."
"frontend","src/app/(dashboard)/dashboard/admin/monitor/page.tsx","880","old","Current typography, field placeholder, threshold, coordination/storage or ordinary word containing the search substring."
"frontend","src/app/(dashboard)/dashboard/admin/monitor/page.tsx","891","old","Current typography, field placeholder, threshold, coordination/storage or ordinary word containing the search substring."
"frontend","src/app/(dashboard)/dashboard/admin/monitor/page.tsx","894","old","Current typography, field placeholder, threshold, coordination/storage or ordinary word containing the search substring."
"frontend","src/app/(dashboard)/dashboard/admin/monitor/page.tsx","905","old","Current typography, field placeholder, threshold, coordination/storage or ordinary word containing the search substring."
"frontend","src/app/(dashboard)/dashboard/admin/monitor/page.tsx","908","old","Current typography, field placeholder, threshold, coordination/storage or ordinary word containing the search substring."
"frontend","src/app/(dashboard)/dashboard/admin/monitor/page.tsx","918","old","Current typography, field placeholder, threshold, coordination/storage or ordinary word containing the search substring."
"frontend","src/app/(dashboard)/dashboard/admin/monitor/page.tsx","925","old","Current typography, field placeholder, threshold, coordination/storage or ordinary word containing the search substring."
"frontend","src/app/(dashboard)/dashboard/admin/monitor/page.tsx","935","old","Current typography, field placeholder, threshold, coordination/storage or ordinary word containing the search substring."
"frontend","src/app/(dashboard)/dashboard/admin/users/page.tsx","96","old","Current typography, field placeholder, threshold, coordination/storage or ordinary word containing the search substring."
"frontend","src/app/(dashboard)/dashboard/admin/users/page.tsx","100","old","Current typography, field placeholder, threshold, coordination/storage or ordinary word containing the search substring."
"frontend","src/app/(dashboard)/dashboard/admin/users/page.tsx","107","old","Current typography, field placeholder, threshold, coordination/storage or ordinary word containing the search substring."
"frontend","src/app/(dashboard)/dashboard/admin/users/page.tsx","116","old","Current typography, field placeholder, threshold, coordination/storage or ordinary word containing the search substring."
"frontend","src/app/(dashboard)/dashboard/admin/users/page.tsx","132","old","Current typography, field placeholder, threshold, coordination/storage or ordinary word containing the search substring."
"frontend","src/app/(dashboard)/dashboard/analytics/page.tsx","109","old","Current typography, field placeholder, threshold, coordination/storage or ordinary word containing the search substring."
"frontend","src/app/(dashboard)/dashboard/analytics/page.tsx","131","old","Current typography, field placeholder, threshold, coordination/storage or ordinary word containing the search substring."
"frontend","src/app/(dashboard)/dashboard/analytics/page.tsx","134","old","Current typography, field placeholder, threshold, coordination/storage or ordinary word containing the search substring."
"frontend","src/app/(dashboard)/dashboard/analytics/page.tsx","149","old","Current typography, field placeholder, threshold, coordination/storage or ordinary word containing the search substring."
"frontend","src/app/(dashboard)/dashboard/analytics/page.tsx","183","old","Current typography, field placeholder, threshold, coordination/storage or ordinary word containing the search substring."
"frontend","src/app/(dashboard)/dashboard/analytics/page.tsx","193","old","Current typography, field placeholder, threshold, coordination/storage or ordinary word containing the search substring."
"frontend","src/app/(dashboard)/dashboard/analytics/page.tsx","204","old","Current typography, field placeholder, threshold, coordination/storage or ordinary word containing the search substring."
"frontend","src/app/(dashboard)/dashboard/analytics/page.tsx","216","old","Current typography, field placeholder, threshold, coordination/storage or ordinary word containing the search substring."
"frontend","src/app/(dashboard)/dashboard/analytics/page.tsx","222","old","Current typography, field placeholder, threshold, coordination/storage or ordinary word containing the search substring."
"frontend","src/app/(dashboard)/dashboard/analytics/page.tsx","228","old","Current typography, field placeholder, threshold, coordination/storage or ordinary word containing the search substring."
"frontend","src/app/(dashboard)/dashboard/analytics/page.tsx","239","old","Current typography, field placeholder, threshold, coordination/storage or ordinary word containing the search substring."
"frontend","src/app/(dashboard)/dashboard/analytics/page.tsx","242","old","Current typography, field placeholder, threshold, coordination/storage or ordinary word containing the search substring."
"frontend","src/app/(dashboard)/dashboard/analytics/page.tsx","249","old","Current typography, field placeholder, threshold, coordination/storage or ordinary word containing the search substring."
"frontend","src/app/(dashboard)/dashboard/analytics/page.tsx","250","old","Current typography, field placeholder, threshold, coordination/storage or ordinary word containing the search substring."
"frontend","src/app/(dashboard)/dashboard/analytics/page.tsx","255","old","Current typography, field placeholder, threshold, coordination/storage or ordinary word containing the search substring."
"frontend","src/app/(dashboard)/dashboard/analytics/page.tsx","256","old","Current typography, field placeholder, threshold, coordination/storage or ordinary word containing the search substring."
"frontend","src/app/(dashboard)/dashboard/analytics/page.tsx","292","old","Current typography, field placeholder, threshold, coordination/storage or ordinary word containing the search substring."
"frontend","src/app/(dashboard)/dashboard/analytics/page.tsx","297","old","Current typography, field placeholder, threshold, coordination/storage or ordinary word containing the search substring."
"frontend","src/app/(dashboard)/dashboard/analytics/page.tsx","301","old","Current typography, field placeholder, threshold, coordination/storage or ordinary word containing the search substring."
"frontend","src/app/(dashboard)/dashboard/analytics/page.tsx","306","old","Current typography, field placeholder, threshold, coordination/storage or ordinary word containing the search substring."
"frontend","src/app/(dashboard)/dashboard/analytics/page.tsx","307","old","Current typography, field placeholder, threshold, coordination/storage or ordinary word containing the search substring."
"frontend","src/app/(dashboard)/dashboard/analytics/page.tsx","328","old","Current typography, field placeholder, threshold, coordination/storage or ordinary word containing the search substring."
"frontend","src/app/(dashboard)/dashboard/analytics/page.tsx","334","old","Current typography, field placeholder, threshold, coordination/storage or ordinary word containing the search substring."
"frontend","src/app/(dashboard)/dashboard/analytics/page.tsx","338","old","Current typography, field placeholder, threshold, coordination/storage or ordinary word containing the search substring."
"frontend","src/app/(dashboard)/dashboard/analytics/page.tsx","342","old","Current typography, field placeholder, threshold, coordination/storage or ordinary word containing the search substring."
"frontend","src/app/(dashboard)/dashboard/analytics/page.tsx","346","old","Current typography, field placeholder, threshold, coordination/storage or ordinary word containing the search substring."
"frontend","src/app/(dashboard)/dashboard/analytics/page.tsx","349","old","Current typography, field placeholder, threshold, coordination/storage or ordinary word containing the search substring."
"frontend","src/app/(dashboard)/dashboard/analytics/page.tsx","350","old","Current typography, field placeholder, threshold, coordination/storage or ordinary word containing the search substring."
"frontend","src/app/(dashboard)/dashboard/appointments/page.tsx","30","old","Current typography, field placeholder, threshold, coordination/storage or ordinary word containing the search substring."
"frontend","src/app/(dashboard)/dashboard/appointments/page.tsx","933","old","Current typography, field placeholder, threshold, coordination/storage or ordinary word containing the search substring."
"frontend","src/app/(dashboard)/dashboard/appointments/page.tsx","934","old","Current typography, field placeholder, threshold, coordination/storage or ordinary word containing the search substring."
"frontend","src/app/(dashboard)/dashboard/appointments/page.tsx","951","old","Current typography, field placeholder, threshold, coordination/storage or ordinary word containing the search substring."
"frontend","src/app/(dashboard)/dashboard/appointments/page.tsx","962","old","Current typography, field placeholder, threshold, coordination/storage or ordinary word containing the search substring."
"frontend","src/app/(dashboard)/dashboard/appointments/page.tsx","972","old","Current typography, field placeholder, threshold, coordination/storage or ordinary word containing the search substring."
"frontend","src/app/(dashboard)/dashboard/appointments/page.tsx","1016","old","Current typography, field placeholder, threshold, coordination/storage or ordinary word containing the search substring."
"frontend","src/app/(dashboard)/dashboard/appointments/page.tsx","1022","old","Current typography, field placeholder, threshold, coordination/storage or ordinary word containing the search substring."
"frontend","src/app/(dashboard)/dashboard/appointments/page.tsx","1024","old","Current typography, field placeholder, threshold, coordination/storage or ordinary word containing the search substring."
"frontend","src/app/(dashboard)/dashboard/appointments/page.tsx","1035","old","Current typography, field placeholder, threshold, coordination/storage or ordinary word containing the search substring."
"frontend","src/app/(dashboard)/dashboard/appointments/page.tsx","1037","old","Current typography, field placeholder, threshold, coordination/storage or ordinary word containing the search substring."
"frontend","src/app/(dashboard)/dashboard/appointments/page.tsx","1051","old","Current typography, field placeholder, threshold, coordination/storage or ordinary word containing the search substring."
"frontend","src/app/(dashboard)/dashboard/appointments/page.tsx","1070","old","Current typography, field placeholder, threshold, coordination/storage or ordinary word containing the search substring."
"frontend","src/app/(dashboard)/dashboard/appointments/page.tsx","1081","old","Current typography, field placeholder, threshold, coordination/storage or ordinary word containing the search substring."
"frontend","src/app/(dashboard)/dashboard/appointments/page.tsx","1091","old","Current typography, field placeholder, threshold, coordination/storage or ordinary word containing the search substring."
"frontend","src/app/(dashboard)/dashboard/appointments/page.tsx","1108","old","Current typography, field placeholder, threshold, coordination/storage or ordinary word containing the search substring."
"frontend","src/app/(dashboard)/dashboard/appointments/page.tsx","1137","old","Current typography, field placeholder, threshold, coordination/storage or ordinary word containing the search substring."
"frontend","src/app/(dashboard)/dashboard/appointments/page.tsx","1143","old","Current typography, field placeholder, threshold, coordination/storage or ordinary word containing the search substring."
"frontend","src/app/(dashboard)/dashboard/appointments/page.tsx","1152","old","Current typography, field placeholder, threshold, coordination/storage or ordinary word containing the search substring."
"frontend","src/app/(dashboard)/dashboard/appointments/page.tsx","1165","old","Current typography, field placeholder, threshold, coordination/storage or ordinary word containing the search substring."
"frontend","src/app/(dashboard)/dashboard/appointments/page.tsx","1175","old","Current typography, field placeholder, threshold, coordination/storage or ordinary word containing the search substring."
"frontend","src/app/(dashboard)/dashboard/appointments/page.tsx","1204","old","Current typography, field placeholder, threshold, coordination/storage or ordinary word containing the search substring."
"frontend","src/app/(dashboard)/dashboard/appointments/page.tsx","1216","old","Current typography, field placeholder, threshold, coordination/storage or ordinary word containing the search substring."
"frontend","src/app/(dashboard)/dashboard/appointments/page.tsx","1250","old","Current typography, field placeholder, threshold, coordination/storage or ordinary word containing the search substring."
"frontend","src/app/(dashboard)/dashboard/appointments/page.tsx","1264","old","Current typography, field placeholder, threshold, coordination/storage or ordinary word containing the search substring."
"frontend","src/app/(dashboard)/dashboard/appointments/page.tsx","1293","old","Current typography, field placeholder, threshold, coordination/storage or ordinary word containing the search substring."
"frontend","src/app/(dashboard)/dashboard/appointments/page.tsx","1319","old","Current typography, field placeholder, threshold, coordination/storage or ordinary word containing the search substring."
"frontend","src/app/(dashboard)/dashboard/appointments/page.tsx","1334","old","Current typography, field placeholder, threshold, coordination/storage or ordinary word containing the search substring."
"frontend","src/app/(dashboard)/dashboard/appointments/page.tsx","1355","old","Current typography, field placeholder, threshold, coordination/storage or ordinary word containing the search substring."
"frontend","src/app/(dashboard)/dashboard/appointments/page.tsx","1419","old","Current typography, field placeholder, threshold, coordination/storage or ordinary word containing the search substring."
"frontend","src/app/(dashboard)/dashboard/appointments/page.tsx","1424","old","Current typography, field placeholder, threshold, coordination/storage or ordinary word containing the search substring."
"frontend","src/app/(dashboard)/dashboard/appointments/page.tsx","1430","old","Current typography, field placeholder, threshold, coordination/storage or ordinary word containing the search substring."
"frontend","src/app/(dashboard)/dashboard/appointments/page.tsx","1443","old","Current typography, field placeholder, threshold, coordination/storage or ordinary word containing the search substring."
"frontend","src/app/(dashboard)/dashboard/appointments/page.tsx","1448","old","Current typography, field placeholder, threshold, coordination/storage or ordinary word containing the search substring."
"frontend","src/app/(dashboard)/dashboard/appointments/page.tsx","1459","old","Current typography, field placeholder, threshold, coordination/storage or ordinary word containing the search substring."
"frontend","src/app/(dashboard)/dashboard/appointments/page.tsx","1471","old","Current typography, field placeholder, threshold, coordination/storage or ordinary word containing the search substring."
"frontend","src/app/(dashboard)/dashboard/appointments/page.tsx","1476","old","Current typography, field placeholder, threshold, coordination/storage or ordinary word containing the search substring."
"frontend","src/app/(dashboard)/dashboard/appointments/page.tsx","1511","old","Current typography, field placeholder, threshold, coordination/storage or ordinary word containing the search substring."
"frontend","src/app/(dashboard)/dashboard/appointments/page.tsx","1521","old","Current typography, field placeholder, threshold, coordination/storage or ordinary word containing the search substring."
"frontend","src/app/(dashboard)/dashboard/appointments/page.tsx","1528","old","Current typography, field placeholder, threshold, coordination/storage or ordinary word containing the search substring."
"frontend","src/app/(dashboard)/dashboard/appointments/page.tsx","1536","old","Current typography, field placeholder, threshold, coordination/storage or ordinary word containing the search substring."
"frontend","src/app/(dashboard)/dashboard/appointments/page.tsx","1542","old","Current typography, field placeholder, threshold, coordination/storage or ordinary word containing the search substring."
"frontend","src/app/(dashboard)/dashboard/appointments/page.tsx","1549","old","Current typography, field placeholder, threshold, coordination/storage or ordinary word containing the search substring."
"frontend","src/app/(dashboard)/dashboard/appointments/page.tsx","1558","old","Current typography, field placeholder, threshold, coordination/storage or ordinary word containing the search substring."
"frontend","src/app/(dashboard)/dashboard/appointments/page.tsx","1600","old","Current typography, field placeholder, threshold, coordination/storage or ordinary word containing the search substring."
"frontend","src/app/(dashboard)/dashboard/appointments/page.tsx","1612","old","Current typography, field placeholder, threshold, coordination/storage or ordinary word containing the search substring."
"frontend","src/app/(dashboard)/dashboard/appointments/page.tsx","1640","old","Current typography, field placeholder, threshold, coordination/storage or ordinary word containing the search substring."
"frontend","src/app/(dashboard)/dashboard/appointments/page.tsx","1641","old","Current typography, field placeholder, threshold, coordination/storage or ordinary word containing the search substring."
"frontend","src/app/(dashboard)/dashboard/appointments/page.tsx","1647","old","Current typography, field placeholder, threshold, coordination/storage or ordinary word containing the search substring."
"frontend","src/app/(dashboard)/dashboard/appointments/page.tsx","1659","old","Current typography, field placeholder, threshold, coordination/storage or ordinary word containing the search substring."
"frontend","src/app/(dashboard)/dashboard/appointments/page.tsx","1668","old","Current typography, field placeholder, threshold, coordination/storage or ordinary word containing the search substring."
"frontend","src/app/(dashboard)/dashboard/appointments/page.tsx","1697","old","Current typography, field placeholder, threshold, coordination/storage or ordinary word containing the search substring."
"frontend","src/app/(dashboard)/dashboard/appointments/page.tsx","1732","old","Current typography, field placeholder, threshold, coordination/storage or ordinary word containing the search substring."
"frontend","src/app/(dashboard)/dashboard/appointments/page.tsx","1751","old","Current typography, field placeholder, threshold, coordination/storage or ordinary word containing the search substring."
"frontend","src/app/(dashboard)/dashboard/appointments/page.tsx","1769","old","Current typography, field placeholder, threshold, coordination/storage or ordinary word containing the search substring."
"frontend","src/app/(dashboard)/dashboard/appointments/page.tsx","1809","old","Current typography, field placeholder, threshold, coordination/storage or ordinary word containing the search substring."
"frontend","src/app/(dashboard)/dashboard/appointments/page.tsx","1812","old","Current typography, field placeholder, threshold, coordination/storage or ordinary word containing the search substring."
"frontend","src/app/(dashboard)/dashboard/appointments/page.tsx","1817","old","Current typography, field placeholder, threshold, coordination/storage or ordinary word containing the search substring."
"frontend","src/app/(dashboard)/dashboard/appointments/page.tsx","1826","old","Current typography, field placeholder, threshold, coordination/storage or ordinary word containing the search substring."
"frontend","src/app/(dashboard)/dashboard/appointments/page.tsx","1835","old","Current typography, field placeholder, threshold, coordination/storage or ordinary word containing the search substring."
"frontend","src/app/(dashboard)/dashboard/appointments/page.tsx","1839","old","Current typography, field placeholder, threshold, coordination/storage or ordinary word containing the search substring."
"frontend","src/app/(dashboard)/dashboard/appointments/page.tsx","1843","old","Current typography, field placeholder, threshold, coordination/storage or ordinary word containing the search substring."
"frontend","src/app/(dashboard)/dashboard/appointments/page.tsx","1847","old","Current typography, field placeholder, threshold, coordination/storage or ordinary word containing the search substring."
"frontend","src/app/(dashboard)/dashboard/appointments/page.tsx","1891","old","Current typography, field placeholder, threshold, coordination/storage or ordinary word containing the search substring."
"frontend","src/app/(dashboard)/dashboard/appointments/page.tsx","2050","old","Current typography, field placeholder, threshold, coordination/storage or ordinary word containing the search substring."
"frontend","src/app/(dashboard)/dashboard/appointments/page.tsx","2058","old","Current typography, field placeholder, threshold, coordination/storage or ordinary word containing the search substring."
"frontend","src/app/(dashboard)/dashboard/appointments/page.tsx","2066","old","Current typography, field placeholder, threshold, coordination/storage or ordinary word containing the search substring."
"frontend","src/app/(dashboard)/dashboard/appointments/page.tsx","2067","old","Current typography, field placeholder, threshold, coordination/storage or ordinary word containing the search substring."
"frontend","src/app/(dashboard)/dashboard/appointments/page.tsx","2070","old","Current typography, field placeholder, threshold, coordination/storage or ordinary word containing the search substring."
"frontend","src/app/(dashboard)/dashboard/appointments/page.tsx","2071","old","Current typography, field placeholder, threshold, coordination/storage or ordinary word containing the search substring."
"frontend","src/app/(dashboard)/dashboard/appointments/page.tsx","2076","old","Current typography, field placeholder, threshold, coordination/storage or ordinary word containing the search substring."
"frontend","src/app/(dashboard)/dashboard/appointments/page.tsx","2086","old","Current typography, field placeholder, threshold, coordination/storage or ordinary word containing the search substring."
"frontend","src/app/(dashboard)/dashboard/appointments/page.tsx","2087","old","Current typography, field placeholder, threshold, coordination/storage or ordinary word containing the search substring."
"frontend","src/app/(dashboard)/dashboard/appointments/page.tsx","2093","old","Current typography, field placeholder, threshold, coordination/storage or ordinary word containing the search substring."
"frontend","src/app/(dashboard)/dashboard/appointments/page.tsx","2101","old","Current typography, field placeholder, threshold, coordination/storage or ordinary word containing the search substring."
"frontend","src/app/(dashboard)/dashboard/appointments/page.tsx","2104","old","Current typography, field placeholder, threshold, coordination/storage or ordinary word containing the search substring."
"frontend","src/app/(dashboard)/dashboard/appointments/page.tsx","2109","old","Current typography, field placeholder, threshold, coordination/storage or ordinary word containing the search substring."
"frontend","src/app/(dashboard)/dashboard/appointments/page.tsx","2116","old","Current typography, field placeholder, threshold, coordination/storage or ordinary word containing the search substring."
"frontend","src/app/(dashboard)/dashboard/appointments/page.tsx","2125","old","Current typography, field placeholder, threshold, coordination/storage or ordinary word containing the search substring."
"frontend","src/app/(dashboard)/dashboard/appointments/page.tsx","2155","old","Current typography, field placeholder, threshold, coordination/storage or ordinary word containing the search substring."
"frontend","src/app/(dashboard)/dashboard/appointments/page.tsx","2173","old","Current typography, field placeholder, threshold, coordination/storage or ordinary word containing the search substring."
"frontend","src/app/(dashboard)/dashboard/appointments/page.tsx","2183","old","Current typography, field placeholder, threshold, coordination/storage or ordinary word containing the search substring."
"frontend","src/app/(dashboard)/dashboard/audit/page.tsx","234","old","Previous value, response, worker claim, date or record used by current recovery, integrity or documentation; not a second domain representation."
"frontend","src/app/(dashboard)/dashboard/audit/page.tsx","287","old","Current typography, field placeholder, threshold, coordination/storage or ordinary word containing the search substring."
"frontend","src/app/(dashboard)/dashboard/audit/page.tsx","290","old","Current typography, field placeholder, threshold, coordination/storage or ordinary word containing the search substring."
"frontend","src/app/(dashboard)/dashboard/audit/page.tsx","305","old","Current typography, field placeholder, threshold, coordination/storage or ordinary word containing the search substring."
"frontend","src/app/(dashboard)/dashboard/audit/page.tsx","320","old","Current typography, field placeholder, threshold, coordination/storage or ordinary word containing the search substring."
"frontend","src/app/(dashboard)/dashboard/audit/page.tsx","355","old","Current typography, field placeholder, threshold, coordination/storage or ordinary word containing the search substring."
"frontend","src/app/(dashboard)/dashboard/audit/page.tsx","372","old","Current typography, field placeholder, threshold, coordination/storage or ordinary word containing the search substring."
"frontend","src/app/(dashboard)/dashboard/audit/page.tsx","389","old","Current typography, field placeholder, threshold, coordination/storage or ordinary word containing the search substring."
"frontend","src/app/(dashboard)/dashboard/audit/page.tsx","406","old","Current typography, field placeholder, threshold, coordination/storage or ordinary word containing the search substring."
"frontend","src/app/(dashboard)/dashboard/audit/page.tsx","451","old","Current typography, field placeholder, threshold, coordination/storage or ordinary word containing the search substring."
"frontend","src/app/(dashboard)/dashboard/audit/page.tsx","514","old","Current typography, field placeholder, threshold, coordination/storage or ordinary word containing the search substring."
"frontend","src/app/(dashboard)/dashboard/audit/page.tsx","529","old","Current typography, field placeholder, threshold, coordination/storage or ordinary word containing the search substring."
"frontend","src/app/(dashboard)/dashboard/audit/page.tsx","540","old","Current typography, field placeholder, threshold, coordination/storage or ordinary word containing the search substring."
"frontend","src/app/(dashboard)/dashboard/audit/page.tsx","550","old","Current typography, field placeholder, threshold, coordination/storage or ordinary word containing the search substring."
"frontend","src/app/(dashboard)/dashboard/audit/page.tsx","582","old","Current typography, field placeholder, threshold, coordination/storage or ordinary word containing the search substring."
"frontend","src/app/(dashboard)/dashboard/audit/page.tsx","586","old","Current typography, field placeholder, threshold, coordination/storage or ordinary word containing the search substring."
"frontend","src/app/(dashboard)/dashboard/audit/page.tsx","597","old","Current typography, field placeholder, threshold, coordination/storage or ordinary word containing the search substring."
"frontend","src/app/(dashboard)/dashboard/audit/page.tsx","601","old","Current typography, field placeholder, threshold, coordination/storage or ordinary word containing the search substring."
"frontend","src/app/(dashboard)/dashboard/audit/page.tsx","611","old","Current typography, field placeholder, threshold, coordination/storage or ordinary word containing the search substring."
"frontend","src/app/(dashboard)/dashboard/billing/page.tsx","767","old","Current typography, field placeholder, threshold, coordination/storage or ordinary word containing the search substring."
"frontend","src/app/(dashboard)/dashboard/billing/page.tsx","782","old","Current typography, field placeholder, threshold, coordination/storage or ordinary word containing the search substring."
"frontend","src/app/(dashboard)/dashboard/billing/page.tsx","783","old","Current typography, field placeholder, threshold, coordination/storage or ordinary word containing the search substring."
"frontend","src/app/(dashboard)/dashboard/billing/page.tsx","784","old","Current typography, field placeholder, threshold, coordination/storage or ordinary word containing the search substring."
"frontend","src/app/(dashboard)/dashboard/billing/page.tsx","785","old","Current typography, field placeholder, threshold, coordination/storage or ordinary word containing the search substring."
"frontend","src/app/(dashboard)/dashboard/billing/page.tsx","813","old","Current typography, field placeholder, threshold, coordination/storage or ordinary word containing the search substring."
"frontend","src/app/(dashboard)/dashboard/billing/page.tsx","818","old","Current typography, field placeholder, threshold, coordination/storage or ordinary word containing the search substring."
"frontend","src/app/(dashboard)/dashboard/billing/page.tsx","929","old","Current typography, field placeholder, threshold, coordination/storage or ordinary word containing the search substring."
"frontend","src/app/(dashboard)/dashboard/billing/page.tsx","932","old","Current typography, field placeholder, threshold, coordination/storage or ordinary word containing the search substring."
"frontend","src/app/(dashboard)/dashboard/billing/page.tsx","948","old","Current typography, field placeholder, threshold, coordination/storage or ordinary word containing the search substring."
"frontend","src/app/(dashboard)/dashboard/billing/page.tsx","959","old","Current typography, field placeholder, threshold, coordination/storage or ordinary word containing the search substring."
"frontend","src/app/(dashboard)/dashboard/billing/page.tsx","970","old","Current typography, field placeholder, threshold, coordination/storage or ordinary word containing the search substring."
"frontend","src/app/(dashboard)/dashboard/billing/page.tsx","986","old","Current typography, field placeholder, threshold, coordination/storage or ordinary word containing the search substring."
"frontend","src/app/(dashboard)/dashboard/billing/page.tsx","997","old","Current typography, field placeholder, threshold, coordination/storage or ordinary word containing the search substring."
"frontend","src/app/(dashboard)/dashboard/billing/page.tsx","1082","old","Current typography, field placeholder, threshold, coordination/storage or ordinary word containing the search substring."
"frontend","src/app/(dashboard)/dashboard/billing/page.tsx","1090","old","Current typography, field placeholder, threshold, coordination/storage or ordinary word containing the search substring."
"frontend","src/app/(dashboard)/dashboard/billing/page.tsx","1100","old","Current typography, field placeholder, threshold, coordination/storage or ordinary word containing the search substring."
"frontend","src/app/(dashboard)/dashboard/billing/page.tsx","1118","old","Current typography, field placeholder, threshold, coordination/storage or ordinary word containing the search substring."
"frontend","src/app/(dashboard)/dashboard/billing/page.tsx","1128","old","Current typography, field placeholder, threshold, coordination/storage or ordinary word containing the search substring."
"frontend","src/app/(dashboard)/dashboard/billing/page.tsx","1152","old","Current typography, field placeholder, threshold, coordination/storage or ordinary word containing the search substring."
"frontend","src/app/(dashboard)/dashboard/billing/page.tsx","1163","old","Current typography, field placeholder, threshold, coordination/storage or ordinary word containing the search substring."
"frontend","src/app/(dashboard)/dashboard/billing/page.tsx","1167","old","Current typography, field placeholder, threshold, coordination/storage or ordinary word containing the search substring."
"frontend","src/app/(dashboard)/dashboard/billing/page.tsx","1187","old","Current typography, field placeholder, threshold, coordination/storage or ordinary word containing the search substring."
"frontend","src/app/(dashboard)/dashboard/billing/page.tsx","1205","old","Current typography, field placeholder, threshold, coordination/storage or ordinary word containing the search substring."
"frontend","src/app/(dashboard)/dashboard/billing/page.tsx","1218","old","Current typography, field placeholder, threshold, coordination/storage or ordinary word containing the search substring."
"frontend","src/app/(dashboard)/dashboard/billing/page.tsx","1289","old","Current typography, field placeholder, threshold, coordination/storage or ordinary word containing the search substring."
"frontend","src/app/(dashboard)/dashboard/billing/page.tsx","1292","old","Current typography, field placeholder, threshold, coordination/storage or ordinary word containing the search substring."
"frontend","src/app/(dashboard)/dashboard/billing/page.tsx","1306","old","Current typography, field placeholder, threshold, coordination/storage or ordinary word containing the search substring."
"frontend","src/app/(dashboard)/dashboard/billing/page.tsx","1318","old","Current typography, field placeholder, threshold, coordination/storage or ordinary word containing the search substring."
"frontend","src/app/(dashboard)/dashboard/billing/page.tsx","1334","old","Current typography, field placeholder, threshold, coordination/storage or ordinary word containing the search substring."
"frontend","src/app/(dashboard)/dashboard/billing/page.tsx","1340","old","Current typography, field placeholder, threshold, coordination/storage or ordinary word containing the search substring."
"frontend","src/app/(dashboard)/dashboard/billing/page.tsx","1341","old","Current typography, field placeholder, threshold, coordination/storage or ordinary word containing the search substring."
"frontend","src/app/(dashboard)/dashboard/billing/page.tsx","1355","old","Current typography, field placeholder, threshold, coordination/storage or ordinary word containing the search substring."
"frontend","src/app/(dashboard)/dashboard/billing/page.tsx","1365","old","Current typography, field placeholder, threshold, coordination/storage or ordinary word containing the search substring."
"frontend","src/app/(dashboard)/dashboard/billing/page.tsx","1374","old","Current typography, field placeholder, threshold, coordination/storage or ordinary word containing the search substring."
"frontend","src/app/(dashboard)/dashboard/billing/page.tsx","1402","old","Current typography, field placeholder, threshold, coordination/storage or ordinary word containing the search substring."
"frontend","src/app/(dashboard)/dashboard/billing/page.tsx","1407","old","Current typography, field placeholder, threshold, coordination/storage or ordinary word containing the search substring."
"frontend","src/app/(dashboard)/dashboard/billing/page.tsx","1414","old","Current typography, field placeholder, threshold, coordination/storage or ordinary word containing the search substring."
"frontend","src/app/(dashboard)/dashboard/billing/page.tsx","1427","old","Current typography, field placeholder, threshold, coordination/storage or ordinary word containing the search substring."
"frontend","src/app/(dashboard)/dashboard/billing/page.tsx","1442","old","Current typography, field placeholder, threshold, coordination/storage or ordinary word containing the search substring."
"frontend","src/app/(dashboard)/dashboard/billing/page.tsx","1454","old","Current typography, field placeholder, threshold, coordination/storage or ordinary word containing the search substring."
"frontend","src/app/(dashboard)/dashboard/billing/page.tsx","1467","old","Current typography, field placeholder, threshold, coordination/storage or ordinary word containing the search substring."
"frontend","src/app/(dashboard)/dashboard/billing/page.tsx","1520","old","Current typography, field placeholder, threshold, coordination/storage or ordinary word containing the search substring."
"frontend","src/app/(dashboard)/dashboard/billing/page.tsx","1521","old","Current typography, field placeholder, threshold, coordination/storage or ordinary word containing the search substring."
"frontend","src/app/(dashboard)/dashboard/billing/page.tsx","1536","old","Current typography, field placeholder, threshold, coordination/storage or ordinary word containing the search substring."
"frontend","src/app/(dashboard)/dashboard/billing/page.tsx","1546","old","Current typography, field placeholder, threshold, coordination/storage or ordinary word containing the search substring."
"frontend","src/app/(dashboard)/dashboard/billing/page.tsx","1556","old","Current typography, field placeholder, threshold, coordination/storage or ordinary word containing the search substring."
"frontend","src/app/(dashboard)/dashboard/billing/page.tsx","1608","old","Current typography, field placeholder, threshold, coordination/storage or ordinary word containing the search substring."
"frontend","src/app/(dashboard)/dashboard/billing/page.tsx","1611","old","Current typography, field placeholder, threshold, coordination/storage or ordinary word containing the search substring."
"frontend","src/app/(dashboard)/dashboard/billing/page.tsx","1614","old","Current typography, field placeholder, threshold, coordination/storage or ordinary word containing the search substring."
"frontend","src/app/(dashboard)/dashboard/billing/page.tsx","1617","old","Current typography, field placeholder, threshold, coordination/storage or ordinary word containing the search substring."
"frontend","src/app/(dashboard)/dashboard/billing/page.tsx","1643","old","Current typography, field placeholder, threshold, coordination/storage or ordinary word containing the search substring."
"frontend","src/app/(dashboard)/dashboard/billing/page.tsx","1666","old","Current typography, field placeholder, threshold, coordination/storage or ordinary word containing the search substring."
"frontend","src/app/(dashboard)/dashboard/billing/page.tsx","1669","old","Current typography, field placeholder, threshold, coordination/storage or ordinary word containing the search substring."
"frontend","src/app/(dashboard)/dashboard/billing/page.tsx","1671","old","Current typography, field placeholder, threshold, coordination/storage or ordinary word containing the search substring."
"frontend","src/app/(dashboard)/dashboard/billing/page.tsx","1705","old","Current typography, field placeholder, threshold, coordination/storage or ordinary word containing the search substring."
"frontend","src/app/(dashboard)/dashboard/billing/page.tsx","1732","old","Current typography, field placeholder, threshold, coordination/storage or ordinary word containing the search substring."
"frontend","src/app/(dashboard)/dashboard/billing/page.tsx","1742","old","Current typography, field placeholder, threshold, coordination/storage or ordinary word containing the search substring."
"frontend","src/app/(dashboard)/dashboard/billing/page.tsx","1750","old","Current typography, field placeholder, threshold, coordination/storage or ordinary word containing the search substring."
"frontend","src/app/(dashboard)/dashboard/billing/page.tsx","1760","old","Current typography, field placeholder, threshold, coordination/storage or ordinary word containing the search substring."
"frontend","src/app/(dashboard)/dashboard/billing/page.tsx","1788","old","Current typography, field placeholder, threshold, coordination/storage or ordinary word containing the search substring."
"frontend","src/app/(dashboard)/dashboard/billing/page.tsx","1795","old","Current typography, field placeholder, threshold, coordination/storage or ordinary word containing the search substring."
"frontend","src/app/(dashboard)/dashboard/billing/page.tsx","1831","old","Current typography, field placeholder, threshold, coordination/storage or ordinary word containing the search substring."
"frontend","src/app/(dashboard)/dashboard/billing/page.tsx","1838","old","Current typography, field placeholder, threshold, coordination/storage or ordinary word containing the search substring."
"frontend","src/app/(dashboard)/dashboard/billing/page.tsx","1872","old","Current typography, field placeholder, threshold, coordination/storage or ordinary word containing the search substring."
"frontend","src/app/(dashboard)/dashboard/billing/page.tsx","1879","old","Current typography, field placeholder, threshold, coordination/storage or ordinary word containing the search substring."
"frontend","src/app/(dashboard)/dashboard/billing/page.tsx","1888","old","Current typography, field placeholder, threshold, coordination/storage or ordinary word containing the search substring."
"frontend","src/app/(dashboard)/dashboard/billing/page.tsx","1916","old","Current typography, field placeholder, threshold, coordination/storage or ordinary word containing the search substring."
"frontend","src/app/(dashboard)/dashboard/billing/page.tsx","1931","old","Current typography, field placeholder, threshold, coordination/storage or ordinary word containing the search substring."
"frontend","src/app/(dashboard)/dashboard/billing/page.tsx","1937","old","Current typography, field placeholder, threshold, coordination/storage or ordinary word containing the search substring."
"frontend","src/app/(dashboard)/dashboard/billing/page.tsx","1943","old","Current typography, field placeholder, threshold, coordination/storage or ordinary word containing the search substring."
"frontend","src/app/(dashboard)/dashboard/billing/page.tsx","1949","old","Current typography, field placeholder, threshold, coordination/storage or ordinary word containing the search substring."
"frontend","src/app/(dashboard)/dashboard/billing/page.tsx","1956","old","Current typography, field placeholder, threshold, coordination/storage or ordinary word containing the search substring."
"frontend","src/app/(dashboard)/dashboard/billing/page.tsx","1961","old","Current typography, field placeholder, threshold, coordination/storage or ordinary word containing the search substring."
"frontend","src/app/(dashboard)/dashboard/billing/page.tsx","1971","old","Current typography, field placeholder, threshold, coordination/storage or ordinary word containing the search substring."
"frontend","src/app/(dashboard)/dashboard/billing/page.tsx","1972","old","Current typography, field placeholder, threshold, coordination/storage or ordinary word containing the search substring."
"frontend","src/app/(dashboard)/dashboard/billing/page.tsx","1977","old","Current typography, field placeholder, threshold, coordination/storage or ordinary word containing the search substring."
"frontend","src/app/(dashboard)/dashboard/billing/page.tsx","1980","old","Current typography, field placeholder, threshold, coordination/storage or ordinary word containing the search substring."
"frontend","src/app/(dashboard)/dashboard/billing/page.tsx","2047","old","Current typography, field placeholder, threshold, coordination/storage or ordinary word containing the search substring."
"frontend","src/app/(dashboard)/dashboard/billing/page.tsx","2051","old","Current typography, field placeholder, threshold, coordination/storage or ordinary word containing the search substring."
"frontend","src/app/(dashboard)/dashboard/billing/page.tsx","2058","old","Current typography, field placeholder, threshold, coordination/storage or ordinary word containing the search substring."
"frontend","src/app/(dashboard)/dashboard/billing/page.tsx","2059","old","Current typography, field placeholder, threshold, coordination/storage or ordinary word containing the search substring."
"frontend","src/app/(dashboard)/dashboard/billing/page.tsx","2064","old","Current typography, field placeholder, threshold, coordination/storage or ordinary word containing the search substring."
"frontend","src/app/(dashboard)/dashboard/billing/page.tsx","2065","old","Current typography, field placeholder, threshold, coordination/storage or ordinary word containing the search substring."
"frontend","src/app/(dashboard)/dashboard/billing/page.tsx","2070","old","Current typography, field placeholder, threshold, coordination/storage or ordinary word containing the search substring."
"frontend","src/app/(dashboard)/dashboard/billing/page.tsx","2071","old","Current typography, field placeholder, threshold, coordination/storage or ordinary word containing the search substring."
"frontend","src/app/(dashboard)/dashboard/billing/page.tsx","2076","old","Current typography, field placeholder, threshold, coordination/storage or ordinary word containing the search substring."
"frontend","src/app/(dashboard)/dashboard/billing/page.tsx","2077","old","Current typography, field placeholder, threshold, coordination/storage or ordinary word containing the search substring."
"frontend","src/app/(dashboard)/dashboard/billing/page.tsx","2094","old","Current typography, field placeholder, threshold, coordination/storage or ordinary word containing the search substring."
"frontend","src/app/(dashboard)/dashboard/billing/page.tsx","2110","old","Current typography, field placeholder, threshold, coordination/storage or ordinary word containing the search substring."
"frontend","src/app/(dashboard)/dashboard/billing/page.tsx","2126","old","Current typography, field placeholder, threshold, coordination/storage or ordinary word containing the search substring."
"frontend","src/app/(dashboard)/dashboard/billing/page.tsx","2158","old","Current typography, field placeholder, threshold, coordination/storage or ordinary word containing the search substring."
"frontend","src/app/(dashboard)/dashboard/billing/page.tsx","2167","old","Current typography, field placeholder, threshold, coordination/storage or ordinary word containing the search substring."
"frontend","src/app/(dashboard)/dashboard/billing/page.tsx","2189","old","Current typography, field placeholder, threshold, coordination/storage or ordinary word containing the search substring."
"frontend","src/app/(dashboard)/dashboard/billing/page.tsx","2217","old","Current typography, field placeholder, threshold, coordination/storage or ordinary word containing the search substring."
"frontend","src/app/(dashboard)/dashboard/billing/page.tsx","2252","old","Current typography, field placeholder, threshold, coordination/storage or ordinary word containing the search substring."
"frontend","src/app/(dashboard)/dashboard/billing/page.tsx","2253","old","Current typography, field placeholder, threshold, coordination/storage or ordinary word containing the search substring."
"frontend","src/app/(dashboard)/dashboard/billing/page.tsx","2261","old","Current typography, field placeholder, threshold, coordination/storage or ordinary word containing the search substring."
"frontend","src/app/(dashboard)/dashboard/billing/page.tsx","2267","old","Current typography, field placeholder, threshold, coordination/storage or ordinary word containing the search substring."
"frontend","src/app/(dashboard)/dashboard/billing/page.tsx","2274","old","Current typography, field placeholder, threshold, coordination/storage or ordinary word containing the search substring."
"frontend","src/app/(dashboard)/dashboard/billing/page.tsx","2275","old","Current typography, field placeholder, threshold, coordination/storage or ordinary word containing the search substring."
"frontend","src/app/(dashboard)/dashboard/billing/page.tsx","2280","old","Current typography, field placeholder, threshold, coordination/storage or ordinary word containing the search substring."
"frontend","src/app/(dashboard)/dashboard/billing/page.tsx","2302","old","Current typography, field placeholder, threshold, coordination/storage or ordinary word containing the search substring."
"frontend","src/app/(dashboard)/dashboard/billing/page.tsx","2313","old","Current typography, field placeholder, threshold, coordination/storage or ordinary word containing the search substring."
"frontend","src/app/(dashboard)/dashboard/billing/page.tsx","2318","old","Current typography, field placeholder, threshold, coordination/storage or ordinary word containing the search substring."
"frontend","src/app/(dashboard)/dashboard/billing/page.tsx","2323","old","Current typography, field placeholder, threshold, coordination/storage or ordinary word containing the search substring."
"frontend","src/app/(dashboard)/dashboard/billing/page.tsx","2335","old","Current typography, field placeholder, threshold, coordination/storage or ordinary word containing the search substring."
"frontend","src/app/(dashboard)/dashboard/billing/page.tsx","2348","old","Current typography, field placeholder, threshold, coordination/storage or ordinary word containing the search substring."
"frontend","src/app/(dashboard)/dashboard/billing/page.tsx","2355","old","Current typography, field placeholder, threshold, coordination/storage or ordinary word containing the search substring."
"frontend","src/app/(dashboard)/dashboard/billing/page.tsx","2362","old","Current typography, field placeholder, threshold, coordination/storage or ordinary word containing the search substring."
"frontend","src/app/(dashboard)/dashboard/billing/page.tsx","2366","old","Current typography, field placeholder, threshold, coordination/storage or ordinary word containing the search substring."
"frontend","src/app/(dashboard)/dashboard/billing/page.tsx","2370","old","Current typography, field placeholder, threshold, coordination/storage or ordinary word containing the search substring."
"frontend","src/app/(dashboard)/dashboard/billing/page.tsx","2374","old","Current typography, field placeholder, threshold, coordination/storage or ordinary word containing the search substring."
"frontend","src/app/(dashboard)/dashboard/billing/page.tsx","2382","old","Current typography, field placeholder, threshold, coordination/storage or ordinary word containing the search substring."
"frontend","src/app/(dashboard)/dashboard/billing/page.tsx","2400","old","Current typography, field placeholder, threshold, coordination/storage or ordinary word containing the search substring."
"frontend","src/app/(dashboard)/dashboard/billing/page.tsx","2410","old","Current typography, field placeholder, threshold, coordination/storage or ordinary word containing the search substring."
"frontend","src/app/(dashboard)/dashboard/billing/services/page.tsx","209","old","Current typography, field placeholder, threshold, coordination/storage or ordinary word containing the search substring."
"frontend","src/app/(dashboard)/dashboard/billing/services/page.tsx","212","old","Current typography, field placeholder, threshold, coordination/storage or ordinary word containing the search substring."
"frontend","src/app/(dashboard)/dashboard/billing/services/page.tsx","228","old","Current typography, field placeholder, threshold, coordination/storage or ordinary word containing the search substring."
"frontend","src/app/(dashboard)/dashboard/billing/services/page.tsx","238","old","Current typography, field placeholder, threshold, coordination/storage or ordinary word containing the search substring."
"frontend","src/app/(dashboard)/dashboard/billing/services/page.tsx","284","old","Current typography, field placeholder, threshold, coordination/storage or ordinary word containing the search substring."
"frontend","src/app/(dashboard)/dashboard/billing/services/page.tsx","313","old","Current typography, field placeholder, threshold, coordination/storage or ordinary word containing the search substring."
"frontend","src/app/(dashboard)/dashboard/billing/services/page.tsx","326","old","Current typography, field placeholder, threshold, coordination/storage or ordinary word containing the search substring."
"frontend","src/app/(dashboard)/dashboard/billing/services/page.tsx","334","old","Current typography, field placeholder, threshold, coordination/storage or ordinary word containing the search substring."
"frontend","src/app/(dashboard)/dashboard/billing/services/page.tsx","359","old","Current typography, field placeholder, threshold, coordination/storage or ordinary word containing the search substring."
"frontend","src/app/(dashboard)/dashboard/billing/services/page.tsx","413","old","Current typography, field placeholder, threshold, coordination/storage or ordinary word containing the search substring."
"frontend","src/app/(dashboard)/dashboard/billing/services/page.tsx","426","old","Current typography, field placeholder, threshold, coordination/storage or ordinary word containing the search substring."
"frontend","src/app/(dashboard)/dashboard/billing/services/page.tsx","434","old","Current typography, field placeholder, threshold, coordination/storage or ordinary word containing the search substring."
"frontend","src/app/(dashboard)/dashboard/billing/services/page.tsx","435","old","Current typography, field placeholder, threshold, coordination/storage or ordinary word containing the search substring."
"frontend","src/app/(dashboard)/dashboard/billing/services/page.tsx","438","old","Current typography, field placeholder, threshold, coordination/storage or ordinary word containing the search substring."
"frontend","src/app/(dashboard)/dashboard/billing/services/page.tsx","439","old","Current typography, field placeholder, threshold, coordination/storage or ordinary word containing the search substring."
"frontend","src/app/(dashboard)/dashboard/billing/services/page.tsx","452","old","Current typography, field placeholder, threshold, coordination/storage or ordinary word containing the search substring."
"frontend","src/app/(dashboard)/dashboard/billing/services/page.tsx","461","old","Current typography, field placeholder, threshold, coordination/storage or ordinary word containing the search substring."
"frontend","src/app/(dashboard)/dashboard/billing/services/page.tsx","484","old","Current typography, field placeholder, threshold, coordination/storage or ordinary word containing the search substring."
"frontend","src/app/(dashboard)/dashboard/billing/services/page.tsx","492","old","Current typography, field placeholder, threshold, coordination/storage or ordinary word containing the search substring."
"frontend","src/app/(dashboard)/dashboard/billing/services/page.tsx","502","old","Current typography, field placeholder, threshold, coordination/storage or ordinary word containing the search substring."
"frontend","src/app/(dashboard)/dashboard/billing/services/page.tsx","530","old","Current typography, field placeholder, threshold, coordination/storage or ordinary word containing the search substring."
"frontend","src/app/(dashboard)/dashboard/billing/services/page.tsx","537","old","Current typography, field placeholder, threshold, coordination/storage or ordinary word containing the search substring."
"frontend","src/app/(dashboard)/dashboard/billing/services/page.tsx","557","old","Current typography, field placeholder, threshold, coordination/storage or ordinary word containing the search substring."
"frontend","src/app/(dashboard)/dashboard/bills/page.tsx","164","old","Current typography, field placeholder, threshold, coordination/storage or ordinary word containing the search substring."
"frontend","src/app/(dashboard)/dashboard/bills/page.tsx","177","old","Current typography, field placeholder, threshold, coordination/storage or ordinary word containing the search substring."
"frontend","src/app/(dashboard)/dashboard/bills/page.tsx","178","old","Current typography, field placeholder, threshold, coordination/storage or ordinary word containing the search substring."
"frontend","src/app/(dashboard)/dashboard/bills/page.tsx","179","old","Current typography, field placeholder, threshold, coordination/storage or ordinary word containing the search substring."
"frontend","src/app/(dashboard)/dashboard/bills/page.tsx","180","old","Current typography, field placeholder, threshold, coordination/storage or ordinary word containing the search substring."
"frontend","src/app/(dashboard)/dashboard/bills/page.tsx","196","old","Current typography, field placeholder, threshold, coordination/storage or ordinary word containing the search substring."
"frontend","src/app/(dashboard)/dashboard/bills/page.tsx","201","old","Current typography, field placeholder, threshold, coordination/storage or ordinary word containing the search substring."
"frontend","src/app/(dashboard)/dashboard/bills/page.tsx","220","old","Current typography, field placeholder, threshold, coordination/storage or ordinary word containing the search substring."
"frontend","src/app/(dashboard)/dashboard/bills/page.tsx","223","old","Current typography, field placeholder, threshold, coordination/storage or ordinary word containing the search substring."
"frontend","src/app/(dashboard)/dashboard/bills/page.tsx","238","old","Current typography, field placeholder, threshold, coordination/storage or ordinary word containing the search substring."
"frontend","src/app/(dashboard)/dashboard/bills/page.tsx","256","old","Current typography, field placeholder, threshold, coordination/storage or ordinary word containing the search substring."
"frontend","src/app/(dashboard)/dashboard/bills/page.tsx","264","old","Current typography, field placeholder, threshold, coordination/storage or ordinary word containing the search substring."
"frontend","src/app/(dashboard)/dashboard/bills/page.tsx","266","old","Current typography, field placeholder, threshold, coordination/storage or ordinary word containing the search substring."
"frontend","src/app/(dashboard)/dashboard/bills/page.tsx","280","old","Current typography, field placeholder, threshold, coordination/storage or ordinary word containing the search substring."
"frontend","src/app/(dashboard)/dashboard/bills/page.tsx","288","old","Current typography, field placeholder, threshold, coordination/storage or ordinary word containing the search substring."
"frontend","src/app/(dashboard)/dashboard/bills/page.tsx","295","old","Current typography, field placeholder, threshold, coordination/storage or ordinary word containing the search substring."
"frontend","src/app/(dashboard)/dashboard/bills/page.tsx","310","old","Current typography, field placeholder, threshold, coordination/storage or ordinary word containing the search substring."
"frontend","src/app/(dashboard)/dashboard/bills/page.tsx","320","old","Current typography, field placeholder, threshold, coordination/storage or ordinary word containing the search substring."
"frontend","src/app/(dashboard)/dashboard/bills/page.tsx","328","old","Current typography, field placeholder, threshold, coordination/storage or ordinary word containing the search substring."
"frontend","src/app/(dashboard)/dashboard/bills/page.tsx","329","old","Current typography, field placeholder, threshold, coordination/storage or ordinary word containing the search substring."
"frontend","src/app/(dashboard)/dashboard/bills/page.tsx","332","old","Current typography, field placeholder, threshold, coordination/storage or ordinary word containing the search substring."
"frontend","src/app/(dashboard)/dashboard/bills/page.tsx","333","old","Current typography, field placeholder, threshold, coordination/storage or ordinary word containing the search substring."
"frontend","src/app/(dashboard)/dashboard/bills/page.tsx","337","old","Current typography, field placeholder, threshold, coordination/storage or ordinary word containing the search substring."
"frontend","src/app/(dashboard)/dashboard/bills/page.tsx","338","old","Current typography, field placeholder, threshold, coordination/storage or ordinary word containing the search substring."
"frontend","src/app/(dashboard)/dashboard/bills/page.tsx","342","old","Current typography, field placeholder, threshold, coordination/storage or ordinary word containing the search substring."
"frontend","src/app/(dashboard)/dashboard/bills/page.tsx","343","old","Current typography, field placeholder, threshold, coordination/storage or ordinary word containing the search substring."
"frontend","src/app/(dashboard)/dashboard/bills/page.tsx","355","old","Current typography, field placeholder, threshold, coordination/storage or ordinary word containing the search substring."
"frontend","src/app/(dashboard)/dashboard/bills/page.tsx","368","old","Current typography, field placeholder, threshold, coordination/storage or ordinary word containing the search substring."
"frontend","src/app/(dashboard)/dashboard/bills/page.tsx","385","old","Current typography, field placeholder, threshold, coordination/storage or ordinary word containing the search substring."
"frontend","src/app/(dashboard)/dashboard/bills/page.tsx","398","old","Current typography, field placeholder, threshold, coordination/storage or ordinary word containing the search substring."
"frontend","src/app/(dashboard)/dashboard/bills/page.tsx","404","old","Current typography, field placeholder, threshold, coordination/storage or ordinary word containing the search substring."
"frontend","src/app/(dashboard)/dashboard/bills/page.tsx","406","old","Current typography, field placeholder, threshold, coordination/storage or ordinary word containing the search substring."
"frontend","src/app/(dashboard)/dashboard/bills/page.tsx","412","old","Current typography, field placeholder, threshold, coordination/storage or ordinary word containing the search substring."
"frontend","src/app/(dashboard)/dashboard/bills/page.tsx","431","old","Current typography, field placeholder, threshold, coordination/storage or ordinary word containing the search substring."
"frontend","src/app/(dashboard)/dashboard/bills/page.tsx","437","old","Current typography, field placeholder, threshold, coordination/storage or ordinary word containing the search substring."
"frontend","src/app/(dashboard)/dashboard/consultations/[id]/ConsultationClientWorkspace.tsx","192","old","Current typography, field placeholder, threshold, coordination/storage or ordinary word containing the search substring."
"frontend","src/app/(dashboard)/dashboard/consultations/[id]/ConsultationClientWorkspace.tsx","201","old","Current typography, field placeholder, threshold, coordination/storage or ordinary word containing the search substring."
"frontend","src/app/(dashboard)/dashboard/consultations/page.tsx","223","old","Current typography, field placeholder, threshold, coordination/storage or ordinary word containing the search substring."
"frontend","src/app/(dashboard)/dashboard/consultations/page.tsx","226","old","Current typography, field placeholder, threshold, coordination/storage or ordinary word containing the search substring."
"frontend","src/app/(dashboard)/dashboard/consultations/page.tsx","241","old","Current typography, field placeholder, threshold, coordination/storage or ordinary word containing the search substring."
"frontend","src/app/(dashboard)/dashboard/consultations/page.tsx","252","old","Current typography, field placeholder, threshold, coordination/storage or ordinary word containing the search substring."
"frontend","src/app/(dashboard)/dashboard/consultations/page.tsx","312","old","Current typography, field placeholder, threshold, coordination/storage or ordinary word containing the search substring."
"frontend","src/app/(dashboard)/dashboard/consultations/page.tsx","314","old","Current typography, field placeholder, threshold, coordination/storage or ordinary word containing the search substring."
"frontend","src/app/(dashboard)/dashboard/consultations/page.tsx","321","old","Current typography, field placeholder, threshold, coordination/storage or ordinary word containing the search substring."
"frontend","src/app/(dashboard)/dashboard/consultations/page.tsx","338","old","Current typography, field placeholder, threshold, coordination/storage or ordinary word containing the search substring."
"frontend","src/app/(dashboard)/dashboard/consultations/page.tsx","342","old","Current typography, field placeholder, threshold, coordination/storage or ordinary word containing the search substring."
"frontend","src/app/(dashboard)/dashboard/consultations/page.tsx","359","old","Current typography, field placeholder, threshold, coordination/storage or ordinary word containing the search substring."
"frontend","src/app/(dashboard)/dashboard/consultations/page.tsx","370","old","Current typography, field placeholder, threshold, coordination/storage or ordinary word containing the search substring."
"frontend","src/app/(dashboard)/dashboard/consultations/page.tsx","400","old","Current typography, field placeholder, threshold, coordination/storage or ordinary word containing the search substring."
"frontend","src/app/(dashboard)/dashboard/consultations/page.tsx","409","old","Current typography, field placeholder, threshold, coordination/storage or ordinary word containing the search substring."
"frontend","src/app/(dashboard)/dashboard/consultations/page.tsx","415","old","Current typography, field placeholder, threshold, coordination/storage or ordinary word containing the search substring."
"frontend","src/app/(dashboard)/dashboard/consultations/page.tsx","431","old","Current typography, field placeholder, threshold, coordination/storage or ordinary word containing the search substring."
"frontend","src/app/(dashboard)/dashboard/consultations/page.tsx","438","old","Current typography, field placeholder, threshold, coordination/storage or ordinary word containing the search substring."
"frontend","src/app/(dashboard)/dashboard/consultations/page.tsx","453","old","Current typography, field placeholder, threshold, coordination/storage or ordinary word containing the search substring."
"frontend","src/app/(dashboard)/dashboard/consultations/page.tsx","511","old","Current typography, field placeholder, threshold, coordination/storage or ordinary word containing the search substring."
"frontend","src/app/(dashboard)/dashboard/consultations/page.tsx","526","old","Current typography, field placeholder, threshold, coordination/storage or ordinary word containing the search substring."
"frontend","src/app/(dashboard)/dashboard/feedback/page.tsx","218","old","Current typography, field placeholder, threshold, coordination/storage or ordinary word containing the search substring."
"frontend","src/app/(dashboard)/dashboard/feedback/page.tsx","221","old","Current typography, field placeholder, threshold, coordination/storage or ordinary word containing the search substring."
"frontend","src/app/(dashboard)/dashboard/feedback/page.tsx","235","old","Current typography, field placeholder, threshold, coordination/storage or ordinary word containing the search substring."
"frontend","src/app/(dashboard)/dashboard/feedback/page.tsx","278","old","Current typography, field placeholder, threshold, coordination/storage or ordinary word containing the search substring."
"frontend","src/app/(dashboard)/dashboard/feedback/page.tsx","285","old","Current typography, field placeholder, threshold, coordination/storage or ordinary word containing the search substring."
"frontend","src/app/(dashboard)/dashboard/feedback/page.tsx","296","old","Current typography, field placeholder, threshold, coordination/storage or ordinary word containing the search substring."
"frontend","src/app/(dashboard)/dashboard/feedback/page.tsx","303","old","Current typography, field placeholder, threshold, coordination/storage or ordinary word containing the search substring."
"frontend","src/app/(dashboard)/dashboard/feedback/page.tsx","314","old","Current typography, field placeholder, threshold, coordination/storage or ordinary word containing the search substring."
"frontend","src/app/(dashboard)/dashboard/feedback/page.tsx","321","old","Current typography, field placeholder, threshold, coordination/storage or ordinary word containing the search substring."
"frontend","src/app/(dashboard)/dashboard/feedback/page.tsx","335","old","Current typography, field placeholder, threshold, coordination/storage or ordinary word containing the search substring."
"frontend","src/app/(dashboard)/dashboard/feedback/page.tsx","349","old","Current typography, field placeholder, threshold, coordination/storage or ordinary word containing the search substring."
"frontend","src/app/(dashboard)/dashboard/feedback/page.tsx","375","old","Current typography, field placeholder, threshold, coordination/storage or ordinary word containing the search substring."
"frontend","src/app/(dashboard)/dashboard/feedback/page.tsx","379","old","Current typography, field placeholder, threshold, coordination/storage or ordinary word containing the search substring."
"frontend","src/app/(dashboard)/dashboard/feedback/page.tsx","387","old","Current typography, field placeholder, threshold, coordination/storage or ordinary word containing the search substring."
"frontend","src/app/(dashboard)/dashboard/feedback/page.tsx","437","old","Current typography, field placeholder, threshold, coordination/storage or ordinary word containing the search substring."
"frontend","src/app/(dashboard)/dashboard/feedback/page.tsx","461","old","Current typography, field placeholder, threshold, coordination/storage or ordinary word containing the search substring."
"frontend","src/app/(dashboard)/dashboard/feedback/page.tsx","479","old","Current typography, field placeholder, threshold, coordination/storage or ordinary word containing the search substring."
"frontend","src/app/(dashboard)/dashboard/feedback/page.tsx","497","old","Current typography, field placeholder, threshold, coordination/storage or ordinary word containing the search substring."
"frontend","src/app/(dashboard)/dashboard/feedback/page.tsx","541","old","Current typography, field placeholder, threshold, coordination/storage or ordinary word containing the search substring."
"frontend","src/app/(dashboard)/dashboard/feedback/page.tsx","549","old","Current typography, field placeholder, threshold, coordination/storage or ordinary word containing the search substring."
"frontend","src/app/(dashboard)/dashboard/insurance/page.tsx","432","old","Current typography, field placeholder, threshold, coordination/storage or ordinary word containing the search substring."
"frontend","src/app/(dashboard)/dashboard/insurance/page.tsx","451","old","Current typography, field placeholder, threshold, coordination/storage or ordinary word containing the search substring."
"frontend","src/app/(dashboard)/dashboard/insurance/page.tsx","454","old","Current typography, field placeholder, threshold, coordination/storage or ordinary word containing the search substring."
"frontend","src/app/(dashboard)/dashboard/insurance/page.tsx","469","old","Current typography, field placeholder, threshold, coordination/storage or ordinary word containing the search substring."
"frontend","src/app/(dashboard)/dashboard/insurance/page.tsx","480","old","Current typography, field placeholder, threshold, coordination/storage or ordinary word containing the search substring."
"frontend","src/app/(dashboard)/dashboard/insurance/page.tsx","490","old","Current typography, field placeholder, threshold, coordination/storage or ordinary word containing the search substring."
"frontend","src/app/(dashboard)/dashboard/insurance/page.tsx","512","old","Current typography, field placeholder, threshold, coordination/storage or ordinary word containing the search substring."
"frontend","src/app/(dashboard)/dashboard/insurance/page.tsx","514","old","Current typography, field placeholder, threshold, coordination/storage or ordinary word containing the search substring."
"frontend","src/app/(dashboard)/dashboard/insurance/page.tsx","520","old","Current typography, field placeholder, threshold, coordination/storage or ordinary word containing the search substring."
"frontend","src/app/(dashboard)/dashboard/insurance/page.tsx","533","old","Current typography, field placeholder, threshold, coordination/storage or ordinary word containing the search substring."
"frontend","src/app/(dashboard)/dashboard/insurance/page.tsx","535","old","Current typography, field placeholder, threshold, coordination/storage or ordinary word containing the search substring."
"frontend","src/app/(dashboard)/dashboard/insurance/page.tsx","541","old","Current typography, field placeholder, threshold, coordination/storage or ordinary word containing the search substring."
"frontend","src/app/(dashboard)/dashboard/insurance/page.tsx","613","old","Current typography, field placeholder, threshold, coordination/storage or ordinary word containing the search substring."
"frontend","src/app/(dashboard)/dashboard/insurance/page.tsx","628","old","Current typography, field placeholder, threshold, coordination/storage or ordinary word containing the search substring."
"frontend","src/app/(dashboard)/dashboard/insurance/page.tsx","630","old","Current typography, field placeholder, threshold, coordination/storage or ordinary word containing the search substring."
"frontend","src/app/(dashboard)/dashboard/insurance/page.tsx","639","old","Current typography, field placeholder, threshold, coordination/storage or ordinary word containing the search substring."
"frontend","src/app/(dashboard)/dashboard/insurance/page.tsx","647","old","Current typography, field placeholder, threshold, coordination/storage or ordinary word containing the search substring."
"frontend","src/app/(dashboard)/dashboard/insurance/page.tsx","656","old","Current typography, field placeholder, threshold, coordination/storage or ordinary word containing the search substring."
"frontend","src/app/(dashboard)/dashboard/insurance/page.tsx","680","old","Current typography, field placeholder, threshold, coordination/storage or ordinary word containing the search substring."
"frontend","src/app/(dashboard)/dashboard/insurance/page.tsx","682","old","Current typography, field placeholder, threshold, coordination/storage or ordinary word containing the search substring."
"frontend","src/app/(dashboard)/dashboard/insurance/page.tsx","730","old","Current typography, field placeholder, threshold, coordination/storage or ordinary word containing the search substring."
"frontend","src/app/(dashboard)/dashboard/insurance/page.tsx","735","old","Current typography, field placeholder, threshold, coordination/storage or ordinary word containing the search substring."
"frontend","src/app/(dashboard)/dashboard/insurance/page.tsx","742","old","Current typography, field placeholder, threshold, coordination/storage or ordinary word containing the search substring."
"frontend","src/app/(dashboard)/dashboard/insurance/page.tsx","752","old","Current typography, field placeholder, threshold, coordination/storage or ordinary word containing the search substring."
"frontend","src/app/(dashboard)/dashboard/insurance/page.tsx","769","old","Current typography, field placeholder, threshold, coordination/storage or ordinary word containing the search substring."
"frontend","src/app/(dashboard)/dashboard/insurance/page.tsx","780","old","Current typography, field placeholder, threshold, coordination/storage or ordinary word containing the search substring."
"frontend","src/app/(dashboard)/dashboard/insurance/page.tsx","783","old","Current typography, field placeholder, threshold, coordination/storage or ordinary word containing the search substring."
"frontend","src/app/(dashboard)/dashboard/insurance/page.tsx","791","old","Current typography, field placeholder, threshold, coordination/storage or ordinary word containing the search substring."
"frontend","src/app/(dashboard)/dashboard/insurance/page.tsx","823","old","Current typography, field placeholder, threshold, coordination/storage or ordinary word containing the search substring."
"frontend","src/app/(dashboard)/dashboard/insurance/page.tsx","872","old","Current typography, field placeholder, threshold, coordination/storage or ordinary word containing the search substring."
"frontend","src/app/(dashboard)/dashboard/insurance/page.tsx","877","old","Current typography, field placeholder, threshold, coordination/storage or ordinary word containing the search substring."
"frontend","src/app/(dashboard)/dashboard/insurance/page.tsx","884","old","Current typography, field placeholder, threshold, coordination/storage or ordinary word containing the search substring."
"frontend","src/app/(dashboard)/dashboard/insurance/page.tsx","893","old","Current typography, field placeholder, threshold, coordination/storage or ordinary word containing the search substring."
"frontend","src/app/(dashboard)/dashboard/insurance/page.tsx","906","old","Current typography, field placeholder, threshold, coordination/storage or ordinary word containing the search substring."
"frontend","src/app/(dashboard)/dashboard/insurance/page.tsx","911","old","Current typography, field placeholder, threshold, coordination/storage or ordinary word containing the search substring."
"frontend","src/app/(dashboard)/dashboard/insurance/page.tsx","919","old","Current typography, field placeholder, threshold, coordination/storage or ordinary word containing the search substring."
"frontend","src/app/(dashboard)/dashboard/insurance/page.tsx","922","old","Current typography, field placeholder, threshold, coordination/storage or ordinary word containing the search substring."
"frontend","src/app/(dashboard)/dashboard/insurance/page.tsx","961","old","Current typography, field placeholder, threshold, coordination/storage or ordinary word containing the search substring."
"frontend","src/app/(dashboard)/dashboard/insurance/page.tsx","1026","old","Current typography, field placeholder, threshold, coordination/storage or ordinary word containing the search substring."
"frontend","src/app/(dashboard)/dashboard/insurance/page.tsx","1036","old","Current typography, field placeholder, threshold, coordination/storage or ordinary word containing the search substring."
"frontend","src/app/(dashboard)/dashboard/insurance/page.tsx","1053","old","Current typography, field placeholder, threshold, coordination/storage or ordinary word containing the search substring."
"frontend","src/app/(dashboard)/dashboard/insurance/page.tsx","1116","old","Current typography, field placeholder, threshold, coordination/storage or ordinary word containing the search substring."
"frontend","src/app/(dashboard)/dashboard/insurance/page.tsx","1127","old","Current typography, field placeholder, threshold, coordination/storage or ordinary word containing the search substring."
"frontend","src/app/(dashboard)/dashboard/insurance/page.tsx","1138","old","Current typography, field placeholder, threshold, coordination/storage or ordinary word containing the search substring."
"frontend","src/app/(dashboard)/dashboard/insurance/page.tsx","1214","old","Current typography, field placeholder, threshold, coordination/storage or ordinary word containing the search substring."
"frontend","src/app/(dashboard)/dashboard/insurance/page.tsx","1224","old","Current typography, field placeholder, threshold, coordination/storage or ordinary word containing the search substring."
"frontend","src/app/(dashboard)/dashboard/insurance/page.tsx","1256","old","Current typography, field placeholder, threshold, coordination/storage or ordinary word containing the search substring."
"frontend","src/app/(dashboard)/dashboard/insurance/page.tsx","1260","old","Current typography, field placeholder, threshold, coordination/storage or ordinary word containing the search substring."
"frontend","src/app/(dashboard)/dashboard/insurance/page.tsx","1314","old","Current typography, field placeholder, threshold, coordination/storage or ordinary word containing the search substring."
"frontend","src/app/(dashboard)/dashboard/laboratory/page.tsx","381","old","Current typography, field placeholder, threshold, coordination/storage or ordinary word containing the search substring."
"frontend","src/app/(dashboard)/dashboard/laboratory/page.tsx","416","old","Current typography, field placeholder, threshold, coordination/storage or ordinary word containing the search substring."
"frontend","src/app/(dashboard)/dashboard/laboratory/page.tsx","419","old","Current typography, field placeholder, threshold, coordination/storage or ordinary word containing the search substring."
"frontend","src/app/(dashboard)/dashboard/laboratory/page.tsx","436","old","Current typography, field placeholder, threshold, coordination/storage or ordinary word containing the search substring."
"frontend","src/app/(dashboard)/dashboard/laboratory/page.tsx","457","old","Current typography, field placeholder, threshold, coordination/storage or ordinary word containing the search substring."
"frontend","src/app/(dashboard)/dashboard/laboratory/page.tsx","467","old","Current typography, field placeholder, threshold, coordination/storage or ordinary word containing the search substring."
"frontend","src/app/(dashboard)/dashboard/laboratory/page.tsx","519","old","Current typography, field placeholder, threshold, coordination/storage or ordinary word containing the search substring."
"frontend","src/app/(dashboard)/dashboard/laboratory/page.tsx","521","old","Current typography, field placeholder, threshold, coordination/storage or ordinary word containing the search substring."
"frontend","src/app/(dashboard)/dashboard/laboratory/page.tsx","527","old","Current typography, field placeholder, threshold, coordination/storage or ordinary word containing the search substring."
"frontend","src/app/(dashboard)/dashboard/laboratory/page.tsx","536","old","Current typography, field placeholder, threshold, coordination/storage or ordinary word containing the search substring."
"frontend","src/app/(dashboard)/dashboard/laboratory/page.tsx","538","old","Current typography, field placeholder, threshold, coordination/storage or ordinary word containing the search substring."
"frontend","src/app/(dashboard)/dashboard/laboratory/page.tsx","544","old","Current typography, field placeholder, threshold, coordination/storage or ordinary word containing the search substring."
"frontend","src/app/(dashboard)/dashboard/laboratory/page.tsx","609","old","Current typography, field placeholder, threshold, coordination/storage or ordinary word containing the search substring."
"frontend","src/app/(dashboard)/dashboard/laboratory/page.tsx","615","old","Current typography, field placeholder, threshold, coordination/storage or ordinary word containing the search substring."
"frontend","src/app/(dashboard)/dashboard/laboratory/page.tsx","616","old","Current typography, field placeholder, threshold, coordination/storage or ordinary word containing the search substring."
"frontend","src/app/(dashboard)/dashboard/laboratory/page.tsx","631","old","Current typography, field placeholder, threshold, coordination/storage or ordinary word containing the search substring."
"frontend","src/app/(dashboard)/dashboard/laboratory/page.tsx","666","old","Current typography, field placeholder, threshold, coordination/storage or ordinary word containing the search substring."
"frontend","src/app/(dashboard)/dashboard/laboratory/page.tsx","685","old","Current typography, field placeholder, threshold, coordination/storage or ordinary word containing the search substring."
"frontend","src/app/(dashboard)/dashboard/laboratory/page.tsx","693","old","Current typography, field placeholder, threshold, coordination/storage or ordinary word containing the search substring."
"frontend","src/app/(dashboard)/dashboard/laboratory/page.tsx","694","old","Current typography, field placeholder, threshold, coordination/storage or ordinary word containing the search substring."
"frontend","src/app/(dashboard)/dashboard/laboratory/page.tsx","704","old","Current typography, field placeholder, threshold, coordination/storage or ordinary word containing the search substring."
"frontend","src/app/(dashboard)/dashboard/laboratory/page.tsx","705","old","Current typography, field placeholder, threshold, coordination/storage or ordinary word containing the search substring."
"frontend","src/app/(dashboard)/dashboard/laboratory/page.tsx","719","old","Current typography, field placeholder, threshold, coordination/storage or ordinary word containing the search substring."
"frontend","src/app/(dashboard)/dashboard/laboratory/page.tsx","736","old","Current typography, field placeholder, threshold, coordination/storage or ordinary word containing the search substring."
"frontend","src/app/(dashboard)/dashboard/laboratory/page.tsx","746","old","Current typography, field placeholder, threshold, coordination/storage or ordinary word containing the search substring."
"frontend","src/app/(dashboard)/dashboard/laboratory/page.tsx","781","old","Current typography, field placeholder, threshold, coordination/storage or ordinary word containing the search substring."
"frontend","src/app/(dashboard)/dashboard/laboratory/page.tsx","785","old","Current typography, field placeholder, threshold, coordination/storage or ordinary word containing the search substring."
"frontend","src/app/(dashboard)/dashboard/laboratory/page.tsx","825","old","Current typography, field placeholder, threshold, coordination/storage or ordinary word containing the search substring."
"frontend","src/app/(dashboard)/dashboard/laboratory/page.tsx","828","old","Current typography, field placeholder, threshold, coordination/storage or ordinary word containing the search substring."
"frontend","src/app/(dashboard)/dashboard/laboratory/page.tsx","835","old","Current typography, field placeholder, threshold, coordination/storage or ordinary word containing the search substring."
"frontend","src/app/(dashboard)/dashboard/laboratory/page.tsx","836","old","Current typography, field placeholder, threshold, coordination/storage or ordinary word containing the search substring."
"frontend","src/app/(dashboard)/dashboard/laboratory/page.tsx","839","old","Current typography, field placeholder, threshold, coordination/storage or ordinary word containing the search substring."
"frontend","src/app/(dashboard)/dashboard/laboratory/page.tsx","840","old","Current typography, field placeholder, threshold, coordination/storage or ordinary word containing the search substring."
"frontend","src/app/(dashboard)/dashboard/laboratory/page.tsx","844","old","Current typography, field placeholder, threshold, coordination/storage or ordinary word containing the search substring."
"frontend","src/app/(dashboard)/dashboard/laboratory/page.tsx","865","old","Current typography, field placeholder, threshold, coordination/storage or ordinary word containing the search substring."
"frontend","src/app/(dashboard)/dashboard/laboratory/page.tsx","873","old","Current typography, field placeholder, threshold, coordination/storage or ordinary word containing the search substring."
"frontend","src/app/(dashboard)/dashboard/laboratory/page.tsx","890","old","Current typography, field placeholder, threshold, coordination/storage or ordinary word containing the search substring."
"frontend","src/app/(dashboard)/dashboard/laboratory/page.tsx","909","old","Current typography, field placeholder, threshold, coordination/storage or ordinary word containing the search substring."
"frontend","src/app/(dashboard)/dashboard/laboratory/page.tsx","912","old","Current typography, field placeholder, threshold, coordination/storage or ordinary word containing the search substring."
"frontend","src/app/(dashboard)/dashboard/laboratory/page.tsx","926","old","Current typography, field placeholder, threshold, coordination/storage or ordinary word containing the search substring."
"frontend","src/app/(dashboard)/dashboard/laboratory/page.tsx","948","old","Current typography, field placeholder, threshold, coordination/storage or ordinary word containing the search substring."
"frontend","src/app/(dashboard)/dashboard/laboratory/page.tsx","958","old","Current typography, field placeholder, threshold, coordination/storage or ordinary word containing the search substring."
"frontend","src/app/(dashboard)/dashboard/laboratory/page.tsx","973","old","Current typography, field placeholder, threshold, coordination/storage or ordinary word containing the search substring."
"frontend","src/app/(dashboard)/dashboard/laboratory/page.tsx","974","old","Current typography, field placeholder, threshold, coordination/storage or ordinary word containing the search substring."
"frontend","src/app/(dashboard)/dashboard/laboratory/page.tsx","986","old","Current typography, field placeholder, threshold, coordination/storage or ordinary word containing the search substring."
"frontend","src/app/(dashboard)/dashboard/laboratory/page.tsx","1018","old","Current typography, field placeholder, threshold, coordination/storage or ordinary word containing the search substring."
"frontend","src/app/(dashboard)/dashboard/laboratory/page.tsx","1022","old","Current typography, field placeholder, threshold, coordination/storage or ordinary word containing the search substring."
"frontend","src/app/(dashboard)/dashboard/laboratory/page.tsx","1039","old","Current typography, field placeholder, threshold, coordination/storage or ordinary word containing the search substring."
"frontend","src/app/(dashboard)/dashboard/laboratory/page.tsx","1048","old","Current typography, field placeholder, threshold, coordination/storage or ordinary word containing the search substring."
"frontend","src/app/(dashboard)/dashboard/laboratory/page.tsx","1058","old","Current typography, field placeholder, threshold, coordination/storage or ordinary word containing the search substring."
"frontend","src/app/(dashboard)/dashboard/laboratory/page.tsx","1062","old","Current typography, field placeholder, threshold, coordination/storage or ordinary word containing the search substring."
"frontend","src/app/(dashboard)/dashboard/laboratory/page.tsx","1070","old","Current typography, field placeholder, threshold, coordination/storage or ordinary word containing the search substring."
"frontend","src/app/(dashboard)/dashboard/laboratory/page.tsx","1074","old","Current typography, field placeholder, threshold, coordination/storage or ordinary word containing the search substring."
"frontend","src/app/(dashboard)/dashboard/laboratory/page.tsx","1101","old","Current typography, field placeholder, threshold, coordination/storage or ordinary word containing the search substring."
"frontend","src/app/(dashboard)/dashboard/laboratory/page.tsx","1109","old","Current typography, field placeholder, threshold, coordination/storage or ordinary word containing the search substring."
"frontend","src/app/(dashboard)/dashboard/laboratory/page.tsx","1115","old","Current typography, field placeholder, threshold, coordination/storage or ordinary word containing the search substring."
"frontend","src/app/(dashboard)/dashboard/laboratory/page.tsx","1123","old","Current typography, field placeholder, threshold, coordination/storage or ordinary word containing the search substring."
"frontend","src/app/(dashboard)/dashboard/laboratory/page.tsx","1132","old","Current typography, field placeholder, threshold, coordination/storage or ordinary word containing the search substring."
"frontend","src/app/(dashboard)/dashboard/laboratory/page.tsx","1140","old","Current typography, field placeholder, threshold, coordination/storage or ordinary word containing the search substring."
"frontend","src/app/(dashboard)/dashboard/laboratory/page.tsx","1146","old","Current typography, field placeholder, threshold, coordination/storage or ordinary word containing the search substring."
"frontend","src/app/(dashboard)/dashboard/laboratory/page.tsx","1154","old","Current typography, field placeholder, threshold, coordination/storage or ordinary word containing the search substring."
"frontend","src/app/(dashboard)/dashboard/laboratory/page.tsx","1163","old","Current typography, field placeholder, threshold, coordination/storage or ordinary word containing the search substring."
"frontend","src/app/(dashboard)/dashboard/laboratory/page.tsx","1173","old","Current typography, field placeholder, threshold, coordination/storage or ordinary word containing the search substring."
"frontend","src/app/(dashboard)/dashboard/laboratory/page.tsx","1179","old","Current typography, field placeholder, threshold, coordination/storage or ordinary word containing the search substring."
"frontend","src/app/(dashboard)/dashboard/laboratory/page.tsx","1187","old","Current typography, field placeholder, threshold, coordination/storage or ordinary word containing the search substring."
"frontend","src/app/(dashboard)/dashboard/laboratory/page.tsx","1218","old","Current typography, field placeholder, threshold, coordination/storage or ordinary word containing the search substring."
"frontend","src/app/(dashboard)/dashboard/laboratory/page.tsx","1222","old","Current typography, field placeholder, threshold, coordination/storage or ordinary word containing the search substring."
"frontend","src/app/(dashboard)/dashboard/laboratory/page.tsx","1226","old","Current typography, field placeholder, threshold, coordination/storage or ordinary word containing the search substring."
"frontend","src/app/(dashboard)/dashboard/laboratory/page.tsx","1232","old","Current typography, field placeholder, threshold, coordination/storage or ordinary word containing the search substring."
"frontend","src/app/(dashboard)/dashboard/laboratory/page.tsx","1236","old","Current typography, field placeholder, threshold, coordination/storage or ordinary word containing the search substring."
"frontend","src/app/(dashboard)/dashboard/laboratory/page.tsx","1297","old","Current typography, field placeholder, threshold, coordination/storage or ordinary word containing the search substring."
"frontend","src/app/(dashboard)/dashboard/laboratory/page.tsx","1302","old","Current typography, field placeholder, threshold, coordination/storage or ordinary word containing the search substring."
"frontend","src/app/(dashboard)/dashboard/laboratory/page.tsx","1310","old","Current typography, field placeholder, threshold, coordination/storage or ordinary word containing the search substring."
"frontend","src/app/(dashboard)/dashboard/laboratory/page.tsx","1314","old","Current typography, field placeholder, threshold, coordination/storage or ordinary word containing the search substring."
"frontend","src/app/(dashboard)/dashboard/laboratory/page.tsx","1315","old","Current typography, field placeholder, threshold, coordination/storage or ordinary word containing the search substring."
"frontend","src/app/(dashboard)/dashboard/laboratory/page.tsx","1322","old","Current typography, field placeholder, threshold, coordination/storage or ordinary word containing the search substring."
"frontend","src/app/(dashboard)/dashboard/laboratory/page.tsx","1332","old","Current typography, field placeholder, threshold, coordination/storage or ordinary word containing the search substring."
"frontend","src/app/(dashboard)/dashboard/laboratory/page.tsx","1335","old","Current typography, field placeholder, threshold, coordination/storage or ordinary word containing the search substring."
"frontend","src/app/(dashboard)/dashboard/laboratory/page.tsx","1351","old","Current typography, field placeholder, threshold, coordination/storage or ordinary word containing the search substring."
"frontend","src/app/(dashboard)/dashboard/notifications/page.tsx","254","old","Current typography, field placeholder, threshold, coordination/storage or ordinary word containing the search substring."
"frontend","src/app/(dashboard)/dashboard/notifications/page.tsx","260","old","Current typography, field placeholder, threshold, coordination/storage or ordinary word containing the search substring."
"frontend","src/app/(dashboard)/dashboard/notifications/page.tsx","269","old","Current typography, field placeholder, threshold, coordination/storage or ordinary word containing the search substring."
"frontend","src/app/(dashboard)/dashboard/notifications/page.tsx","285","old","Current typography, field placeholder, threshold, coordination/storage or ordinary word containing the search substring."
"frontend","src/app/(dashboard)/dashboard/notifications/page.tsx","292","old","Current typography, field placeholder, threshold, coordination/storage or ordinary word containing the search substring."
"frontend","src/app/(dashboard)/dashboard/notifications/page.tsx","328","old","Current typography, field placeholder, threshold, coordination/storage or ordinary word containing the search substring."
"frontend","src/app/(dashboard)/dashboard/notifications/page.tsx","398","old","Current typography, field placeholder, threshold, coordination/storage or ordinary word containing the search substring."
"frontend","src/app/(dashboard)/dashboard/notifications/page.tsx","402","old","Current typography, field placeholder, threshold, coordination/storage or ordinary word containing the search substring."
"frontend","src/app/(dashboard)/dashboard/notifications/page.tsx","406","old","Current typography, field placeholder, threshold, coordination/storage or ordinary word containing the search substring."
"frontend","src/app/(dashboard)/dashboard/notifications/page.tsx","424","old","Current typography, field placeholder, threshold, coordination/storage or ordinary word containing the search substring."
"frontend","src/app/(dashboard)/dashboard/notifications/page.tsx","435","old","Current typography, field placeholder, threshold, coordination/storage or ordinary word containing the search substring."
"frontend","src/app/(dashboard)/dashboard/notifications/page.tsx","447","old","Current typography, field placeholder, threshold, coordination/storage or ordinary word containing the search substring."
"frontend","src/app/(dashboard)/dashboard/notifications/page.tsx","466","old","Current typography, field placeholder, threshold, coordination/storage or ordinary word containing the search substring."
"frontend","src/app/(dashboard)/dashboard/notifications/page.tsx","470","old","Current typography, field placeholder, threshold, coordination/storage or ordinary word containing the search substring."
"frontend","src/app/(dashboard)/dashboard/notifications/page.tsx","541","old","Current typography, field placeholder, threshold, coordination/storage or ordinary word containing the search substring."
"frontend","src/app/(dashboard)/dashboard/notifications/page.tsx","547","old","Current typography, field placeholder, threshold, coordination/storage or ordinary word containing the search substring."
"frontend","src/app/(dashboard)/dashboard/notifications/page.tsx","564","old","Current typography, field placeholder, threshold, coordination/storage or ordinary word containing the search substring."
"frontend","src/app/(dashboard)/dashboard/notifications/page.tsx","575","old","Current typography, field placeholder, threshold, coordination/storage or ordinary word containing the search substring."
"frontend","src/app/(dashboard)/dashboard/notifications/page.tsx","586","old","Current typography, field placeholder, threshold, coordination/storage or ordinary word containing the search substring."
"frontend","src/app/(dashboard)/dashboard/notifications/page.tsx","653","old","Current typography, field placeholder, threshold, coordination/storage or ordinary word containing the search substring."
"frontend","src/app/(dashboard)/dashboard/notifications/page.tsx","673","old","Current typography, field placeholder, threshold, coordination/storage or ordinary word containing the search substring."
"frontend","src/app/(dashboard)/dashboard/notifications/page.tsx","701","old","Current typography, field placeholder, threshold, coordination/storage or ordinary word containing the search substring."
"frontend","src/app/(dashboard)/dashboard/notifications/page.tsx","718","old","Current typography, field placeholder, threshold, coordination/storage or ordinary word containing the search substring."
"frontend","src/app/(dashboard)/dashboard/notifications/page.tsx","734","old","Current typography, field placeholder, threshold, coordination/storage or ordinary word containing the search substring."
"frontend","src/app/(dashboard)/dashboard/notifications/page.tsx","749","old","Current typography, field placeholder, threshold, coordination/storage or ordinary word containing the search substring."
"frontend","src/app/(dashboard)/dashboard/notifications/page.tsx","771","old","Current typography, field placeholder, threshold, coordination/storage or ordinary word containing the search substring."
"frontend","src/app/(dashboard)/dashboard/notifications/page.tsx","788","old","Current typography, field placeholder, threshold, coordination/storage or ordinary word containing the search substring."
"frontend","src/app/(dashboard)/dashboard/notifications/page.tsx","801","old","Current typography, field placeholder, threshold, coordination/storage or ordinary word containing the search substring."
"frontend","src/app/(dashboard)/dashboard/notifications/page.tsx","816","old","Current typography, field placeholder, threshold, coordination/storage or ordinary word containing the search substring."
"frontend","src/app/(dashboard)/dashboard/notifications/page.tsx","818","old","Current typography, field placeholder, threshold, coordination/storage or ordinary word containing the search substring."
"frontend","src/app/(dashboard)/dashboard/notifications/page.tsx","826","old","Current typography, field placeholder, threshold, coordination/storage or ordinary word containing the search substring."
"frontend","src/app/(dashboard)/dashboard/notifications/page.tsx","828","old","Current typography, field placeholder, threshold, coordination/storage or ordinary word containing the search substring."
"frontend","src/app/(dashboard)/dashboard/notifications/page.tsx","837","old","Current typography, field placeholder, threshold, coordination/storage or ordinary word containing the search substring."
"frontend","src/app/(dashboard)/dashboard/notifications/page.tsx","841","old","Current typography, field placeholder, threshold, coordination/storage or ordinary word containing the search substring."
"frontend","src/app/(dashboard)/dashboard/notifications/page.tsx","853","old","Current typography, field placeholder, threshold, coordination/storage or ordinary word containing the search substring."
"frontend","src/app/(dashboard)/dashboard/notifications/page.tsx","863","old","Current typography, field placeholder, threshold, coordination/storage or ordinary word containing the search substring."
"frontend","src/app/(dashboard)/dashboard/notifications/page.tsx","888","old","Current typography, field placeholder, threshold, coordination/storage or ordinary word containing the search substring."
"frontend","src/app/(dashboard)/dashboard/notifications/page.tsx","893","old","Current typography, field placeholder, threshold, coordination/storage or ordinary word containing the search substring."
"frontend","src/app/(dashboard)/dashboard/notifications/page.tsx","897","old","Current typography, field placeholder, threshold, coordination/storage or ordinary word containing the search substring."
"frontend","src/app/(dashboard)/dashboard/notifications/page.tsx","910","old","Current typography, field placeholder, threshold, coordination/storage or ordinary word containing the search substring."
"frontend","src/app/(dashboard)/dashboard/notifications/page.tsx","926","old","Current typography, field placeholder, threshold, coordination/storage or ordinary word containing the search substring."
"frontend","src/app/(dashboard)/dashboard/page.tsx","265","old","Current typography, field placeholder, threshold, coordination/storage or ordinary word containing the search substring."
"frontend","src/app/(dashboard)/dashboard/page.tsx","280","old","Current typography, field placeholder, threshold, coordination/storage or ordinary word containing the search substring."
"frontend","src/app/(dashboard)/dashboard/page.tsx","291","old","Current typography, field placeholder, threshold, coordination/storage or ordinary word containing the search substring."
"frontend","src/app/(dashboard)/dashboard/page.tsx","303","old","Current typography, field placeholder, threshold, coordination/storage or ordinary word containing the search substring."
"frontend","src/app/(dashboard)/dashboard/page.tsx","327","old","Current typography, field placeholder, threshold, coordination/storage or ordinary word containing the search substring."
"frontend","src/app/(dashboard)/dashboard/page.tsx","334","old","Current typography, field placeholder, threshold, coordination/storage or ordinary word containing the search substring."
"frontend","src/app/(dashboard)/dashboard/page.tsx","342","old","Current typography, field placeholder, threshold, coordination/storage or ordinary word containing the search substring."
"frontend","src/app/(dashboard)/dashboard/page.tsx","348","old","Current typography, field placeholder, threshold, coordination/storage or ordinary word containing the search substring."
"frontend","src/app/(dashboard)/dashboard/page.tsx","351","old","Current typography, field placeholder, threshold, coordination/storage or ordinary word containing the search substring."
"frontend","src/app/(dashboard)/dashboard/page.tsx","354","old","Current typography, field placeholder, threshold, coordination/storage or ordinary word containing the search substring."
"frontend","src/app/(dashboard)/dashboard/page.tsx","360","old","Current typography, field placeholder, threshold, coordination/storage or ordinary word containing the search substring."
"frontend","src/app/(dashboard)/dashboard/page.tsx","372","old","Current typography, field placeholder, threshold, coordination/storage or ordinary word containing the search substring."
"frontend","src/app/(dashboard)/dashboard/page.tsx","381","old","Current typography, field placeholder, threshold, coordination/storage or ordinary word containing the search substring."
"frontend","src/app/(dashboard)/dashboard/patient-portal/page.tsx","419","old","Current typography, field placeholder, threshold, coordination/storage or ordinary word containing the search substring."
"frontend","src/app/(dashboard)/dashboard/patient-portal/page.tsx","427","old","Current typography, field placeholder, threshold, coordination/storage or ordinary word containing the search substring."
"frontend","src/app/(dashboard)/dashboard/patient-portal/page.tsx","430","old","Current typography, field placeholder, threshold, coordination/storage or ordinary word containing the search substring."
"frontend","src/app/(dashboard)/dashboard/patient-portal/page.tsx","451","old","Current typography, field placeholder, threshold, coordination/storage or ordinary word containing the search substring."
"frontend","src/app/(dashboard)/dashboard/patient-portal/page.tsx","453","old","Current typography, field placeholder, threshold, coordination/storage or ordinary word containing the search substring."
"frontend","src/app/(dashboard)/dashboard/patient-portal/page.tsx","467","old","Current typography, field placeholder, threshold, coordination/storage or ordinary word containing the search substring."
"frontend","src/app/(dashboard)/dashboard/patient-portal/page.tsx","475","old","Current typography, field placeholder, threshold, coordination/storage or ordinary word containing the search substring."
"frontend","src/app/(dashboard)/dashboard/patient-portal/page.tsx","479","old","Current typography, field placeholder, threshold, coordination/storage or ordinary word containing the search substring."
"frontend","src/app/(dashboard)/dashboard/patient-portal/page.tsx","483","old","Current typography, field placeholder, threshold, coordination/storage or ordinary word containing the search substring."
"frontend","src/app/(dashboard)/dashboard/patient-portal/page.tsx","487","old","Current typography, field placeholder, threshold, coordination/storage or ordinary word containing the search substring."
"frontend","src/app/(dashboard)/dashboard/patient-portal/page.tsx","493","old","Current typography, field placeholder, threshold, coordination/storage or ordinary word containing the search substring."
"frontend","src/app/(dashboard)/dashboard/patient-portal/page.tsx","497","old","Current typography, field placeholder, threshold, coordination/storage or ordinary word containing the search substring."
"frontend","src/app/(dashboard)/dashboard/patient-portal/page.tsx","504","old","Current typography, field placeholder, threshold, coordination/storage or ordinary word containing the search substring."
"frontend","src/app/(dashboard)/dashboard/patient-portal/page.tsx","508","old","Current typography, field placeholder, threshold, coordination/storage or ordinary word containing the search substring."
"frontend","src/app/(dashboard)/dashboard/patient-portal/page.tsx","511","old","Current typography, field placeholder, threshold, coordination/storage or ordinary word containing the search substring."
"frontend","src/app/(dashboard)/dashboard/patient-portal/page.tsx","522","old","Current typography, field placeholder, threshold, coordination/storage or ordinary word containing the search substring."
"frontend","src/app/(dashboard)/dashboard/patient-portal/page.tsx","525","old","Current typography, field placeholder, threshold, coordination/storage or ordinary word containing the search substring."
"frontend","src/app/(dashboard)/dashboard/patient-portal/page.tsx","530","old","Current typography, field placeholder, threshold, coordination/storage or ordinary word containing the search substring."
"frontend","src/app/(dashboard)/dashboard/patient-portal/page.tsx","549","old","Current typography, field placeholder, threshold, coordination/storage or ordinary word containing the search substring."
"frontend","src/app/(dashboard)/dashboard/patient-portal/page.tsx","553","old","Current typography, field placeholder, threshold, coordination/storage or ordinary word containing the search substring."
"frontend","src/app/(dashboard)/dashboard/patient-portal/page.tsx","557","old","Current typography, field placeholder, threshold, coordination/storage or ordinary word containing the search substring."
"frontend","src/app/(dashboard)/dashboard/patient-portal/page.tsx","571","old","Current typography, field placeholder, threshold, coordination/storage or ordinary word containing the search substring."
"frontend","src/app/(dashboard)/dashboard/patient-portal/page.tsx","575","old","Current typography, field placeholder, threshold, coordination/storage or ordinary word containing the search substring."
"frontend","src/app/(dashboard)/dashboard/patient-portal/page.tsx","576","old","Current typography, field placeholder, threshold, coordination/storage or ordinary word containing the search substring."
"frontend","src/app/(dashboard)/dashboard/patient-portal/page.tsx","612","old","Current typography, field placeholder, threshold, coordination/storage or ordinary word containing the search substring."
"frontend","src/app/(dashboard)/dashboard/patient-portal/page.tsx","644","old","Current typography, field placeholder, threshold, coordination/storage or ordinary word containing the search substring."
"frontend","src/app/(dashboard)/dashboard/patient-portal/page.tsx","645","old","Current typography, field placeholder, threshold, coordination/storage or ordinary word containing the search substring."
"frontend","src/app/(dashboard)/dashboard/patient-portal/page.tsx","650","old","Current typography, field placeholder, threshold, coordination/storage or ordinary word containing the search substring."
"frontend","src/app/(dashboard)/dashboard/patient-portal/page.tsx","651","old","Current typography, field placeholder, threshold, coordination/storage or ordinary word containing the search substring."
"frontend","src/app/(dashboard)/dashboard/patient-portal/page.tsx","656","old","Current typography, field placeholder, threshold, coordination/storage or ordinary word containing the search substring."
"frontend","src/app/(dashboard)/dashboard/patient-portal/page.tsx","657","old","Current typography, field placeholder, threshold, coordination/storage or ordinary word containing the search substring."
"frontend","src/app/(dashboard)/dashboard/patient-portal/page.tsx","669","old","Current typography, field placeholder, threshold, coordination/storage or ordinary word containing the search substring."
"frontend","src/app/(dashboard)/dashboard/patient-portal/page.tsx","675","old","Current typography, field placeholder, threshold, coordination/storage or ordinary word containing the search substring."
"frontend","src/app/(dashboard)/dashboard/patient-portal/page.tsx","689","old","Current typography, field placeholder, threshold, coordination/storage or ordinary word containing the search substring."
"frontend","src/app/(dashboard)/dashboard/patient-portal/page.tsx","707","old","Current typography, field placeholder, threshold, coordination/storage or ordinary word containing the search substring."
"frontend","src/app/(dashboard)/dashboard/patient-portal/page.tsx","727","old","Current typography, field placeholder, threshold, coordination/storage or ordinary word containing the search substring."
"frontend","src/app/(dashboard)/dashboard/patient-portal/page.tsx","737","old","Current typography, field placeholder, threshold, coordination/storage or ordinary word containing the search substring."
"frontend","src/app/(dashboard)/dashboard/patient-portal/page.tsx","749","old","Current typography, field placeholder, threshold, coordination/storage or ordinary word containing the search substring."
"frontend","src/app/(dashboard)/dashboard/patient-portal/page.tsx","756","old","Current typography, field placeholder, threshold, coordination/storage or ordinary word containing the search substring."
"frontend","src/app/(dashboard)/dashboard/patient-portal/page.tsx","810","old","Current typography, field placeholder, threshold, coordination/storage or ordinary word containing the search substring."
"frontend","src/app/(dashboard)/dashboard/patient-portal/page.tsx","833","old","Current typography, field placeholder, threshold, coordination/storage or ordinary word containing the search substring."
"frontend","src/app/(dashboard)/dashboard/patient-portal/page.tsx","854","old","Current typography, field placeholder, threshold, coordination/storage or ordinary word containing the search substring."
"frontend","src/app/(dashboard)/dashboard/patient-portal/page.tsx","902","old","Current typography, field placeholder, threshold, coordination/storage or ordinary word containing the search substring."
"frontend","src/app/(dashboard)/dashboard/patient-portal/page.tsx","952","old","Current typography, field placeholder, threshold, coordination/storage or ordinary word containing the search substring."
"frontend","src/app/(dashboard)/dashboard/patient-portal/page.tsx","953","old","Current typography, field placeholder, threshold, coordination/storage or ordinary word containing the search substring."
"frontend","src/app/(dashboard)/dashboard/patient-portal/page.tsx","956","old","Current typography, field placeholder, threshold, coordination/storage or ordinary word containing the search substring."
"frontend","src/app/(dashboard)/dashboard/patient-portal/page.tsx","971","old","Current typography, field placeholder, threshold, coordination/storage or ordinary word containing the search substring."
"frontend","src/app/(dashboard)/dashboard/patient-portal/page.tsx","997","old","Current typography, field placeholder, threshold, coordination/storage or ordinary word containing the search substring."
"frontend","src/app/(dashboard)/dashboard/patient-portal/page.tsx","1063","old","Current typography, field placeholder, threshold, coordination/storage or ordinary word containing the search substring."
"frontend","src/app/(dashboard)/dashboard/patients/[id]/page.tsx","194","old","Current typography, field placeholder, threshold, coordination/storage or ordinary word containing the search substring."
"frontend","src/app/(dashboard)/dashboard/patients/[id]/page.tsx","251","old","Current typography, field placeholder, threshold, coordination/storage or ordinary word containing the search substring."
"frontend","src/app/(dashboard)/dashboard/patients/[id]/page.tsx","259","old","Current typography, field placeholder, threshold, coordination/storage or ordinary word containing the search substring."
"frontend","src/app/(dashboard)/dashboard/patients/[id]/page.tsx","309","old","Current typography, field placeholder, threshold, coordination/storage or ordinary word containing the search substring."
"frontend","src/app/(dashboard)/dashboard/patients/[id]/page.tsx","318","old","Current typography, field placeholder, threshold, coordination/storage or ordinary word containing the search substring."
"frontend","src/app/(dashboard)/dashboard/patients/[id]/page.tsx","326","old","Current typography, field placeholder, threshold, coordination/storage or ordinary word containing the search substring."
"frontend","src/app/(dashboard)/dashboard/patients/[id]/page.tsx","360","old","Current typography, field placeholder, threshold, coordination/storage or ordinary word containing the search substring."
"frontend","src/app/(dashboard)/dashboard/patients/[id]/page.tsx","383","old","Current typography, field placeholder, threshold, coordination/storage or ordinary word containing the search substring."
"frontend","src/app/(dashboard)/dashboard/patients/[id]/page.tsx","392","old","Current typography, field placeholder, threshold, coordination/storage or ordinary word containing the search substring."
"frontend","src/app/(dashboard)/dashboard/patients/[id]/page.tsx","425","old","Current typography, field placeholder, threshold, coordination/storage or ordinary word containing the search substring."
"frontend","src/app/(dashboard)/dashboard/patients/[id]/page.tsx","461","old","Current typography, field placeholder, threshold, coordination/storage or ordinary word containing the search substring."
"frontend","src/app/(dashboard)/dashboard/patients/[id]/page.tsx","470","old","Current typography, field placeholder, threshold, coordination/storage or ordinary word containing the search substring."
"frontend","src/app/(dashboard)/dashboard/patients/[id]/page.tsx","500","old","Current typography, field placeholder, threshold, coordination/storage or ordinary word containing the search substring."
"frontend","src/app/(dashboard)/dashboard/patients/[id]/page.tsx","501","old","Current typography, field placeholder, threshold, coordination/storage or ordinary word containing the search substring."
"frontend","src/app/(dashboard)/dashboard/patients/[id]/page.tsx","523","old","Current typography, field placeholder, threshold, coordination/storage or ordinary word containing the search substring."
"frontend","src/app/(dashboard)/dashboard/patients/[id]/page.tsx","544","old","Current typography, field placeholder, threshold, coordination/storage or ordinary word containing the search substring."
"frontend","src/app/(dashboard)/dashboard/patients/[id]/page.tsx","553","old","Current typography, field placeholder, threshold, coordination/storage or ordinary word containing the search substring."
"frontend","src/app/(dashboard)/dashboard/patients/[id]/page.tsx","582","old","Current typography, field placeholder, threshold, coordination/storage or ordinary word containing the search substring."
"frontend","src/app/(dashboard)/dashboard/patients/[id]/page.tsx","583","old","Current typography, field placeholder, threshold, coordination/storage or ordinary word containing the search substring."
"frontend","src/app/(dashboard)/dashboard/patients/[id]/page.tsx","682","old","Current typography, field placeholder, threshold, coordination/storage or ordinary word containing the search substring."
"frontend","src/app/(dashboard)/dashboard/patients/[id]/page.tsx","688","old","Current typography, field placeholder, threshold, coordination/storage or ordinary word containing the search substring."
"frontend","src/app/(dashboard)/dashboard/patients/[id]/page.tsx","696","old","Current typography, field placeholder, threshold, coordination/storage or ordinary word containing the search substring."
"frontend","src/app/(dashboard)/dashboard/patients/[id]/page.tsx","704","old","Current typography, field placeholder, threshold, coordination/storage or ordinary word containing the search substring."
"frontend","src/app/(dashboard)/dashboard/patients/[id]/timeline/page.tsx","15","old","Current typography, field placeholder, threshold, coordination/storage or ordinary word containing the search substring."
"frontend","src/app/(dashboard)/dashboard/patients/page.tsx","249","old","Current typography, field placeholder, threshold, coordination/storage or ordinary word containing the search substring."
"frontend","src/app/(dashboard)/dashboard/patients/page.tsx","274","old","Current typography, field placeholder, threshold, coordination/storage or ordinary word containing the search substring."
"frontend","src/app/(dashboard)/dashboard/patients/page.tsx","285","old","Current typography, field placeholder, threshold, coordination/storage or ordinary word containing the search substring."
"frontend","src/app/(dashboard)/dashboard/patients/page.tsx","297","old","Current typography, field placeholder, threshold, coordination/storage or ordinary word containing the search substring."
"frontend","src/app/(dashboard)/dashboard/patients/page.tsx","317","old","Current typography, field placeholder, threshold, coordination/storage or ordinary word containing the search substring."
"frontend","src/app/(dashboard)/dashboard/patients/page.tsx","383","old","Current typography, field placeholder, threshold, coordination/storage or ordinary word containing the search substring."
"frontend","src/app/(dashboard)/dashboard/patients/page.tsx","386","old","Current typography, field placeholder, threshold, coordination/storage or ordinary word containing the search substring."
"frontend","src/app/(dashboard)/dashboard/patients/page.tsx","401","old","Current typography, field placeholder, threshold, coordination/storage or ordinary word containing the search substring."
"frontend","src/app/(dashboard)/dashboard/patients/page.tsx","414","old","Current typography, field placeholder, threshold, coordination/storage or ordinary word containing the search substring."
"frontend","src/app/(dashboard)/dashboard/patients/page.tsx","462","old","Current typography, field placeholder, threshold, coordination/storage or ordinary word containing the search substring."
"frontend","src/app/(dashboard)/dashboard/patients/page.tsx","477","old","Current typography, field placeholder, threshold, coordination/storage or ordinary word containing the search substring."
"frontend","src/app/(dashboard)/dashboard/patients/page.tsx","508","old","Current typography, field placeholder, threshold, coordination/storage or ordinary word containing the search substring."
"frontend","src/app/(dashboard)/dashboard/patients/page.tsx","513","old","Current typography, field placeholder, threshold, coordination/storage or ordinary word containing the search substring."
"frontend","src/app/(dashboard)/dashboard/patients/page.tsx","545","old","Current typography, field placeholder, threshold, coordination/storage or ordinary word containing the search substring."
"frontend","src/app/(dashboard)/dashboard/patients/page.tsx","551","old","Current typography, field placeholder, threshold, coordination/storage or ordinary word containing the search substring."
"frontend","src/app/(dashboard)/dashboard/patients/page.tsx","559","old","Current typography, field placeholder, threshold, coordination/storage or ordinary word containing the search substring."
"frontend","src/app/(dashboard)/dashboard/patients/page.tsx","568","old","Current typography, field placeholder, threshold, coordination/storage or ordinary word containing the search substring."
"frontend","src/app/(dashboard)/dashboard/patients/page.tsx","602","old","Current typography, field placeholder, threshold, coordination/storage or ordinary word containing the search substring."
"frontend","src/app/(dashboard)/dashboard/patients/page.tsx","610","old","Current typography, field placeholder, threshold, coordination/storage or ordinary word containing the search substring."
"frontend","src/app/(dashboard)/dashboard/patients/page.tsx","624","old","Current typography, field placeholder, threshold, coordination/storage or ordinary word containing the search substring."
"frontend","src/app/(dashboard)/dashboard/patients/page.tsx","633","old","Current typography, field placeholder, threshold, coordination/storage or ordinary word containing the search substring."
"frontend","src/app/(dashboard)/dashboard/patients/page.tsx","674","old","Current typography, field placeholder, threshold, coordination/storage or ordinary word containing the search substring."
"frontend","src/app/(dashboard)/dashboard/patients/page.tsx","675","old","Current typography, field placeholder, threshold, coordination/storage or ordinary word containing the search substring."
"frontend","src/app/(dashboard)/dashboard/patients/page.tsx","683","old","Current typography, field placeholder, threshold, coordination/storage or ordinary word containing the search substring."
"frontend","src/app/(dashboard)/dashboard/patients/page.tsx","693","old","Current typography, field placeholder, threshold, coordination/storage or ordinary word containing the search substring."
"frontend","src/app/(dashboard)/dashboard/patients/page.tsx","717","old","Current typography, field placeholder, threshold, coordination/storage or ordinary word containing the search substring."
"frontend","src/app/(dashboard)/dashboard/patients/page.tsx","740","old","Current typography, field placeholder, threshold, coordination/storage or ordinary word containing the search substring."
"frontend","src/app/(dashboard)/dashboard/patients/page.tsx","751","old","Current typography, field placeholder, threshold, coordination/storage or ordinary word containing the search substring."
"frontend","src/app/(dashboard)/dashboard/patients/page.tsx","758","old","Current typography, field placeholder, threshold, coordination/storage or ordinary word containing the search substring."
"frontend","src/app/(dashboard)/dashboard/patients/page.tsx","768","old","Current typography, field placeholder, threshold, coordination/storage or ordinary word containing the search substring."
"frontend","src/app/(dashboard)/dashboard/patients/page.tsx","810","old","Current typography, field placeholder, threshold, coordination/storage or ordinary word containing the search substring."
"frontend","src/app/(dashboard)/dashboard/patients/page.tsx","819","old","Current typography, field placeholder, threshold, coordination/storage or ordinary word containing the search substring."
"frontend","src/app/(dashboard)/dashboard/patients/page.tsx","825","old","Current typography, field placeholder, threshold, coordination/storage or ordinary word containing the search substring."
"frontend","src/app/(dashboard)/dashboard/patients/page.tsx","831","old","Current typography, field placeholder, threshold, coordination/storage or ordinary word containing the search substring."
"frontend","src/app/(dashboard)/dashboard/patients/page.tsx","840","old","Current typography, field placeholder, threshold, coordination/storage or ordinary word containing the search substring."
"frontend","src/app/(dashboard)/dashboard/patients/page.tsx","846","old","Current typography, field placeholder, threshold, coordination/storage or ordinary word containing the search substring."
"frontend","src/app/(dashboard)/dashboard/patients/page.tsx","853","old","Current typography, field placeholder, threshold, coordination/storage or ordinary word containing the search substring."
"frontend","src/app/(dashboard)/dashboard/patients/page.tsx","857","old","Current typography, field placeholder, threshold, coordination/storage or ordinary word containing the search substring."
"frontend","src/app/(dashboard)/dashboard/patients/page.tsx","863","old","Current typography, field placeholder, threshold, coordination/storage or ordinary word containing the search substring."
"frontend","src/app/(dashboard)/dashboard/patients/page.tsx","902","old","Current typography, field placeholder, threshold, coordination/storage or ordinary word containing the search substring."
"frontend","src/app/(dashboard)/dashboard/pharmacy/page.tsx","436","old","Current typography, field placeholder, threshold, coordination/storage or ordinary word containing the search substring."
"frontend","src/app/(dashboard)/dashboard/pharmacy/page.tsx","439","old","Current typography, field placeholder, threshold, coordination/storage or ordinary word containing the search substring."
"frontend","src/app/(dashboard)/dashboard/pharmacy/page.tsx","454","old","Current typography, field placeholder, threshold, coordination/storage or ordinary word containing the search substring."
"frontend","src/app/(dashboard)/dashboard/pharmacy/page.tsx","476","old","Current typography, field placeholder, threshold, coordination/storage or ordinary word containing the search substring."
"frontend","src/app/(dashboard)/dashboard/pharmacy/page.tsx","519","old","Current typography, field placeholder, threshold, coordination/storage or ordinary word containing the search substring."
"frontend","src/app/(dashboard)/dashboard/pharmacy/page.tsx","521","old","Current typography, field placeholder, threshold, coordination/storage or ordinary word containing the search substring."
"frontend","src/app/(dashboard)/dashboard/pharmacy/page.tsx","527","old","Current typography, field placeholder, threshold, coordination/storage or ordinary word containing the search substring."
"frontend","src/app/(dashboard)/dashboard/pharmacy/page.tsx","537","old","Current typography, field placeholder, threshold, coordination/storage or ordinary word containing the search substring."
"frontend","src/app/(dashboard)/dashboard/pharmacy/page.tsx","539","old","Current typography, field placeholder, threshold, coordination/storage or ordinary word containing the search substring."
"frontend","src/app/(dashboard)/dashboard/pharmacy/page.tsx","546","old","Current typography, field placeholder, threshold, coordination/storage or ordinary word containing the search substring."
"frontend","src/app/(dashboard)/dashboard/pharmacy/page.tsx","557","old","Current typography, field placeholder, threshold, coordination/storage or ordinary word containing the search substring."
"frontend","src/app/(dashboard)/dashboard/pharmacy/page.tsx","559","old","Current typography, field placeholder, threshold, coordination/storage or ordinary word containing the search substring."
"frontend","src/app/(dashboard)/dashboard/pharmacy/page.tsx","567","old","Current typography, field placeholder, threshold, coordination/storage or ordinary word containing the search substring."
"frontend","src/app/(dashboard)/dashboard/pharmacy/page.tsx","569","old","Current typography, field placeholder, threshold, coordination/storage or ordinary word containing the search substring."
"frontend","src/app/(dashboard)/dashboard/pharmacy/page.tsx","599","old","Current typography, field placeholder, threshold, coordination/storage or ordinary word containing the search substring."
"frontend","src/app/(dashboard)/dashboard/pharmacy/page.tsx","654","old","Current typography, field placeholder, threshold, coordination/storage or ordinary word containing the search substring."
"frontend","src/app/(dashboard)/dashboard/pharmacy/page.tsx","659","old","Current typography, field placeholder, threshold, coordination/storage or ordinary word containing the search substring."
"frontend","src/app/(dashboard)/dashboard/pharmacy/page.tsx","664","old","Current typography, field placeholder, threshold, coordination/storage or ordinary word containing the search substring."
"frontend","src/app/(dashboard)/dashboard/pharmacy/page.tsx","668","old","Current typography, field placeholder, threshold, coordination/storage or ordinary word containing the search substring."
"frontend","src/app/(dashboard)/dashboard/pharmacy/page.tsx","671","old","Current typography, field placeholder, threshold, coordination/storage or ordinary word containing the search substring."
"frontend","src/app/(dashboard)/dashboard/pharmacy/page.tsx","675","old","Current typography, field placeholder, threshold, coordination/storage or ordinary word containing the search substring."
"frontend","src/app/(dashboard)/dashboard/pharmacy/page.tsx","742","old","Current typography, field placeholder, threshold, coordination/storage or ordinary word containing the search substring."
"frontend","src/app/(dashboard)/dashboard/pharmacy/page.tsx","745","old","Current typography, field placeholder, threshold, coordination/storage or ordinary word containing the search substring."
"frontend","src/app/(dashboard)/dashboard/pharmacy/page.tsx","752","old","Current typography, field placeholder, threshold, coordination/storage or ordinary word containing the search substring."
"frontend","src/app/(dashboard)/dashboard/pharmacy/page.tsx","754","old","Current typography, field placeholder, threshold, coordination/storage or ordinary word containing the search substring."
"frontend","src/app/(dashboard)/dashboard/pharmacy/page.tsx","758","old","Current typography, field placeholder, threshold, coordination/storage or ordinary word containing the search substring."
"frontend","src/app/(dashboard)/dashboard/pharmacy/page.tsx","765","old","Current typography, field placeholder, threshold, coordination/storage or ordinary word containing the search substring."
"frontend","src/app/(dashboard)/dashboard/pharmacy/page.tsx","766","old","Current typography, field placeholder, threshold, coordination/storage or ordinary word containing the search substring."
"frontend","src/app/(dashboard)/dashboard/pharmacy/page.tsx","773","old","Current typography, field placeholder, threshold, coordination/storage or ordinary word containing the search substring."
"frontend","src/app/(dashboard)/dashboard/pharmacy/page.tsx","783","old","Current typography, field placeholder, threshold, coordination/storage or ordinary word containing the search substring."
"frontend","src/app/(dashboard)/dashboard/pharmacy/page.tsx","849","old","Current typography, field placeholder, threshold, coordination/storage or ordinary word containing the search substring."
"frontend","src/app/(dashboard)/dashboard/pharmacy/page.tsx","860","old","Current typography, field placeholder, threshold, coordination/storage or ordinary word containing the search substring."
"frontend","src/app/(dashboard)/dashboard/pharmacy/page.tsx","896","old","Current typography, field placeholder, threshold, coordination/storage or ordinary word containing the search substring."
"frontend","src/app/(dashboard)/dashboard/pharmacy/page.tsx","898","old","Current typography, field placeholder, threshold, coordination/storage or ordinary word containing the search substring."
"frontend","src/app/(dashboard)/dashboard/pharmacy/page.tsx","910","old","Current typography, field placeholder, threshold, coordination/storage or ordinary word containing the search substring."
"frontend","src/app/(dashboard)/dashboard/pharmacy/page.tsx","935","old","Current typography, field placeholder, threshold, coordination/storage or ordinary word containing the search substring."
"frontend","src/app/(dashboard)/dashboard/pharmacy/page.tsx","949","old","Current typography, field placeholder, threshold, coordination/storage or ordinary word containing the search substring."
"frontend","src/app/(dashboard)/dashboard/pharmacy/page.tsx","968","old","Current typography, field placeholder, threshold, coordination/storage or ordinary word containing the search substring."
"frontend","src/app/(dashboard)/dashboard/pharmacy/page.tsx","970","old","Current typography, field placeholder, threshold, coordination/storage or ordinary word containing the search substring."
"frontend","src/app/(dashboard)/dashboard/pharmacy/page.tsx","987","old","Current typography, field placeholder, threshold, coordination/storage or ordinary word containing the search substring."
"frontend","src/app/(dashboard)/dashboard/pharmacy/page.tsx","1001","old","Current typography, field placeholder, threshold, coordination/storage or ordinary word containing the search substring."
"frontend","src/app/(dashboard)/dashboard/pharmacy/page.tsx","1009","old","Current typography, field placeholder, threshold, coordination/storage or ordinary word containing the search substring."
"frontend","src/app/(dashboard)/dashboard/pharmacy/page.tsx","1024","old","Current typography, field placeholder, threshold, coordination/storage or ordinary word containing the search substring."
"frontend","src/app/(dashboard)/dashboard/pharmacy/page.tsx","1054","old","Current typography, field placeholder, threshold, coordination/storage or ordinary word containing the search substring."
"frontend","src/app/(dashboard)/dashboard/pharmacy/page.tsx","1070","old","Current typography, field placeholder, threshold, coordination/storage or ordinary word containing the search substring."
"frontend","src/app/(dashboard)/dashboard/pharmacy/page.tsx","1082","old","Current typography, field placeholder, threshold, coordination/storage or ordinary word containing the search substring."
"frontend","src/app/(dashboard)/dashboard/pharmacy/page.tsx","1097","old","Current typography, field placeholder, threshold, coordination/storage or ordinary word containing the search substring."
"frontend","src/app/(dashboard)/dashboard/pharmacy/page.tsx","1126","old","Current typography, field placeholder, threshold, coordination/storage or ordinary word containing the search substring."
"frontend","src/app/(dashboard)/dashboard/pharmacy/page.tsx","1141","old","Current typography, field placeholder, threshold, coordination/storage or ordinary word containing the search substring."
"frontend","src/app/(dashboard)/dashboard/pharmacy/page.tsx","1157","old","Current typography, field placeholder, threshold, coordination/storage or ordinary word containing the search substring."
"frontend","src/app/(dashboard)/dashboard/pharmacy/page.tsx","1179","old","Current typography, field placeholder, threshold, coordination/storage or ordinary word containing the search substring."
"frontend","src/app/(dashboard)/dashboard/pharmacy/page.tsx","1198","old","Current typography, field placeholder, threshold, coordination/storage or ordinary word containing the search substring."
"frontend","src/app/(dashboard)/dashboard/pharmacy/page.tsx","1210","old","Current typography, field placeholder, threshold, coordination/storage or ordinary word containing the search substring."
"frontend","src/app/(dashboard)/dashboard/pharmacy/page.tsx","1211","old","Current typography, field placeholder, threshold, coordination/storage or ordinary word containing the search substring."
"frontend","src/app/(dashboard)/dashboard/pharmacy/page.tsx","1215","old","Current typography, field placeholder, threshold, coordination/storage or ordinary word containing the search substring."
"frontend","src/app/(dashboard)/dashboard/pharmacy/page.tsx","1220","old","Current typography, field placeholder, threshold, coordination/storage or ordinary word containing the search substring."
"frontend","src/app/(dashboard)/dashboard/pharmacy/page.tsx","1239","old","Current typography, field placeholder, threshold, coordination/storage or ordinary word containing the search substring."
"frontend","src/app/(dashboard)/dashboard/pharmacy/page.tsx","1251","old","Current typography, field placeholder, threshold, coordination/storage or ordinary word containing the search substring."
"frontend","src/app/(dashboard)/dashboard/pharmacy/page.tsx","1295","old","Current typography, field placeholder, threshold, coordination/storage or ordinary word containing the search substring."
"frontend","src/app/(dashboard)/dashboard/pharmacy/page.tsx","1303","old","Current typography, field placeholder, threshold, coordination/storage or ordinary word containing the search substring."
"frontend","src/app/(dashboard)/dashboard/pharmacy/page.tsx","1310","old","Current typography, field placeholder, threshold, coordination/storage or ordinary word containing the search substring."
"frontend","src/app/(dashboard)/dashboard/queue/page.tsx","861","old","Current typography, field placeholder, threshold, coordination/storage or ordinary word containing the search substring."
"frontend","src/app/(dashboard)/dashboard/queue/page.tsx","1691","old","Current typography, field placeholder, threshold, coordination/storage or ordinary word containing the search substring."
"frontend","src/app/(dashboard)/dashboard/queue/page.tsx","1707","old","Current typography, field placeholder, threshold, coordination/storage or ordinary word containing the search substring."
"frontend","src/app/(dashboard)/dashboard/queue/page.tsx","1718","old","Current typography, field placeholder, threshold, coordination/storage or ordinary word containing the search substring."
"frontend","src/app/(dashboard)/dashboard/queue/page.tsx","1734","old","Current typography, field placeholder, threshold, coordination/storage or ordinary word containing the search substring."
"frontend","src/app/(dashboard)/dashboard/queue/page.tsx","1741","old","Current typography, field placeholder, threshold, coordination/storage or ordinary word containing the search substring."
"frontend","src/app/(dashboard)/dashboard/queue/page.tsx","1756","old","Current typography, field placeholder, threshold, coordination/storage or ordinary word containing the search substring."
"frontend","src/app/(dashboard)/dashboard/queue/page.tsx","1773","old","Current typography, field placeholder, threshold, coordination/storage or ordinary word containing the search substring."
"frontend","src/app/(dashboard)/dashboard/queue/page.tsx","1782","old","Current typography, field placeholder, threshold, coordination/storage or ordinary word containing the search substring."
"frontend","src/app/(dashboard)/dashboard/queue/page.tsx","1796","old","Current typography, field placeholder, threshold, coordination/storage or ordinary word containing the search substring."
"frontend","src/app/(dashboard)/dashboard/queue/page.tsx","1808","old","Current typography, field placeholder, threshold, coordination/storage or ordinary word containing the search substring."
"frontend","src/app/(dashboard)/dashboard/queue/page.tsx","1833","old","Current typography, field placeholder, threshold, coordination/storage or ordinary word containing the search substring."
"frontend","src/app/(dashboard)/dashboard/queue/page.tsx","1847","old","Current typography, field placeholder, threshold, coordination/storage or ordinary word containing the search substring."
"frontend","src/app/(dashboard)/dashboard/queue/page.tsx","1859","old","Current typography, field placeholder, threshold, coordination/storage or ordinary word containing the search substring."
"frontend","src/app/(dashboard)/dashboard/queue/page.tsx","1867","old","Current typography, field placeholder, threshold, coordination/storage or ordinary word containing the search substring."
"frontend","src/app/(dashboard)/dashboard/queue/page.tsx","1885","old","Current typography, field placeholder, threshold, coordination/storage or ordinary word containing the search substring."
"frontend","src/app/(dashboard)/dashboard/queue/page.tsx","1895","old","Current typography, field placeholder, threshold, coordination/storage or ordinary word containing the search substring."
"frontend","src/app/(dashboard)/dashboard/queue/page.tsx","1904","old","Current typography, field placeholder, threshold, coordination/storage or ordinary word containing the search substring."
"frontend","src/app/(dashboard)/dashboard/queue/page.tsx","1913","old","Current typography, field placeholder, threshold, coordination/storage or ordinary word containing the search substring."
"frontend","src/app/(dashboard)/dashboard/queue/page.tsx","1922","old","Current typography, field placeholder, threshold, coordination/storage or ordinary word containing the search substring."
"frontend","src/app/(dashboard)/dashboard/queue/page.tsx","1930","old","Current typography, field placeholder, threshold, coordination/storage or ordinary word containing the search substring."
"frontend","src/app/(dashboard)/dashboard/queue/page.tsx","1939","old","Current typography, field placeholder, threshold, coordination/storage or ordinary word containing the search substring."
"frontend","src/app/(dashboard)/dashboard/queue/page.tsx","1965","old","Current typography, field placeholder, threshold, coordination/storage or ordinary word containing the search substring."
"frontend","src/app/(dashboard)/dashboard/queue/page.tsx","1976","old","Current typography, field placeholder, threshold, coordination/storage or ordinary word containing the search substring."
"frontend","src/app/(dashboard)/dashboard/queue/page.tsx","1995","old","Current typography, field placeholder, threshold, coordination/storage or ordinary word containing the search substring."
"frontend","src/app/(dashboard)/dashboard/queue/page.tsx","1998","old","Current typography, field placeholder, threshold, coordination/storage or ordinary word containing the search substring."
"frontend","src/app/(dashboard)/dashboard/queue/page.tsx","2013","old","Current typography, field placeholder, threshold, coordination/storage or ordinary word containing the search substring."
"frontend","src/app/(dashboard)/dashboard/queue/page.tsx","2042","old","Current typography, field placeholder, threshold, coordination/storage or ordinary word containing the search substring."
"frontend","src/app/(dashboard)/dashboard/queue/page.tsx","2055","old","Current typography, field placeholder, threshold, coordination/storage or ordinary word containing the search substring."
"frontend","src/app/(dashboard)/dashboard/queue/page.tsx","2141","old","Current typography, field placeholder, threshold, coordination/storage or ordinary word containing the search substring."
"frontend","src/app/(dashboard)/dashboard/queue/page.tsx","2168","old","Current typography, field placeholder, threshold, coordination/storage or ordinary word containing the search substring."
"frontend","src/app/(dashboard)/dashboard/queue/page.tsx","2181","old","Current typography, field placeholder, threshold, coordination/storage or ordinary word containing the search substring."
"frontend","src/app/(dashboard)/dashboard/queue/page.tsx","2194","old","Current typography, field placeholder, threshold, coordination/storage or ordinary word containing the search substring."
"frontend","src/app/(dashboard)/dashboard/queue/page.tsx","2208","old","Current typography, field placeholder, threshold, coordination/storage or ordinary word containing the search substring."
"frontend","src/app/(dashboard)/dashboard/queue/page.tsx","2225","old","Current typography, field placeholder, threshold, coordination/storage or ordinary word containing the search substring."
"frontend","src/app/(dashboard)/dashboard/queue/page.tsx","2247","old","Current typography, field placeholder, threshold, coordination/storage or ordinary word containing the search substring."
"frontend","src/app/(dashboard)/dashboard/queue/page.tsx","2283","old","Current typography, field placeholder, threshold, coordination/storage or ordinary word containing the search substring."
"frontend","src/app/(dashboard)/dashboard/queue/page.tsx","2293","old","Current typography, field placeholder, threshold, coordination/storage or ordinary word containing the search substring."
"frontend","src/app/(dashboard)/dashboard/queue/page.tsx","2301","old","Current typography, field placeholder, threshold, coordination/storage or ordinary word containing the search substring."
"frontend","src/app/(dashboard)/dashboard/queue/page.tsx","2305","old","Current typography, field placeholder, threshold, coordination/storage or ordinary word containing the search substring."
"frontend","src/app/(dashboard)/dashboard/queue/page.tsx","2314","old","Current typography, field placeholder, threshold, coordination/storage or ordinary word containing the search substring."
"frontend","src/app/(dashboard)/dashboard/queue/page.tsx","2321","old","Current typography, field placeholder, threshold, coordination/storage or ordinary word containing the search substring."
"frontend","src/app/(dashboard)/dashboard/queue/page.tsx","2325","old","Current typography, field placeholder, threshold, coordination/storage or ordinary word containing the search substring."
"frontend","src/app/(dashboard)/dashboard/queue/page.tsx","2338","old","Current typography, field placeholder, threshold, coordination/storage or ordinary word containing the search substring."
"frontend","src/app/(dashboard)/dashboard/queue/page.tsx","2389","old","Current typography, field placeholder, threshold, coordination/storage or ordinary word containing the search substring."
"frontend","src/app/(dashboard)/dashboard/queue/page.tsx","2404","old","Current typography, field placeholder, threshold, coordination/storage or ordinary word containing the search substring."
"frontend","src/app/(dashboard)/dashboard/queue/page.tsx","2425","old","Current typography, field placeholder, threshold, coordination/storage or ordinary word containing the search substring."
"frontend","src/app/(dashboard)/dashboard/queue/page.tsx","2439","old","Current typography, field placeholder, threshold, coordination/storage or ordinary word containing the search substring."
"frontend","src/app/(dashboard)/dashboard/queue/page.tsx","2444","old","Current typography, field placeholder, threshold, coordination/storage or ordinary word containing the search substring."
"frontend","src/app/(dashboard)/dashboard/queue/page.tsx","2448","old","Current typography, field placeholder, threshold, coordination/storage or ordinary word containing the search substring."
"frontend","src/app/(dashboard)/dashboard/queue/page.tsx","2458","old","Current typography, field placeholder, threshold, coordination/storage or ordinary word containing the search substring."
"frontend","src/app/(dashboard)/dashboard/queue/page.tsx","2486","old","Current typography, field placeholder, threshold, coordination/storage or ordinary word containing the search substring."
"frontend","src/app/(dashboard)/dashboard/queue/page.tsx","2487","old","Current typography, field placeholder, threshold, coordination/storage or ordinary word containing the search substring."
"frontend","src/app/(dashboard)/dashboard/queue/page.tsx","2497","old","Current typography, field placeholder, threshold, coordination/storage or ordinary word containing the search substring."
"frontend","src/app/(dashboard)/dashboard/queue/page.tsx","2506","old","Current typography, field placeholder, threshold, coordination/storage or ordinary word containing the search substring."
"frontend","src/app/(dashboard)/dashboard/queue/page.tsx","2555","old","Current typography, field placeholder, threshold, coordination/storage or ordinary word containing the search substring."
"frontend","src/app/(dashboard)/dashboard/queue/page.tsx","2568","old","Current typography, field placeholder, threshold, coordination/storage or ordinary word containing the search substring."
"frontend","src/app/(dashboard)/dashboard/queue/page.tsx","2588","old","Current typography, field placeholder, threshold, coordination/storage or ordinary word containing the search substring."
"frontend","src/app/(dashboard)/dashboard/queue/page.tsx","2606","old","Current typography, field placeholder, threshold, coordination/storage or ordinary word containing the search substring."
"frontend","src/app/(dashboard)/dashboard/queue/page.tsx","2620","old","Current typography, field placeholder, threshold, coordination/storage or ordinary word containing the search substring."
"frontend","src/app/(dashboard)/dashboard/queue/page.tsx","2636","old","Current typography, field placeholder, threshold, coordination/storage or ordinary word containing the search substring."
"frontend","src/app/(dashboard)/dashboard/queue/page.tsx","2663","old","Current typography, field placeholder, threshold, coordination/storage or ordinary word containing the search substring."
"frontend","src/app/(dashboard)/dashboard/queue/page.tsx","2673","old","Current typography, field placeholder, threshold, coordination/storage or ordinary word containing the search substring."
"frontend","src/app/(dashboard)/dashboard/queue/page.tsx","2682","old","Current typography, field placeholder, threshold, coordination/storage or ordinary word containing the search substring."
"frontend","src/app/(dashboard)/dashboard/queue/page.tsx","2703","old","Current typography, field placeholder, threshold, coordination/storage or ordinary word containing the search substring."
"frontend","src/app/(dashboard)/dashboard/queue/page.tsx","2730","old","Current typography, field placeholder, threshold, coordination/storage or ordinary word containing the search substring."
"frontend","src/app/(dashboard)/dashboard/queue/page.tsx","2755","old","Current typography, field placeholder, threshold, coordination/storage or ordinary word containing the search substring."
"frontend","src/app/(dashboard)/dashboard/queue/page.tsx","2759","old","Current typography, field placeholder, threshold, coordination/storage or ordinary word containing the search substring."
"frontend","src/app/(dashboard)/dashboard/queue/page.tsx","2767","old","Current typography, field placeholder, threshold, coordination/storage or ordinary word containing the search substring."
"frontend","src/app/(dashboard)/dashboard/queue/page.tsx","2771","old","Current typography, field placeholder, threshold, coordination/storage or ordinary word containing the search substring."
"frontend","src/app/(dashboard)/dashboard/queue/page.tsx","2775","old","Current typography, field placeholder, threshold, coordination/storage or ordinary word containing the search substring."
"frontend","src/app/(dashboard)/dashboard/queue/page.tsx","2780","old","Current typography, field placeholder, threshold, coordination/storage or ordinary word containing the search substring."
"frontend","src/app/(dashboard)/dashboard/queue/page.tsx","2789","old","Current typography, field placeholder, threshold, coordination/storage or ordinary word containing the search substring."
"frontend","src/app/(dashboard)/dashboard/queue/page.tsx","2794","old","Current typography, field placeholder, threshold, coordination/storage or ordinary word containing the search substring."
"frontend","src/app/(dashboard)/dashboard/queue/page.tsx","2798","old","Current typography, field placeholder, threshold, coordination/storage or ordinary word containing the search substring."
"frontend","src/app/(dashboard)/dashboard/queue/page.tsx","2808","old","Current typography, field placeholder, threshold, coordination/storage or ordinary word containing the search substring."
"frontend","src/app/(dashboard)/dashboard/queue/page.tsx","2837","old","Current typography, field placeholder, threshold, coordination/storage or ordinary word containing the search substring."
"frontend","src/app/(dashboard)/dashboard/queue/page.tsx","2847","old","Current typography, field placeholder, threshold, coordination/storage or ordinary word containing the search substring."
"frontend","src/app/(dashboard)/dashboard/queue/page.tsx","2859","old","Current typography, field placeholder, threshold, coordination/storage or ordinary word containing the search substring."
"frontend","src/app/(dashboard)/dashboard/queue/page.tsx","2869","old","Current typography, field placeholder, threshold, coordination/storage or ordinary word containing the search substring."
"frontend","src/app/(dashboard)/dashboard/queue/page.tsx","2897","old","Current typography, field placeholder, threshold, coordination/storage or ordinary word containing the search substring."
"frontend","src/app/(dashboard)/dashboard/queue/page.tsx","2898","old","Current typography, field placeholder, threshold, coordination/storage or ordinary word containing the search substring."
"frontend","src/app/(dashboard)/dashboard/queue/page.tsx","2918","old","Current typography, field placeholder, threshold, coordination/storage or ordinary word containing the search substring."
"frontend","src/app/(dashboard)/dashboard/queue/page.tsx","2924","old","Current typography, field placeholder, threshold, coordination/storage or ordinary word containing the search substring."
"frontend","src/app/(dashboard)/dashboard/queue/page.tsx","2929","old","Current typography, field placeholder, threshold, coordination/storage or ordinary word containing the search substring."
"frontend","src/app/(dashboard)/dashboard/queue/page.tsx","2949","old","Current typography, field placeholder, threshold, coordination/storage or ordinary word containing the search substring."
"frontend","src/app/(dashboard)/dashboard/queue/page.tsx","2956","old","Current typography, field placeholder, threshold, coordination/storage or ordinary word containing the search substring."
"frontend","src/app/(dashboard)/dashboard/queue/page.tsx","2974","old","Current typography, field placeholder, threshold, coordination/storage or ordinary word containing the search substring."
"frontend","src/app/(dashboard)/dashboard/queue/page.tsx","3032","old","Current typography, field placeholder, threshold, coordination/storage or ordinary word containing the search substring."
"frontend","src/app/(dashboard)/dashboard/queue/page.tsx","3042","old","Current typography, field placeholder, threshold, coordination/storage or ordinary word containing the search substring."
"frontend","src/app/(dashboard)/dashboard/queue/page.tsx","3054","old","Current typography, field placeholder, threshold, coordination/storage or ordinary word containing the search substring."
"frontend","src/app/(dashboard)/dashboard/queue/page.tsx","3059","old","Current typography, field placeholder, threshold, coordination/storage or ordinary word containing the search substring."
"frontend","src/app/(dashboard)/dashboard/queue/page.tsx","3077","old","Current typography, field placeholder, threshold, coordination/storage or ordinary word containing the search substring."
"frontend","src/app/(dashboard)/dashboard/queue/page.tsx","3092","old","Current typography, field placeholder, threshold, coordination/storage or ordinary word containing the search substring."
"frontend","src/app/(dashboard)/dashboard/queue/page.tsx","3138","old","Current typography, field placeholder, threshold, coordination/storage or ordinary word containing the search substring."
"frontend","src/app/(dashboard)/dashboard/queue/page.tsx","3151","old","Current typography, field placeholder, threshold, coordination/storage or ordinary word containing the search substring."
"frontend","src/app/(dashboard)/dashboard/queue/page.tsx","3161","old","Current typography, field placeholder, threshold, coordination/storage or ordinary word containing the search substring."
"frontend","src/app/(dashboard)/dashboard/queue/page.tsx","3166","old","Current typography, field placeholder, threshold, coordination/storage or ordinary word containing the search substring."
"frontend","src/app/(dashboard)/dashboard/queue/page.tsx","3171","old","Current typography, field placeholder, threshold, coordination/storage or ordinary word containing the search substring."
"frontend","src/app/(dashboard)/dashboard/queue/page.tsx","3176","old","Current typography, field placeholder, threshold, coordination/storage or ordinary word containing the search substring."
"frontend","src/app/(dashboard)/dashboard/queue/page.tsx","3181","old","Current typography, field placeholder, threshold, coordination/storage or ordinary word containing the search substring."
"frontend","src/app/(dashboard)/dashboard/queue/page.tsx","3186","old","Current typography, field placeholder, threshold, coordination/storage or ordinary word containing the search substring."
"frontend","src/app/(dashboard)/dashboard/queue/page.tsx","3197","old","Current typography, field placeholder, threshold, coordination/storage or ordinary word containing the search substring."
"frontend","src/app/(dashboard)/dashboard/queue/page.tsx","3204","old","Current typography, field placeholder, threshold, coordination/storage or ordinary word containing the search substring."
"frontend","src/app/(dashboard)/dashboard/queue/page.tsx","3215","old","Current typography, field placeholder, threshold, coordination/storage or ordinary word containing the search substring."
"frontend","src/app/(dashboard)/dashboard/queue/page.tsx","3217","old","Current typography, field placeholder, threshold, coordination/storage or ordinary word containing the search substring."
"frontend","src/app/(dashboard)/dashboard/queue/page.tsx","3232","old","Current typography, field placeholder, threshold, coordination/storage or ordinary word containing the search substring."
"frontend","src/app/(dashboard)/dashboard/queue/page.tsx","3236","old","Current typography, field placeholder, threshold, coordination/storage or ordinary word containing the search substring."
"frontend","src/app/(dashboard)/dashboard/queue/page.tsx","3242","old","Current typography, field placeholder, threshold, coordination/storage or ordinary word containing the search substring."
"frontend","src/app/(dashboard)/dashboard/queue/page.tsx","3259","old","Current typography, field placeholder, threshold, coordination/storage or ordinary word containing the search substring."
"frontend","src/app/(dashboard)/dashboard/queue/page.tsx","3265","old","Current typography, field placeholder, threshold, coordination/storage or ordinary word containing the search substring."
"frontend","src/app/(dashboard)/dashboard/queue/page.tsx","3274","old","Current typography, field placeholder, threshold, coordination/storage or ordinary word containing the search substring."
"frontend","src/app/(dashboard)/dashboard/queue/page.tsx","3288","old","Current typography, field placeholder, threshold, coordination/storage or ordinary word containing the search substring."
"frontend","src/app/(dashboard)/dashboard/queue/page.tsx","3302","old","Current typography, field placeholder, threshold, coordination/storage or ordinary word containing the search substring."
"frontend","src/app/(dashboard)/dashboard/queue/page.tsx","3314","old","Current typography, field placeholder, threshold, coordination/storage or ordinary word containing the search substring."
"frontend","src/app/(dashboard)/dashboard/queue/page.tsx","3326","old","Current typography, field placeholder, threshold, coordination/storage or ordinary word containing the search substring."
"frontend","src/app/(dashboard)/dashboard/queue/page.tsx","3352","old","Current typography, field placeholder, threshold, coordination/storage or ordinary word containing the search substring."
"frontend","src/app/(dashboard)/dashboard/queue/page.tsx","3365","old","Current typography, field placeholder, threshold, coordination/storage or ordinary word containing the search substring."
"frontend","src/app/(dashboard)/dashboard/queue/page.tsx","3372","old","Current typography, field placeholder, threshold, coordination/storage or ordinary word containing the search substring."
"frontend","src/app/(dashboard)/dashboard/queue/page.tsx","3385","old","Current typography, field placeholder, threshold, coordination/storage or ordinary word containing the search substring."
"frontend","src/app/(dashboard)/dashboard/queue/page.tsx","3432","old","Current typography, field placeholder, threshold, coordination/storage or ordinary word containing the search substring."
"frontend","src/app/(dashboard)/dashboard/queue/page.tsx","3466","old","Current typography, field placeholder, threshold, coordination/storage or ordinary word containing the search substring."
"frontend","src/app/(dashboard)/dashboard/queue/page.tsx","3489","old","Current typography, field placeholder, threshold, coordination/storage or ordinary word containing the search substring."
"frontend","src/app/(dashboard)/dashboard/queue/page.tsx","3497","old","Current typography, field placeholder, threshold, coordination/storage or ordinary word containing the search substring."
"frontend","src/app/(dashboard)/dashboard/queue/page.tsx","3510","old","Current typography, field placeholder, threshold, coordination/storage or ordinary word containing the search substring."
"frontend","src/app/(dashboard)/dashboard/queue/page.tsx","3534","old","Current typography, field placeholder, threshold, coordination/storage or ordinary word containing the search substring."
"frontend","src/app/(dashboard)/dashboard/queue/page.tsx","3543","old","Current typography, field placeholder, threshold, coordination/storage or ordinary word containing the search substring."
"frontend","src/app/(dashboard)/dashboard/queue/page.tsx","3633","old","Current typography, field placeholder, threshold, coordination/storage or ordinary word containing the search substring."
"frontend","src/app/(dashboard)/dashboard/queue/page.tsx","3644","old","Current typography, field placeholder, threshold, coordination/storage or ordinary word containing the search substring."
"frontend","src/app/(dashboard)/dashboard/queue/page.tsx","3646","old","Current typography, field placeholder, threshold, coordination/storage or ordinary word containing the search substring."
"frontend","src/app/(dashboard)/dashboard/queue/page.tsx","3673","old","Current typography, field placeholder, threshold, coordination/storage or ordinary word containing the search substring."
"frontend","src/app/(dashboard)/dashboard/queue/page.tsx","3701","old","Current typography, field placeholder, threshold, coordination/storage or ordinary word containing the search substring."
"frontend","src/app/(dashboard)/dashboard/queue/page.tsx","3761","old","Current typography, field placeholder, threshold, coordination/storage or ordinary word containing the search substring."
"frontend","src/app/(dashboard)/dashboard/queue/page.tsx","3775","old","Current typography, field placeholder, threshold, coordination/storage or ordinary word containing the search substring."
"frontend","src/app/(dashboard)/dashboard/queue/page.tsx","3788","old","Current typography, field placeholder, threshold, coordination/storage or ordinary word containing the search substring."
"frontend","src/app/(dashboard)/dashboard/queue/page.tsx","3797","old","Current typography, field placeholder, threshold, coordination/storage or ordinary word containing the search substring."
"frontend","src/app/(dashboard)/dashboard/queue/page.tsx","3824","old","Current typography, field placeholder, threshold, coordination/storage or ordinary word containing the search substring."
"frontend","src/app/(dashboard)/dashboard/queue/page.tsx","3830","old","Current typography, field placeholder, threshold, coordination/storage or ordinary word containing the search substring."
"frontend","src/app/(dashboard)/dashboard/queue/page.tsx","3844","old","Current typography, field placeholder, threshold, coordination/storage or ordinary word containing the search substring."
"frontend","src/app/(dashboard)/dashboard/queue/page.tsx","3855","old","Current typography, field placeholder, threshold, coordination/storage or ordinary word containing the search substring."
"frontend","src/app/(dashboard)/dashboard/queue/page.tsx","3876","old","Current typography, field placeholder, threshold, coordination/storage or ordinary word containing the search substring."
"frontend","src/app/(dashboard)/dashboard/queue/page.tsx","3884","old","Current typography, field placeholder, threshold, coordination/storage or ordinary word containing the search substring."
"frontend","src/app/(dashboard)/dashboard/queue/page.tsx","3910","old","Current typography, field placeholder, threshold, coordination/storage or ordinary word containing the search substring."
"frontend","src/app/(dashboard)/dashboard/queue/page.tsx","3925","old","Current typography, field placeholder, threshold, coordination/storage or ordinary word containing the search substring."
"frontend","src/app/(dashboard)/dashboard/queue/page.tsx","3935","old","Current typography, field placeholder, threshold, coordination/storage or ordinary word containing the search substring."
"frontend","src/app/(dashboard)/dashboard/queue/page.tsx","3970","old","Current typography, field placeholder, threshold, coordination/storage or ordinary word containing the search substring."
"frontend","src/app/(dashboard)/dashboard/queue/page.tsx","3987","old","Current typography, field placeholder, threshold, coordination/storage or ordinary word containing the search substring."
"frontend","src/app/(dashboard)/dashboard/queue/page.tsx","3996","old","Current typography, field placeholder, threshold, coordination/storage or ordinary word containing the search substring."
"frontend","src/app/(dashboard)/dashboard/queue/page.tsx","4015","old","Current typography, field placeholder, threshold, coordination/storage or ordinary word containing the search substring."
"frontend","src/app/(dashboard)/dashboard/queue/page.tsx","4036","old","Current typography, field placeholder, threshold, coordination/storage or ordinary word containing the search substring."
"frontend","src/app/(dashboard)/dashboard/queue/page.tsx","4042","old","Current typography, field placeholder, threshold, coordination/storage or ordinary word containing the search substring."
"frontend","src/app/(dashboard)/dashboard/queue/page.tsx","4054","old","Current typography, field placeholder, threshold, coordination/storage or ordinary word containing the search substring."
"frontend","src/app/(dashboard)/dashboard/queue/page.tsx","4066","old","Current typography, field placeholder, threshold, coordination/storage or ordinary word containing the search substring."
"frontend","src/app/(dashboard)/dashboard/queue/page.tsx","4069","old","Current typography, field placeholder, threshold, coordination/storage or ordinary word containing the search substring."
"frontend","src/app/(dashboard)/dashboard/queue/page.tsx","4084","old","Current typography, field placeholder, threshold, coordination/storage or ordinary word containing the search substring."
"frontend","src/app/(dashboard)/dashboard/queue/page.tsx","4094","old","Current typography, field placeholder, threshold, coordination/storage or ordinary word containing the search substring."
"frontend","src/app/(dashboard)/dashboard/queue/page.tsx","4112","old","Current typography, field placeholder, threshold, coordination/storage or ordinary word containing the search substring."
"frontend","src/app/(dashboard)/dashboard/queue/page.tsx","4116","old","Current typography, field placeholder, threshold, coordination/storage or ordinary word containing the search substring."
"frontend","src/app/(dashboard)/dashboard/queue/page.tsx","4135","old","Current typography, field placeholder, threshold, coordination/storage or ordinary word containing the search substring."
"frontend","src/app/(dashboard)/dashboard/queue/page.tsx","4144","old","Current typography, field placeholder, threshold, coordination/storage or ordinary word containing the search substring."
"frontend","src/app/(dashboard)/dashboard/queue/page.tsx","4146","old","Current typography, field placeholder, threshold, coordination/storage or ordinary word containing the search substring."
"frontend","src/app/(dashboard)/dashboard/queue/page.tsx","4165","old","Current typography, field placeholder, threshold, coordination/storage or ordinary word containing the search substring."
"frontend","src/app/(dashboard)/dashboard/queue/page.tsx","4189","old","Current typography, field placeholder, threshold, coordination/storage or ordinary word containing the search substring."
"frontend","src/app/(dashboard)/dashboard/queue/page.tsx","4192","old","Current typography, field placeholder, threshold, coordination/storage or ordinary word containing the search substring."
"frontend","src/app/(dashboard)/dashboard/queue/page.tsx","4208","old","Current typography, field placeholder, threshold, coordination/storage or ordinary word containing the search substring."
"frontend","src/app/(dashboard)/dashboard/queue/page.tsx","4233","old","Current typography, field placeholder, threshold, coordination/storage or ordinary word containing the search substring."
"frontend","src/app/(dashboard)/dashboard/queue/page.tsx","4237","old","Current typography, field placeholder, threshold, coordination/storage or ordinary word containing the search substring."
"frontend","src/app/(dashboard)/dashboard/queue/page.tsx","4241","old","Current typography, field placeholder, threshold, coordination/storage or ordinary word containing the search substring."
"frontend","src/app/(dashboard)/dashboard/queue/page.tsx","4245","old","Current typography, field placeholder, threshold, coordination/storage or ordinary word containing the search substring."
"frontend","src/app/(dashboard)/dashboard/queue/page.tsx","4254","old","Current typography, field placeholder, threshold, coordination/storage or ordinary word containing the search substring."
"frontend","src/app/(dashboard)/dashboard/queue/page.tsx","4288","old","Current typography, field placeholder, threshold, coordination/storage or ordinary word containing the search substring."
"frontend","src/app/(dashboard)/dashboard/queue/page.tsx","4329","old","Current typography, field placeholder, threshold, coordination/storage or ordinary word containing the search substring."
"frontend","src/app/(dashboard)/dashboard/queue/page.tsx","4459","old","Current typography, field placeholder, threshold, coordination/storage or ordinary word containing the search substring."
"frontend","src/app/(dashboard)/dashboard/queue/page.tsx","4468","old","Current typography, field placeholder, threshold, coordination/storage or ordinary word containing the search substring."
"frontend","src/app/(dashboard)/dashboard/queue/page.tsx","4474","old","Current typography, field placeholder, threshold, coordination/storage or ordinary word containing the search substring."
"frontend","src/app/(dashboard)/dashboard/queue/page.tsx","4486","old","Current typography, field placeholder, threshold, coordination/storage or ordinary word containing the search substring."
"frontend","src/app/(dashboard)/dashboard/queue/page.tsx","4498","old","Current typography, field placeholder, threshold, coordination/storage or ordinary word containing the search substring."
"frontend","src/app/(dashboard)/dashboard/queue/page.tsx","4504","old","Current typography, field placeholder, threshold, coordination/storage or ordinary word containing the search substring."
"frontend","src/app/(dashboard)/dashboard/queue/page.tsx","4521","old","Current typography, field placeholder, threshold, coordination/storage or ordinary word containing the search substring."
"frontend","src/app/(dashboard)/dashboard/queue/page.tsx","4530","old","Current typography, field placeholder, threshold, coordination/storage or ordinary word containing the search substring."
"frontend","src/app/(dashboard)/dashboard/radiology/page.tsx","215","old","Current typography, field placeholder, threshold, coordination/storage or ordinary word containing the search substring."
"frontend","src/app/(dashboard)/dashboard/radiology/page.tsx","218","old","Current typography, field placeholder, threshold, coordination/storage or ordinary word containing the search substring."
"frontend","src/app/(dashboard)/dashboard/radiology/page.tsx","233","old","Current typography, field placeholder, threshold, coordination/storage or ordinary word containing the search substring."
"frontend","src/app/(dashboard)/dashboard/radiology/page.tsx","243","old","Current typography, field placeholder, threshold, coordination/storage or ordinary word containing the search substring."
"frontend","src/app/(dashboard)/dashboard/radiology/page.tsx","287","old","Current typography, field placeholder, threshold, coordination/storage or ordinary word containing the search substring."
"frontend","src/app/(dashboard)/dashboard/radiology/page.tsx","302","old","Current typography, field placeholder, threshold, coordination/storage or ordinary word containing the search substring."
"frontend","src/app/(dashboard)/dashboard/radiology/page.tsx","304","old","Current typography, field placeholder, threshold, coordination/storage or ordinary word containing the search substring."
"frontend","src/app/(dashboard)/dashboard/radiology/page.tsx","314","old","Current typography, field placeholder, threshold, coordination/storage or ordinary word containing the search substring."
"frontend","src/app/(dashboard)/dashboard/radiology/page.tsx","324","old","Current typography, field placeholder, threshold, coordination/storage or ordinary word containing the search substring."
"frontend","src/app/(dashboard)/dashboard/radiology/page.tsx","338","old","Current typography, field placeholder, threshold, coordination/storage or ordinary word containing the search substring."
"frontend","src/app/(dashboard)/dashboard/radiology/page.tsx","340","old","Current typography, field placeholder, threshold, coordination/storage or ordinary word containing the search substring."
"frontend","src/app/(dashboard)/dashboard/radiology/page.tsx","357","old","Current typography, field placeholder, threshold, coordination/storage or ordinary word containing the search substring."
"frontend","src/app/(dashboard)/dashboard/radiology/page.tsx","374","old","Current typography, field placeholder, threshold, coordination/storage or ordinary word containing the search substring."
"frontend","src/app/(dashboard)/dashboard/radiology/page.tsx","387","old","Current typography, field placeholder, threshold, coordination/storage or ordinary word containing the search substring."
"frontend","src/app/(dashboard)/dashboard/radiology/page.tsx","394","old","Current typography, field placeholder, threshold, coordination/storage or ordinary word containing the search substring."
"frontend","src/app/(dashboard)/dashboard/radiology/page.tsx","415","old","Current typography, field placeholder, threshold, coordination/storage or ordinary word containing the search substring."
"frontend","src/app/(dashboard)/dashboard/radiology/page.tsx","427","old","Current typography, field placeholder, threshold, coordination/storage or ordinary word containing the search substring."
"frontend","src/app/(dashboard)/dashboard/radiology/page.tsx","442","old","Current typography, field placeholder, threshold, coordination/storage or ordinary word containing the search substring."
"frontend","src/app/(dashboard)/dashboard/radiology/page.tsx","454","old","Current typography, field placeholder, threshold, coordination/storage or ordinary word containing the search substring."
"frontend","src/app/(dashboard)/dashboard/radiology/page.tsx","477","old","Current typography, field placeholder, threshold, coordination/storage or ordinary word containing the search substring."
"frontend","src/app/(dashboard)/dashboard/radiology/page.tsx","481","old","Current typography, field placeholder, threshold, coordination/storage or ordinary word containing the search substring."
"frontend","src/app/(dashboard)/dashboard/radiology/page.tsx","501","old","Current typography, field placeholder, threshold, coordination/storage or ordinary word containing the search substring."
"frontend","src/app/(dashboard)/dashboard/radiology/page.tsx","508","old","Current typography, field placeholder, threshold, coordination/storage or ordinary word containing the search substring."
"frontend","src/app/(dashboard)/dashboard/radiology/page.tsx","528","old","Current typography, field placeholder, threshold, coordination/storage or ordinary word containing the search substring."
"frontend","src/app/(dashboard)/dashboard/radiology/page.tsx","540","old","Current typography, field placeholder, threshold, coordination/storage or ordinary word containing the search substring."
"frontend","src/app/(dashboard)/dashboard/radiology/page.tsx","551","old","Current typography, field placeholder, threshold, coordination/storage or ordinary word containing the search substring."
"frontend","src/app/(dashboard)/dashboard/radiology/page.tsx","610","old","Current typography, field placeholder, threshold, coordination/storage or ordinary word containing the search substring."
"frontend","src/app/(dashboard)/dashboard/radiology/page.tsx","639","old","Current typography, field placeholder, threshold, coordination/storage or ordinary word containing the search substring."
"frontend","src/app/(dashboard)/dashboard/radiology/page.tsx","649","old","Current typography, field placeholder, threshold, coordination/storage or ordinary word containing the search substring."
"frontend","src/app/(dashboard)/dashboard/security/page.tsx","74","old","Current typography, field placeholder, threshold, coordination/storage or ordinary word containing the search substring."
"frontend","src/app/(dashboard)/dashboard/security/page.tsx","76","old","Current typography, field placeholder, threshold, coordination/storage or ordinary word containing the search substring."
"frontend","src/app/(dashboard)/dashboard/security/page.tsx","78","old","Current typography, field placeholder, threshold, coordination/storage or ordinary word containing the search substring."
"frontend","src/app/(dashboard)/dashboard/security/page.tsx","81","old","Current typography, field placeholder, threshold, coordination/storage or ordinary word containing the search substring."
"frontend","src/app/(dashboard)/dashboard/security/page.tsx","89","old","Current typography, field placeholder, threshold, coordination/storage or ordinary word containing the search substring."
"frontend","src/app/(dashboard)/dashboard/security/page.tsx","90","old","Previous value, response, worker claim, date or record used by current recovery, integrity or documentation; not a second domain representation."
"frontend","src/app/(dashboard)/dashboard/security/page.tsx","92","old","Current typography, field placeholder, threshold, coordination/storage or ordinary word containing the search substring."
"frontend","src/app/(dashboard)/dashboard/settings/WhatsAppConnectionPanel.tsx","38","old","Current typography, field placeholder, threshold, coordination/storage or ordinary word containing the search substring."
"frontend","src/app/(dashboard)/dashboard/settings/WhatsAppConnectionPanel.tsx","46","old","Current typography, field placeholder, threshold, coordination/storage or ordinary word containing the search substring."
"frontend","src/app/(dashboard)/dashboard/settings/WhatsAppConnectionPanel.tsx","47","old","Current typography, field placeholder, threshold, coordination/storage or ordinary word containing the search substring."
"frontend","src/app/(dashboard)/dashboard/settings/WhatsAppConnectionPanel.tsx","48","old","Current typography, field placeholder, threshold, coordination/storage or ordinary word containing the search substring."
"frontend","src/app/(dashboard)/dashboard/settings/WhatsAppConnectionPanel.tsx","49","old","Current typography, field placeholder, threshold, coordination/storage or ordinary word containing the search substring."
"frontend","src/app/(dashboard)/dashboard/settings/WhatsAppSettingsCard.tsx","29","old","Current typography, field placeholder, threshold, coordination/storage or ordinary word containing the search substring."
"frontend","src/app/(dashboard)/dashboard/settings/WhatsAppSettingsCard.tsx","38","old","Current typography, field placeholder, threshold, coordination/storage or ordinary word containing the search substring."
"frontend","src/app/(dashboard)/dashboard/settings/WhatsAppSettingsCard.tsx","59","old","Current typography, field placeholder, threshold, coordination/storage or ordinary word containing the search substring."
"frontend","src/app/(dashboard)/dashboard/settings/WhatsAppSettingsCard.tsx","78","old","Current typography, field placeholder, threshold, coordination/storage or ordinary word containing the search substring."
"frontend","src/app/(dashboard)/dashboard/settings/WhatsAppSettingsCard.tsx","107","old","Current typography, field placeholder, threshold, coordination/storage or ordinary word containing the search substring."
"frontend","src/app/(dashboard)/dashboard/settings/WhatsAppSettingsCard.tsx","136","old","Current typography, field placeholder, threshold, coordination/storage or ordinary word containing the search substring."
"frontend","src/app/(dashboard)/dashboard/settings/WhatsAppSettingsCard.tsx","152","old","Current typography, field placeholder, threshold, coordination/storage or ordinary word containing the search substring."
"frontend","src/app/(dashboard)/dashboard/settings/WhatsAppSettingsCard.tsx","159","old","Current typography, field placeholder, threshold, coordination/storage or ordinary word containing the search substring."
"frontend","src/app/(dashboard)/dashboard/settings/WhatsAppSettingsCard.tsx","163","old","Current typography, field placeholder, threshold, coordination/storage or ordinary word containing the search substring."
"frontend","src/app/(dashboard)/dashboard/settings/WhatsAppSettingsCard.tsx","177","old","Current typography, field placeholder, threshold, coordination/storage or ordinary word containing the search substring."
"frontend","src/app/(dashboard)/dashboard/settings/WhatsAppSettingsCard.tsx","187","old","Current typography, field placeholder, threshold, coordination/storage or ordinary word containing the search substring."
"frontend","src/app/(dashboard)/dashboard/settings/WhatsAppSettingsCard.tsx","203","old","Current typography, field placeholder, threshold, coordination/storage or ordinary word containing the search substring."
"frontend","src/app/(dashboard)/dashboard/settings/WhatsAppSettingsCard.tsx","205","old","Current typography, field placeholder, threshold, coordination/storage or ordinary word containing the search substring."
"frontend","src/app/(dashboard)/dashboard/settings/WhatsAppSettingsCard.tsx","213","old","Current typography, field placeholder, threshold, coordination/storage or ordinary word containing the search substring."
"frontend","src/app/(dashboard)/dashboard/settings/WhatsAppSettingsCard.tsx","223","old","Current typography, field placeholder, threshold, coordination/storage or ordinary word containing the search substring."
"frontend","src/app/(dashboard)/dashboard/settings/WhatsAppSettingsCard.tsx","228","old","Current typography, field placeholder, threshold, coordination/storage or ordinary word containing the search substring."
"frontend","src/app/(dashboard)/dashboard/settings/WhatsAppSettingsCard.tsx","231","old","Current typography, field placeholder, threshold, coordination/storage or ordinary word containing the search substring."
"frontend","src/app/(dashboard)/dashboard/settings/WhatsAppSettingsCard.tsx","239","old","Current typography, field placeholder, threshold, coordination/storage or ordinary word containing the search substring."
"frontend","src/app/(dashboard)/dashboard/settings/WhatsAppSettingsCard.tsx","241","old","Current typography, field placeholder, threshold, coordination/storage or ordinary word containing the search substring."
"frontend","src/app/(dashboard)/dashboard/settings/WhatsAppSettingsCard.tsx","263","old","Current typography, field placeholder, threshold, coordination/storage or ordinary word containing the search substring."
"frontend","src/app/(dashboard)/dashboard/settings/WhatsAppSettingsCard.tsx","268","old","Current typography, field placeholder, threshold, coordination/storage or ordinary word containing the search substring."
"frontend","src/app/(dashboard)/dashboard/settings/WhatsAppSettingsCard.tsx","271","old","Current typography, field placeholder, threshold, coordination/storage or ordinary word containing the search substring."
"frontend","src/app/(dashboard)/dashboard/settings/WhatsAppSettingsCard.tsx","281","old","Current typography, field placeholder, threshold, coordination/storage or ordinary word containing the search substring."
"frontend","src/app/(dashboard)/dashboard/settings/WhatsAppSettingsCard.tsx","300","old","Current typography, field placeholder, threshold, coordination/storage or ordinary word containing the search substring."
"frontend","src/app/(dashboard)/dashboard/settings/WhatsAppSettingsCard.tsx","309","old","Current typography, field placeholder, threshold, coordination/storage or ordinary word containing the search substring."
"frontend","src/app/(dashboard)/dashboard/settings/WhatsAppSettingsCard.tsx","329","old","Current typography, field placeholder, threshold, coordination/storage or ordinary word containing the search substring."
"frontend","src/app/(dashboard)/dashboard/settings/WhatsAppSettingsCard.tsx","338","old","Current typography, field placeholder, threshold, coordination/storage or ordinary word containing the search substring."
"frontend","src/app/(dashboard)/dashboard/settings/WhatsAppSettingsCard.tsx","358","old","Current typography, field placeholder, threshold, coordination/storage or ordinary word containing the search substring."
"frontend","src/app/(dashboard)/dashboard/settings/WhatsAppSettingsCard.tsx","367","old","Current typography, field placeholder, threshold, coordination/storage or ordinary word containing the search substring."
"frontend","src/app/(dashboard)/dashboard/settings/WhatsAppSettingsCard.tsx","377","old","Current typography, field placeholder, threshold, coordination/storage or ordinary word containing the search substring."
"frontend","src/app/(dashboard)/dashboard/settings/WhatsAppSettingsCard.tsx","388","old","Current typography, field placeholder, threshold, coordination/storage or ordinary word containing the search substring."
"frontend","src/app/(dashboard)/dashboard/settings/WhatsAppSettingsCard.tsx","394","old","Current typography, field placeholder, threshold, coordination/storage or ordinary word containing the search substring."
"frontend","src/app/(dashboard)/dashboard/settings/WhatsAppSettingsCard.tsx","402","old","Current typography, field placeholder, threshold, coordination/storage or ordinary word containing the search substring."
"frontend","src/app/(dashboard)/dashboard/settings/WhatsAppSettingsCard.tsx","406","old","Current typography, field placeholder, threshold, coordination/storage or ordinary word containing the search substring."
"frontend","src/app/(dashboard)/dashboard/settings/WhatsAppSettingsCard.tsx","416","old","Current typography, field placeholder, threshold, coordination/storage or ordinary word containing the search substring."
"frontend","src/app/(dashboard)/dashboard/settings/WhatsAppSettingsCard.tsx","433","old","Current typography, field placeholder, threshold, coordination/storage or ordinary word containing the search substring."
"frontend","src/app/(dashboard)/dashboard/settings/WhatsAppSettingsCard.tsx","434","old","Current typography, field placeholder, threshold, coordination/storage or ordinary word containing the search substring."
"frontend","src/app/(dashboard)/dashboard/settings/WhatsAppSettingsCard.tsx","455","old","Current typography, field placeholder, threshold, coordination/storage or ordinary word containing the search substring."
"frontend","src/app/(dashboard)/dashboard/settings/WhatsAppSettingsCard.tsx","456","old","Current typography, field placeholder, threshold, coordination/storage or ordinary word containing the search substring."
"frontend","src/app/(dashboard)/dashboard/settings/WhatsAppSettingsCard.tsx","476","old","Current typography, field placeholder, threshold, coordination/storage or ordinary word containing the search substring."
"frontend","src/app/(dashboard)/dashboard/settings/WhatsAppSettingsCard.tsx","494","old","Current typography, field placeholder, threshold, coordination/storage or ordinary word containing the search substring."
"frontend","src/app/(dashboard)/dashboard/settings/WhatsAppSettingsCard.tsx","495","old","Current typography, field placeholder, threshold, coordination/storage or ordinary word containing the search substring."
"frontend","src/app/(dashboard)/dashboard/settings/WhatsAppSettingsCard.tsx","516","old","Current typography, field placeholder, threshold, coordination/storage or ordinary word containing the search substring."
"frontend","src/app/(dashboard)/dashboard/settings/WhatsAppSettingsCard.tsx","517","old","Current typography, field placeholder, threshold, coordination/storage or ordinary word containing the search substring."
"frontend","src/app/(dashboard)/dashboard/settings/WhatsAppSettingsCard.tsx","538","old","Current typography, field placeholder, threshold, coordination/storage or ordinary word containing the search substring."
"frontend","src/app/(dashboard)/dashboard/settings/WhatsAppSettingsCard.tsx","539","old","Current typography, field placeholder, threshold, coordination/storage or ordinary word containing the search substring."
"frontend","src/app/(dashboard)/dashboard/settings/WhatsAppSettingsCard.tsx","558","old","Current typography, field placeholder, threshold, coordination/storage or ordinary word containing the search substring."
"frontend","src/app/(dashboard)/dashboard/settings/WhatsAppSettingsCard.tsx","561","old","Current typography, field placeholder, threshold, coordination/storage or ordinary word containing the search substring."
"frontend","src/app/(dashboard)/dashboard/settings/WhatsAppSettingsCard.tsx","562","old","Current typography, field placeholder, threshold, coordination/storage or ordinary word containing the search substring."
"frontend","src/app/(dashboard)/dashboard/settings/WhatsAppSettingsCard.tsx","568","old","Current typography, field placeholder, threshold, coordination/storage or ordinary word containing the search substring."
"frontend","src/app/(dashboard)/dashboard/settings/WhatsAppSettingsCard.tsx","569","old","Current typography, field placeholder, threshold, coordination/storage or ordinary word containing the search substring."
"frontend","src/app/(dashboard)/dashboard/settings/WhatsAppSettingsCard.tsx","602","old","Current typography, field placeholder, threshold, coordination/storage or ordinary word containing the search substring."
"frontend","src/app/(dashboard)/dashboard/settings/WhatsAppSettingsCard.tsx","611","old","Current typography, field placeholder, threshold, coordination/storage or ordinary word containing the search substring."
"frontend","src/app/(dashboard)/dashboard/settings/WhatsAppSettingsCard.tsx","643","old","Current typography, field placeholder, threshold, coordination/storage or ordinary word containing the search substring."
"frontend","src/app/(dashboard)/dashboard/settings/WhatsAppSettingsCard.tsx","644","old","Current typography, field placeholder, threshold, coordination/storage or ordinary word containing the search substring."
"frontend","src/app/(dashboard)/dashboard/settings/WhatsAppSettingsCard.tsx","667","old","Current typography, field placeholder, threshold, coordination/storage or ordinary word containing the search substring."
"frontend","src/app/(dashboard)/dashboard/settings/WhatsAppSettingsCard.tsx","672","old","Current typography, field placeholder, threshold, coordination/storage or ordinary word containing the search substring."
"frontend","src/app/(dashboard)/dashboard/settings/WhatsAppSettingsCard.tsx","677","old","Current typography, field placeholder, threshold, coordination/storage or ordinary word containing the search substring."
"frontend","src/app/(dashboard)/dashboard/settings/WhatsAppSettingsCard.tsx","686","old","Current typography, field placeholder, threshold, coordination/storage or ordinary word containing the search substring."
"frontend","src/app/(dashboard)/dashboard/settings/WhatsAppSettingsCard.tsx","687","old","Current typography, field placeholder, threshold, coordination/storage or ordinary word containing the search substring."
"frontend","src/app/(dashboard)/dashboard/settings/WhatsAppSettingsCard.tsx","701","old","Current typography, field placeholder, threshold, coordination/storage or ordinary word containing the search substring."
"frontend","src/app/(dashboard)/dashboard/settings/billing/page.tsx","439","old","Current typography, field placeholder, threshold, coordination/storage or ordinary word containing the search substring."
"frontend","src/app/(dashboard)/dashboard/settings/billing/page.tsx","468","old","Current typography, field placeholder, threshold, coordination/storage or ordinary word containing the search substring."
"frontend","src/app/(dashboard)/dashboard/settings/billing/page.tsx","482","old","Current typography, field placeholder, threshold, coordination/storage or ordinary word containing the search substring."
"frontend","src/app/(dashboard)/dashboard/settings/billing/page.tsx","488","old","Current typography, field placeholder, threshold, coordination/storage or ordinary word containing the search substring."
"frontend","src/app/(dashboard)/dashboard/settings/billing/page.tsx","494","old","Current typography, field placeholder, threshold, coordination/storage or ordinary word containing the search substring."
"frontend","src/app/(dashboard)/dashboard/settings/billing/page.tsx","508","old","Current typography, field placeholder, threshold, coordination/storage or ordinary word containing the search substring."
"frontend","src/app/(dashboard)/dashboard/settings/billing/page.tsx","509","old","Current typography, field placeholder, threshold, coordination/storage or ordinary word containing the search substring."
"frontend","src/app/(dashboard)/dashboard/settings/billing/page.tsx","510","old","Current typography, field placeholder, threshold, coordination/storage or ordinary word containing the search substring."
"frontend","src/app/(dashboard)/dashboard/settings/billing/page.tsx","511","old","Current typography, field placeholder, threshold, coordination/storage or ordinary word containing the search substring."
"frontend","src/app/(dashboard)/dashboard/settings/billing/page.tsx","515","old","Current typography, field placeholder, threshold, coordination/storage or ordinary word containing the search substring."
"frontend","src/app/(dashboard)/dashboard/settings/billing/page.tsx","524","old","Current typography, field placeholder, threshold, coordination/storage or ordinary word containing the search substring."
"frontend","src/app/(dashboard)/dashboard/settings/billing/page.tsx","540","old","Current typography, field placeholder, threshold, coordination/storage or ordinary word containing the search substring."
"frontend","src/app/(dashboard)/dashboard/settings/billing/page.tsx","549","old","Current typography, field placeholder, threshold, coordination/storage or ordinary word containing the search substring."
"frontend","src/app/(dashboard)/dashboard/settings/billing/page.tsx","551","old","Current typography, field placeholder, threshold, coordination/storage or ordinary word containing the search substring."
"frontend","src/app/(dashboard)/dashboard/settings/billing/page.tsx","558","old","Current typography, field placeholder, threshold, coordination/storage or ordinary word containing the search substring."
"frontend","src/app/(dashboard)/dashboard/settings/billing/page.tsx","560","old","Current typography, field placeholder, threshold, coordination/storage or ordinary word containing the search substring."
"frontend","src/app/(dashboard)/dashboard/settings/billing/page.tsx","567","old","Current typography, field placeholder, threshold, coordination/storage or ordinary word containing the search substring."
"frontend","src/app/(dashboard)/dashboard/settings/billing/page.tsx","569","old","Current typography, field placeholder, threshold, coordination/storage or ordinary word containing the search substring."
"frontend","src/app/(dashboard)/dashboard/settings/billing/page.tsx","576","old","Current typography, field placeholder, threshold, coordination/storage or ordinary word containing the search substring."
"frontend","src/app/(dashboard)/dashboard/settings/billing/page.tsx","578","old","Current typography, field placeholder, threshold, coordination/storage or ordinary word containing the search substring."
"frontend","src/app/(dashboard)/dashboard/settings/billing/page.tsx","590","old","Current typography, field placeholder, threshold, coordination/storage or ordinary word containing the search substring."
"frontend","src/app/(dashboard)/dashboard/settings/billing/page.tsx","596","old","Current typography, field placeholder, threshold, coordination/storage or ordinary word containing the search substring."
"frontend","src/app/(dashboard)/dashboard/settings/billing/page.tsx","604","old","Current typography, field placeholder, threshold, coordination/storage or ordinary word containing the search substring."
"frontend","src/app/(dashboard)/dashboard/settings/billing/page.tsx","630","old","Current typography, field placeholder, threshold, coordination/storage or ordinary word containing the search substring."
"frontend","src/app/(dashboard)/dashboard/settings/billing/page.tsx","631","old","Current typography, field placeholder, threshold, coordination/storage or ordinary word containing the search substring."
"frontend","src/app/(dashboard)/dashboard/settings/billing/page.tsx","645","old","Current typography, field placeholder, threshold, coordination/storage or ordinary word containing the search substring."
"frontend","src/app/(dashboard)/dashboard/settings/billing/page.tsx","662","old","Current typography, field placeholder, threshold, coordination/storage or ordinary word containing the search substring."
"frontend","src/app/(dashboard)/dashboard/settings/billing/page.tsx","667","old","Current typography, field placeholder, threshold, coordination/storage or ordinary word containing the search substring."
"frontend","src/app/(dashboard)/dashboard/settings/billing/page.tsx","676","old","Current typography, field placeholder, threshold, coordination/storage or ordinary word containing the search substring."
"frontend","src/app/(dashboard)/dashboard/settings/billing/page.tsx","683","old","Current typography, field placeholder, threshold, coordination/storage or ordinary word containing the search substring."
"frontend","src/app/(dashboard)/dashboard/settings/billing/page.tsx","690","old","Current typography, field placeholder, threshold, coordination/storage or ordinary word containing the search substring."
"frontend","src/app/(dashboard)/dashboard/settings/billing/page.tsx","700","old","Current typography, field placeholder, threshold, coordination/storage or ordinary word containing the search substring."
"frontend","src/app/(dashboard)/dashboard/settings/billing/page.tsx","719","old","Current typography, field placeholder, threshold, coordination/storage or ordinary word containing the search substring."
"frontend","src/app/(dashboard)/dashboard/settings/billing/page.tsx","734","old","Current typography, field placeholder, threshold, coordination/storage or ordinary word containing the search substring."
"frontend","src/app/(dashboard)/dashboard/settings/billing/page.tsx","746","old","Current typography, field placeholder, threshold, coordination/storage or ordinary word containing the search substring."
"frontend","src/app/(dashboard)/dashboard/settings/billing/page.tsx","750","old","Current typography, field placeholder, threshold, coordination/storage or ordinary word containing the search substring."
"frontend","src/app/(dashboard)/dashboard/settings/billing/page.tsx","775","old","Current typography, field placeholder, threshold, coordination/storage or ordinary word containing the search substring."
"frontend","src/app/(dashboard)/dashboard/settings/billing/page.tsx","777","old","Current typography, field placeholder, threshold, coordination/storage or ordinary word containing the search substring."
"frontend","src/app/(dashboard)/dashboard/settings/billing/page.tsx","800","old","Current typography, field placeholder, threshold, coordination/storage or ordinary word containing the search substring."
"frontend","src/app/(dashboard)/dashboard/settings/billing/page.tsx","814","old","Current typography, field placeholder, threshold, coordination/storage or ordinary word containing the search substring."
"frontend","src/app/(dashboard)/dashboard/settings/billing/page.tsx","830","old","Current typography, field placeholder, threshold, coordination/storage or ordinary word containing the search substring."
"frontend","src/app/(dashboard)/dashboard/settings/billing/page.tsx","849","old","Current typography, field placeholder, threshold, coordination/storage or ordinary word containing the search substring."
"frontend","src/app/(dashboard)/dashboard/settings/billing/page.tsx","859","old","Current typography, field placeholder, threshold, coordination/storage or ordinary word containing the search substring."
"frontend","src/app/(dashboard)/dashboard/settings/billing/page.tsx","871","old","Current typography, field placeholder, threshold, coordination/storage or ordinary word containing the search substring."
"frontend","src/app/(dashboard)/dashboard/settings/billing/page.tsx","876","old","Current typography, field placeholder, threshold, coordination/storage or ordinary word containing the search substring."
"frontend","src/app/(dashboard)/dashboard/settings/billing/page.tsx","889","old","Current typography, field placeholder, threshold, coordination/storage or ordinary word containing the search substring."
"frontend","src/app/(dashboard)/dashboard/settings/billing/page.tsx","898","old","Current typography, field placeholder, threshold, coordination/storage or ordinary word containing the search substring."
"frontend","src/app/(dashboard)/dashboard/settings/billing/page.tsx","914","old","Current typography, field placeholder, threshold, coordination/storage or ordinary word containing the search substring."
"frontend","src/app/(dashboard)/dashboard/settings/billing/page.tsx","928","old","Current typography, field placeholder, threshold, coordination/storage or ordinary word containing the search substring."
"frontend","src/app/(dashboard)/dashboard/settings/page.tsx","31","old","Current typography, field placeholder, threshold, coordination/storage or ordinary word containing the search substring."
"frontend","src/app/(dashboard)/dashboard/settings/page.tsx","34","old","Current typography, field placeholder, threshold, coordination/storage or ordinary word containing the search substring."
"frontend","src/app/(dashboard)/dashboard/shifts/page.tsx","213","old","Current typography, field placeholder, threshold, coordination/storage or ordinary word containing the search substring."
"frontend","src/app/(dashboard)/dashboard/shifts/page.tsx","216","old","Current typography, field placeholder, threshold, coordination/storage or ordinary word containing the search substring."
"frontend","src/app/(dashboard)/dashboard/shifts/page.tsx","230","old","Current typography, field placeholder, threshold, coordination/storage or ordinary word containing the search substring."
"frontend","src/app/(dashboard)/dashboard/shifts/page.tsx","240","old","Current typography, field placeholder, threshold, coordination/storage or ordinary word containing the search substring."
"frontend","src/app/(dashboard)/dashboard/shifts/page.tsx","285","old","Current typography, field placeholder, threshold, coordination/storage or ordinary word containing the search substring."
"frontend","src/app/(dashboard)/dashboard/shifts/page.tsx","350","old","Current typography, field placeholder, threshold, coordination/storage or ordinary word containing the search substring."
"frontend","src/app/(dashboard)/dashboard/shifts/page.tsx","361","old","Current typography, field placeholder, threshold, coordination/storage or ordinary word containing the search substring."
"frontend","src/app/(dashboard)/dashboard/shifts/page.tsx","365","old","Current typography, field placeholder, threshold, coordination/storage or ordinary word containing the search substring."
"frontend","src/app/(dashboard)/dashboard/shifts/page.tsx","370","old","Current typography, field placeholder, threshold, coordination/storage or ordinary word containing the search substring."
"frontend","src/app/(dashboard)/dashboard/shifts/page.tsx","376","old","Current typography, field placeholder, threshold, coordination/storage or ordinary word containing the search substring."
"frontend","src/app/(dashboard)/dashboard/shifts/page.tsx","386","old","Current typography, field placeholder, threshold, coordination/storage or ordinary word containing the search substring."
"frontend","src/app/(dashboard)/dashboard/shifts/page.tsx","397","old","Current typography, field placeholder, threshold, coordination/storage or ordinary word containing the search substring."
"frontend","src/app/(dashboard)/dashboard/shifts/page.tsx","407","old","Current typography, field placeholder, threshold, coordination/storage or ordinary word containing the search substring."
"frontend","src/app/(dashboard)/dashboard/shifts/page.tsx","426","old","Current typography, field placeholder, threshold, coordination/storage or ordinary word containing the search substring."
"frontend","src/app/(dashboard)/dashboard/shifts/page.tsx","474","old","Current typography, field placeholder, threshold, coordination/storage or ordinary word containing the search substring."
"frontend","src/app/(dashboard)/dashboard/shifts/page.tsx","484","old","Current typography, field placeholder, threshold, coordination/storage or ordinary word containing the search substring."
"frontend","src/app/(dashboard)/dashboard/shifts/page.tsx","489","old","Current typography, field placeholder, threshold, coordination/storage or ordinary word containing the search substring."
"frontend","src/app/(dashboard)/dashboard/shifts/page.tsx","514","old","Current typography, field placeholder, threshold, coordination/storage or ordinary word containing the search substring."
"frontend","src/app/(dashboard)/dashboard/shifts/page.tsx","579","old","Current typography, field placeholder, threshold, coordination/storage or ordinary word containing the search substring."
"frontend","src/app/(dashboard)/dashboard/shifts/page.tsx","600","old","Current typography, field placeholder, threshold, coordination/storage or ordinary word containing the search substring."
"frontend","src/app/(dashboard)/dashboard/shifts/page.tsx","611","old","Current typography, field placeholder, threshold, coordination/storage or ordinary word containing the search substring."
"frontend","src/app/(dashboard)/dashboard/teleconsultation/page.tsx","339","old","Current typography, field placeholder, threshold, coordination/storage or ordinary word containing the search substring."
"frontend","src/app/(dashboard)/dashboard/teleconsultation/page.tsx","342","old","Current typography, field placeholder, threshold, coordination/storage or ordinary word containing the search substring."
"frontend","src/app/(dashboard)/dashboard/teleconsultation/page.tsx","357","old","Current typography, field placeholder, threshold, coordination/storage or ordinary word containing the search substring."
"frontend","src/app/(dashboard)/dashboard/teleconsultation/page.tsx","367","old","Current typography, field placeholder, threshold, coordination/storage or ordinary word containing the search substring."
"frontend","src/app/(dashboard)/dashboard/teleconsultation/page.tsx","425","old","Current typography, field placeholder, threshold, coordination/storage or ordinary word containing the search substring."
"frontend","src/app/(dashboard)/dashboard/teleconsultation/page.tsx","427","old","Current typography, field placeholder, threshold, coordination/storage or ordinary word containing the search substring."
"frontend","src/app/(dashboard)/dashboard/teleconsultation/page.tsx","434","old","Current typography, field placeholder, threshold, coordination/storage or ordinary word containing the search substring."
"frontend","src/app/(dashboard)/dashboard/teleconsultation/page.tsx","447","old","Current typography, field placeholder, threshold, coordination/storage or ordinary word containing the search substring."
"frontend","src/app/(dashboard)/dashboard/teleconsultation/page.tsx","497","old","Current typography, field placeholder, threshold, coordination/storage or ordinary word containing the search substring."
"frontend","src/app/(dashboard)/dashboard/teleconsultation/page.tsx","503","old","Current typography, field placeholder, threshold, coordination/storage or ordinary word containing the search substring."
"frontend","src/app/(dashboard)/dashboard/teleconsultation/page.tsx","511","old","Current typography, field placeholder, threshold, coordination/storage or ordinary word containing the search substring."
"frontend","src/app/(dashboard)/dashboard/teleconsultation/page.tsx","515","old","Current typography, field placeholder, threshold, coordination/storage or ordinary word containing the search substring."
"frontend","src/app/(dashboard)/dashboard/teleconsultation/page.tsx","537","old","Current typography, field placeholder, threshold, coordination/storage or ordinary word containing the search substring."
"frontend","src/app/(dashboard)/dashboard/teleconsultation/page.tsx","541","old","Current typography, field placeholder, threshold, coordination/storage or ordinary word containing the search substring."
"frontend","src/app/(dashboard)/dashboard/teleconsultation/page.tsx","564","old","Current typography, field placeholder, threshold, coordination/storage or ordinary word containing the search substring."
"frontend","src/app/(dashboard)/dashboard/teleconsultation/page.tsx","592","old","Current typography, field placeholder, threshold, coordination/storage or ordinary word containing the search substring."
"frontend","src/app/(dashboard)/dashboard/teleconsultation/page.tsx","596","old","Current typography, field placeholder, threshold, coordination/storage or ordinary word containing the search substring."
"frontend","src/app/(dashboard)/dashboard/teleconsultation/page.tsx","607","old","Current typography, field placeholder, threshold, coordination/storage or ordinary word containing the search substring."
"frontend","src/app/(dashboard)/dashboard/teleconsultation/page.tsx","608","old","Current typography, field placeholder, threshold, coordination/storage or ordinary word containing the search substring."
"frontend","src/app/(dashboard)/dashboard/teleconsultation/page.tsx","621","old","Current typography, field placeholder, threshold, coordination/storage or ordinary word containing the search substring."
"frontend","src/app/(dashboard)/dashboard/teleconsultation/page.tsx","632","old","Current typography, field placeholder, threshold, coordination/storage or ordinary word containing the search substring."
"frontend","src/app/(dashboard)/dashboard/teleconsultation/page.tsx","668","old","Current typography, field placeholder, threshold, coordination/storage or ordinary word containing the search substring."
"frontend","src/app/(dashboard)/dashboard/teleconsultation/page.tsx","676","old","Current typography, field placeholder, threshold, coordination/storage or ordinary word containing the search substring."
"frontend","src/app/(dashboard)/dashboard/teleconsultation/page.tsx","688","old","Current typography, field placeholder, threshold, coordination/storage or ordinary word containing the search substring."
"frontend","src/app/(dashboard)/dashboard/teleconsultation/page.tsx","703","old","Current typography, field placeholder, threshold, coordination/storage or ordinary word containing the search substring."
"frontend","src/app/(dashboard)/dashboard/teleconsultation/page.tsx","706","old","Current typography, field placeholder, threshold, coordination/storage or ordinary word containing the search substring."
"frontend","src/app/(dashboard)/dashboard/teleconsultation/page.tsx","712","old","Current typography, field placeholder, threshold, coordination/storage or ordinary word containing the search substring."
"frontend","src/app/(dashboard)/dashboard/teleconsultation/page.tsx","718","old","Current typography, field placeholder, threshold, coordination/storage or ordinary word containing the search substring."
"frontend","src/app/(dashboard)/dashboard/teleconsultation/page.tsx","724","old","Current typography, field placeholder, threshold, coordination/storage or ordinary word containing the search substring."
"frontend","src/app/(dashboard)/dashboard/teleconsultation/page.tsx","733","old","Current typography, field placeholder, threshold, coordination/storage or ordinary word containing the search substring."
"frontend","src/app/(dashboard)/dashboard/teleconsultation/page.tsx","736","old","Current typography, field placeholder, threshold, coordination/storage or ordinary word containing the search substring."
"frontend","src/app/(dashboard)/dashboard/teleconsultation/page.tsx","748","old","Current typography, field placeholder, threshold, coordination/storage or ordinary word containing the search substring."
"frontend","src/app/(dashboard)/dashboard/teleconsultation/page.tsx","760","old","Current typography, field placeholder, threshold, coordination/storage or ordinary word containing the search substring."
"frontend","src/app/(dashboard)/dashboard/teleconsultation/page.tsx","769","old","Current typography, field placeholder, threshold, coordination/storage or ordinary word containing the search substring."
"frontend","src/app/(dashboard)/dashboard/teleconsultation/page.tsx","790","old","Current typography, field placeholder, threshold, coordination/storage or ordinary word containing the search substring."
"frontend","src/app/(dashboard)/dashboard/teleconsultation/page.tsx","797","old","Current typography, field placeholder, threshold, coordination/storage or ordinary word containing the search substring."
"frontend","src/app/(dashboard)/dashboard/teleconsultation/page.tsx","809","old","Current typography, field placeholder, threshold, coordination/storage or ordinary word containing the search substring."
"frontend","src/app/(dashboard)/error.tsx","23","v2","SVG vertical-path drawing command followed by a coordinate; not a versioned implementation."
"frontend","src/app/(dashboard)/error.tsx","28","old","Current typography, field placeholder, threshold, coordination/storage or ordinary word containing the search substring."
"frontend","src/app/(dashboard)/error.tsx","36","old","Current typography, field placeholder, threshold, coordination/storage or ordinary word containing the search substring."
"frontend","src/app/(dashboard)/error.tsx","44","old","Current typography, field placeholder, threshold, coordination/storage or ordinary word containing the search substring."
"frontend","src/app/(dashboard)/error.tsx","51","old","Current typography, field placeholder, threshold, coordination/storage or ordinary word containing the search substring."
"frontend","src/app/(dashboard)/layout.tsx","351","old","Current typography, field placeholder, threshold, coordination/storage or ordinary word containing the search substring."
"frontend","src/app/(dashboard)/layout.tsx","355","old","Current typography, field placeholder, threshold, coordination/storage or ordinary word containing the search substring."
"frontend","src/app/(dashboard)/layout.tsx","367","old","Current typography, field placeholder, threshold, coordination/storage or ordinary word containing the search substring."
"frontend","src/app/(dashboard)/layout.tsx","391","old","Current typography, field placeholder, threshold, coordination/storage or ordinary word containing the search substring."
"frontend","src/app/(dashboard)/layout.tsx","414","old","Current typography, field placeholder, threshold, coordination/storage or ordinary word containing the search substring."
"frontend","src/app/browse/BrowseClient.tsx","371","old","Current typography, field placeholder, threshold, coordination/storage or ordinary word containing the search substring."
"frontend","src/app/browse/BrowseClient.tsx","409","old","Current typography, field placeholder, threshold, coordination/storage or ordinary word containing the search substring."
"frontend","src/app/browse/BrowseClient.tsx","416","old","Current typography, field placeholder, threshold, coordination/storage or ordinary word containing the search substring."
"frontend","src/app/browse/BrowseClient.tsx","432","old","Current typography, field placeholder, threshold, coordination/storage or ordinary word containing the search substring."
"frontend","src/app/browse/BrowseClient.tsx","440","old","Current typography, field placeholder, threshold, coordination/storage or ordinary word containing the search substring."
"frontend","src/app/browse/BrowseClient.tsx","497","old","Current typography, field placeholder, threshold, coordination/storage or ordinary word containing the search substring."
"frontend","src/app/browse/BrowseClient.tsx","542","old","Current typography, field placeholder, threshold, coordination/storage or ordinary word containing the search substring."
"frontend","src/app/browse/BrowseClient.tsx","598","old","Current typography, field placeholder, threshold, coordination/storage or ordinary word containing the search substring."
"frontend","src/app/browse/BrowseClient.tsx","612","old","Current typography, field placeholder, threshold, coordination/storage or ordinary word containing the search substring."
"frontend","src/app/browse/BrowseClient.tsx","616","old","Current typography, field placeholder, threshold, coordination/storage or ordinary word containing the search substring."
"frontend","src/app/browse/BrowseClient.tsx","626","old","Current typography, field placeholder, threshold, coordination/storage or ordinary word containing the search substring."
"frontend","src/app/browse/BrowseClient.tsx","643","old","Current typography, field placeholder, threshold, coordination/storage or ordinary word containing the search substring."
"frontend","src/app/browse/BrowseClient.tsx","688","old","Current typography, field placeholder, threshold, coordination/storage or ordinary word containing the search substring."
"frontend","src/app/browse/BrowseClient.tsx","691","old","Current typography, field placeholder, threshold, coordination/storage or ordinary word containing the search substring."
"frontend","src/app/browse/[slug]/BrowseDetailClient.tsx","126","old","Current typography, field placeholder, threshold, coordination/storage or ordinary word containing the search substring."
"frontend","src/app/browse/[slug]/BrowseDetailClient.tsx","127","old","Current typography, field placeholder, threshold, coordination/storage or ordinary word containing the search substring."
"frontend","src/app/browse/[slug]/BrowseDetailClient.tsx","365","old","Current typography, field placeholder, threshold, coordination/storage or ordinary word containing the search substring."
"frontend","src/app/browse/[slug]/BrowseDetailClient.tsx","368","old","Current typography, field placeholder, threshold, coordination/storage or ordinary word containing the search substring."
"frontend","src/app/browse/[slug]/BrowseDetailClient.tsx","373","old","Current typography, field placeholder, threshold, coordination/storage or ordinary word containing the search substring."
"frontend","src/app/browse/[slug]/BrowseDetailClient.tsx","1119","old","Current typography, field placeholder, threshold, coordination/storage or ordinary word containing the search substring."
"frontend","src/app/browse/[slug]/BrowseDetailClient.tsx","1151","old","Current typography, field placeholder, threshold, coordination/storage or ordinary word containing the search substring."
"frontend","src/app/browse/[slug]/BrowseDetailClient.tsx","1192","old","Current typography, field placeholder, threshold, coordination/storage or ordinary word containing the search substring."
"frontend","src/app/browse/[slug]/BrowseDetailClient.tsx","1203","old","Current typography, field placeholder, threshold, coordination/storage or ordinary word containing the search substring."
"frontend","src/app/browse/[slug]/BrowseDetailClient.tsx","1227","old","Current typography, field placeholder, threshold, coordination/storage or ordinary word containing the search substring."
"frontend","src/app/browse/[slug]/BrowseDetailClient.tsx","1260","old","Current typography, field placeholder, threshold, coordination/storage or ordinary word containing the search substring."
"frontend","src/app/browse/[slug]/BrowseDetailClient.tsx","1272","old","Current typography, field placeholder, threshold, coordination/storage or ordinary word containing the search substring."
"frontend","src/app/browse/[slug]/BrowseDetailClient.tsx","1285","old","Current typography, field placeholder, threshold, coordination/storage or ordinary word containing the search substring."
"frontend","src/app/browse/[slug]/BrowseDetailClient.tsx","1294","old","Current typography, field placeholder, threshold, coordination/storage or ordinary word containing the search substring."
"frontend","src/app/browse/[slug]/BrowseDetailClient.tsx","1336","old","Current typography, field placeholder, threshold, coordination/storage or ordinary word containing the search substring."
"frontend","src/app/browse/[slug]/BrowseDetailClient.tsx","1345","old","Current typography, field placeholder, threshold, coordination/storage or ordinary word containing the search substring."
"frontend","src/app/browse/[slug]/BrowseDetailClient.tsx","1347","old","Current typography, field placeholder, threshold, coordination/storage or ordinary word containing the search substring."
"frontend","src/app/browse/[slug]/BrowseDetailClient.tsx","1359","old","Current typography, field placeholder, threshold, coordination/storage or ordinary word containing the search substring."
"frontend","src/app/browse/[slug]/BrowseDetailClient.tsx","1374","old","Current typography, field placeholder, threshold, coordination/storage or ordinary word containing the search substring."
"frontend","src/app/browse/[slug]/BrowseDetailClient.tsx","1375","old","Current typography, field placeholder, threshold, coordination/storage or ordinary word containing the search substring."
"frontend","src/app/browse/[slug]/BrowseDetailClient.tsx","1393","old","Current typography, field placeholder, threshold, coordination/storage or ordinary word containing the search substring."
"frontend","src/app/browse/[slug]/BrowseDetailClient.tsx","1399","old","Current typography, field placeholder, threshold, coordination/storage or ordinary word containing the search substring."
"frontend","src/app/browse/[slug]/BrowseDetailClient.tsx","1402","old","Current typography, field placeholder, threshold, coordination/storage or ordinary word containing the search substring."
"frontend","src/app/browse/[slug]/BrowseDetailClient.tsx","1407","old","Current typography, field placeholder, threshold, coordination/storage or ordinary word containing the search substring."
"frontend","src/app/browse/[slug]/BrowseDetailClient.tsx","1416","old","Current typography, field placeholder, threshold, coordination/storage or ordinary word containing the search substring."
"frontend","src/app/browse/[slug]/BrowseDetailClient.tsx","1420","old","Current typography, field placeholder, threshold, coordination/storage or ordinary word containing the search substring."
"frontend","src/app/browse/[slug]/BrowseDetailClient.tsx","1440","old","Current typography, field placeholder, threshold, coordination/storage or ordinary word containing the search substring."
"frontend","src/app/browse/[slug]/BrowseDetailClient.tsx","1445","old","Current typography, field placeholder, threshold, coordination/storage or ordinary word containing the search substring."
"frontend","src/app/browse/[slug]/BrowseDetailClient.tsx","1458","old","Current typography, field placeholder, threshold, coordination/storage or ordinary word containing the search substring."
"frontend","src/app/browse/[slug]/BrowseDetailClient.tsx","1473","old","Current typography, field placeholder, threshold, coordination/storage or ordinary word containing the search substring."
"frontend","src/app/browse/[slug]/BrowseDetailClient.tsx","1489","old","Current typography, field placeholder, threshold, coordination/storage or ordinary word containing the search substring."
"frontend","src/app/browse/[slug]/BrowseDetailClient.tsx","1496","old","Current typography, field placeholder, threshold, coordination/storage or ordinary word containing the search substring."
"frontend","src/app/browse/[slug]/BrowseDetailClient.tsx","1505","old","Current typography, field placeholder, threshold, coordination/storage or ordinary word containing the search substring."
"frontend","src/app/browse/[slug]/BrowseDetailClient.tsx","1510","old","Current typography, field placeholder, threshold, coordination/storage or ordinary word containing the search substring."
"frontend","src/app/browse/[slug]/BrowseDetailClient.tsx","1531","old","Current typography, field placeholder, threshold, coordination/storage or ordinary word containing the search substring."
"frontend","src/app/browse/[slug]/BrowseDetailClient.tsx","1545","old","Current typography, field placeholder, threshold, coordination/storage or ordinary word containing the search substring."
"frontend","src/app/browse/[slug]/BrowseDetailClient.tsx","1563","old","Current typography, field placeholder, threshold, coordination/storage or ordinary word containing the search substring."
"frontend","src/app/browse/[slug]/BrowseDetailClient.tsx","1567","old","Current typography, field placeholder, threshold, coordination/storage or ordinary word containing the search substring."
"frontend","src/app/browse/[slug]/BrowseDetailClient.tsx","1585","old","Current typography, field placeholder, threshold, coordination/storage or ordinary word containing the search substring."
"frontend","src/app/browse/[slug]/BrowseDetailClient.tsx","1596","old","Current typography, field placeholder, threshold, coordination/storage or ordinary word containing the search substring."
"frontend","src/app/browse/[slug]/BrowseDetailClient.tsx","1611","old","Current typography, field placeholder, threshold, coordination/storage or ordinary word containing the search substring."
"frontend","src/app/browse/[slug]/BrowseDetailClient.tsx","1612","old","Current typography, field placeholder, threshold, coordination/storage or ordinary word containing the search substring."
"frontend","src/app/browse/[slug]/BrowseDetailClient.tsx","1618","old","Current typography, field placeholder, threshold, coordination/storage or ordinary word containing the search substring."
"frontend","src/app/browse/[slug]/BrowseDetailClient.tsx","1650","old","Current typography, field placeholder, threshold, coordination/storage or ordinary word containing the search substring."
"frontend","src/app/browse/[slug]/BrowseDetailClient.tsx","1651","old","Current typography, field placeholder, threshold, coordination/storage or ordinary word containing the search substring."
"frontend","src/app/browse/[slug]/BrowseDetailClient.tsx","1652","old","Current typography, field placeholder, threshold, coordination/storage or ordinary word containing the search substring."
"frontend","src/app/browse/[slug]/BrowseDetailClient.tsx","1669","old","Current typography, field placeholder, threshold, coordination/storage or ordinary word containing the search substring."
"frontend","src/app/browse/[slug]/BrowseDetailClient.tsx","1677","old","Current typography, field placeholder, threshold, coordination/storage or ordinary word containing the search substring."
"frontend","src/app/browse/[slug]/BrowseDetailClient.tsx","1678","old","Current typography, field placeholder, threshold, coordination/storage or ordinary word containing the search substring."
"frontend","src/app/browse/[slug]/BrowseDetailClient.tsx","1693","old","Current typography, field placeholder, threshold, coordination/storage or ordinary word containing the search substring."
"frontend","src/app/browse/[slug]/BrowseDetailClient.tsx","1708","old","Current typography, field placeholder, threshold, coordination/storage or ordinary word containing the search substring."
"frontend","src/app/browse/[slug]/BrowseDetailClient.tsx","1735","old","Current typography, field placeholder, threshold, coordination/storage or ordinary word containing the search substring."
"frontend","src/app/browse/[slug]/BrowseDetailClient.tsx","1739","old","Current typography, field placeholder, threshold, coordination/storage or ordinary word containing the search substring."
"frontend","src/app/browse/[slug]/BrowseDetailClient.tsx","1740","old","Current typography, field placeholder, threshold, coordination/storage or ordinary word containing the search substring."
"frontend","src/app/browse/[slug]/BrowseDetailClient.tsx","1742","old","Current typography, field placeholder, threshold, coordination/storage or ordinary word containing the search substring."
"frontend","src/app/browse/[slug]/BrowseDetailClient.tsx","1746","old","Current typography, field placeholder, threshold, coordination/storage or ordinary word containing the search substring."
"frontend","src/app/browse/[slug]/BrowseDetailClient.tsx","1750","old","Current typography, field placeholder, threshold, coordination/storage or ordinary word containing the search substring."
"frontend","src/app/browse/[slug]/BrowseDetailClient.tsx","1776","old","Current typography, field placeholder, threshold, coordination/storage or ordinary word containing the search substring."
"frontend","src/app/browse/[slug]/BrowseDetailClient.tsx","1780","old","Current typography, field placeholder, threshold, coordination/storage or ordinary word containing the search substring."
"frontend","src/app/browse/[slug]/BrowseDetailClient.tsx","1799","old","Current typography, field placeholder, threshold, coordination/storage or ordinary word containing the search substring."
"frontend","src/app/browse/[slug]/BrowseDetailClient.tsx","1811","old","Current typography, field placeholder, threshold, coordination/storage or ordinary word containing the search substring."
"frontend","src/app/browse/[slug]/BrowseDetailClient.tsx","1815","old","Current typography, field placeholder, threshold, coordination/storage or ordinary word containing the search substring."
"frontend","src/app/browse/[slug]/BrowseDetailClient.tsx","1819","old","Current typography, field placeholder, threshold, coordination/storage or ordinary word containing the search substring."
"frontend","src/app/browse/[slug]/BrowseDetailClient.tsx","1826","old","Current typography, field placeholder, threshold, coordination/storage or ordinary word containing the search substring."
"frontend","src/app/browse/[slug]/BrowseDetailClient.tsx","1830","old","Current typography, field placeholder, threshold, coordination/storage or ordinary word containing the search substring."
"frontend","src/app/browse/[slug]/BrowseDetailClient.tsx","1848","old","Current typography, field placeholder, threshold, coordination/storage or ordinary word containing the search substring."
"frontend","src/app/browse/[slug]/BrowseDetailClient.tsx","1850","old","Current typography, field placeholder, threshold, coordination/storage or ordinary word containing the search substring."
"frontend","src/app/browse/[slug]/BrowseDetailClient.tsx","1859","old","Current typography, field placeholder, threshold, coordination/storage or ordinary word containing the search substring."
"frontend","src/app/browse/[slug]/BrowseDetailClient.tsx","1863","old","Current typography, field placeholder, threshold, coordination/storage or ordinary word containing the search substring."
"frontend","src/app/browse/[slug]/BrowseDetailClient.tsx","1867","old","Current typography, field placeholder, threshold, coordination/storage or ordinary word containing the search substring."
"frontend","src/app/browse/[slug]/BrowseDetailClient.tsx","1880","old","Current typography, field placeholder, threshold, coordination/storage or ordinary word containing the search substring."
"frontend","src/app/browse/[slug]/BrowseDetailClient.tsx","1884","old","Current typography, field placeholder, threshold, coordination/storage or ordinary word containing the search substring."
"frontend","src/app/browse/[slug]/BrowseDetailClient.tsx","1899","old","Current typography, field placeholder, threshold, coordination/storage or ordinary word containing the search substring."
"frontend","src/app/browse/[slug]/BrowseDetailClient.tsx","1912","old","Current typography, field placeholder, threshold, coordination/storage or ordinary word containing the search substring."
"frontend","src/app/browse/[slug]/BrowseDetailClient.tsx","1916","old","Current typography, field placeholder, threshold, coordination/storage or ordinary word containing the search substring."
"frontend","src/app/browse/[slug]/BrowseDetailClient.tsx","1931","old","Current typography, field placeholder, threshold, coordination/storage or ordinary word containing the search substring."
"frontend","src/app/browse/[slug]/BrowseDetailClient.tsx","1944","old","Current typography, field placeholder, threshold, coordination/storage or ordinary word containing the search substring."
"frontend","src/app/browse/[slug]/BrowseDetailClient.tsx","1948","old","Current typography, field placeholder, threshold, coordination/storage or ordinary word containing the search substring."
"frontend","src/app/browse/[slug]/BrowseDetailClient.tsx","1962","old","Current typography, field placeholder, threshold, coordination/storage or ordinary word containing the search substring."
"frontend","src/app/browse/[slug]/BrowseDetailClient.tsx","1979","old","Current typography, field placeholder, threshold, coordination/storage or ordinary word containing the search substring."
"frontend","src/app/browse/[slug]/BrowseDetailClient.tsx","1980","old","Current typography, field placeholder, threshold, coordination/storage or ordinary word containing the search substring."
"frontend","src/app/browse/[slug]/BrowseDetailClient.tsx","1998","old","Current typography, field placeholder, threshold, coordination/storage or ordinary word containing the search substring."
"frontend","src/app/browse/[slug]/BrowseDetailClient.tsx","2006","old","Current typography, field placeholder, threshold, coordination/storage or ordinary word containing the search substring."
"frontend","src/app/browse/[slug]/BrowseDetailClient.tsx","2013","old","Current typography, field placeholder, threshold, coordination/storage or ordinary word containing the search substring."
"frontend","src/app/browse/[slug]/BrowseDetailClient.tsx","2016","old","Current typography, field placeholder, threshold, coordination/storage or ordinary word containing the search substring."
"frontend","src/app/browse/[slug]/BrowseDetailClient.tsx","2024","old","Current typography, field placeholder, threshold, coordination/storage or ordinary word containing the search substring."
"frontend","src/app/browse/[slug]/BrowseDetailClient.tsx","2035","old","Current typography, field placeholder, threshold, coordination/storage or ordinary word containing the search substring."
"frontend","src/app/browse/[slug]/BrowseDetailClient.tsx","2048","old","Current typography, field placeholder, threshold, coordination/storage or ordinary word containing the search substring."
"frontend","src/app/browse/[slug]/BrowseDetailClient.tsx","2070","old","Current typography, field placeholder, threshold, coordination/storage or ordinary word containing the search substring."
"frontend","src/app/browse/[slug]/BrowseDetailClient.tsx","2078","old","Current typography, field placeholder, threshold, coordination/storage or ordinary word containing the search substring."
"frontend","src/app/browse/[slug]/BrowseDetailClient.tsx","2087","old","Current typography, field placeholder, threshold, coordination/storage or ordinary word containing the search substring."
"frontend","src/app/browse/[slug]/BrowseDetailClient.tsx","2099","old","Current typography, field placeholder, threshold, coordination/storage or ordinary word containing the search substring."
"frontend","src/app/browse/[slug]/BrowseDetailClient.tsx","2109","old","Current typography, field placeholder, threshold, coordination/storage or ordinary word containing the search substring."
"frontend","src/app/browse/[slug]/BrowseDetailClient.tsx","2112","old","Current typography, field placeholder, threshold, coordination/storage or ordinary word containing the search substring."
"frontend","src/app/browse/[slug]/BrowseDetailClient.tsx","2122","old","Current typography, field placeholder, threshold, coordination/storage or ordinary word containing the search substring."
"frontend","src/app/browse/[slug]/BrowseDetailClient.tsx","2128","old","Current typography, field placeholder, threshold, coordination/storage or ordinary word containing the search substring."
"frontend","src/app/browse/[slug]/BrowseDetailClient.tsx","2138","old","Current typography, field placeholder, threshold, coordination/storage or ordinary word containing the search substring."
"frontend","src/app/browse/[slug]/BrowseDetailClient.tsx","2144","old","Current typography, field placeholder, threshold, coordination/storage or ordinary word containing the search substring."
"frontend","src/app/browse/[slug]/BrowseDetailClient.tsx","2156","old","Current typography, field placeholder, threshold, coordination/storage or ordinary word containing the search substring."
"frontend","src/app/browse/[slug]/BrowseDetailClient.tsx","2177","old","Current typography, field placeholder, threshold, coordination/storage or ordinary word containing the search substring."
"frontend","src/app/browse/[slug]/BrowseDetailClient.tsx","2184","old","Current typography, field placeholder, threshold, coordination/storage or ordinary word containing the search substring."
"frontend","src/app/browse/[slug]/BrowseDetailClient.tsx","2226","old","Current typography, field placeholder, threshold, coordination/storage or ordinary word containing the search substring."
"frontend","src/app/browse/[slug]/BrowseDetailClient.tsx","2239","old","Current typography, field placeholder, threshold, coordination/storage or ordinary word containing the search substring."
"frontend","src/app/browse/[slug]/BrowseDetailClient.tsx","2243","old","Current typography, field placeholder, threshold, coordination/storage or ordinary word containing the search substring."
"frontend","src/app/browse/[slug]/BrowseDetailClient.tsx","2252","old","Current typography, field placeholder, threshold, coordination/storage or ordinary word containing the search substring."
"frontend","src/app/browse/[slug]/BrowseDetailClient.tsx","2281","old","Current typography, field placeholder, threshold, coordination/storage or ordinary word containing the search substring."
"frontend","src/app/browse/[slug]/BrowseDetailClient.tsx","2286","old","Current typography, field placeholder, threshold, coordination/storage or ordinary word containing the search substring."
"frontend","src/app/browse/[slug]/BrowseDetailClient.tsx","2355","old","Current typography, field placeholder, threshold, coordination/storage or ordinary word containing the search substring."
"frontend","src/app/check-in/page.tsx","166","old","Current typography, field placeholder, threshold, coordination/storage or ordinary word containing the search substring."
"frontend","src/app/check-in/page.tsx","170","old","Current typography, field placeholder, threshold, coordination/storage or ordinary word containing the search substring."
"frontend","src/app/check-in/page.tsx","195","old","Current typography, field placeholder, threshold, coordination/storage or ordinary word containing the search substring."
"frontend","src/app/check-in/page.tsx","204","old","Current typography, field placeholder, threshold, coordination/storage or ordinary word containing the search substring."
"frontend","src/app/check-in/page.tsx","214","old","Current typography, field placeholder, threshold, coordination/storage or ordinary word containing the search substring."
"frontend","src/app/check-in/page.tsx","230","old","Current typography, field placeholder, threshold, coordination/storage or ordinary word containing the search substring."
"frontend","src/app/check-in/page.tsx","245","old","Current typography, field placeholder, threshold, coordination/storage or ordinary word containing the search substring."
"frontend","src/app/check-in/page.tsx","264","old","Current typography, field placeholder, threshold, coordination/storage or ordinary word containing the search substring."
"frontend","src/app/check-in/page.tsx","275","old","Current typography, field placeholder, threshold, coordination/storage or ordinary word containing the search substring."
"frontend","src/app/check-in/page.tsx","285","old","Current typography, field placeholder, threshold, coordination/storage or ordinary word containing the search substring."
"frontend","src/app/check-in/page.tsx","297","old","Current typography, field placeholder, threshold, coordination/storage or ordinary word containing the search substring."
"frontend","src/app/check-in/page.tsx","306","old","Current typography, field placeholder, threshold, coordination/storage or ordinary word containing the search substring."
"frontend","src/app/check-in/page.tsx","316","old","Current typography, field placeholder, threshold, coordination/storage or ordinary word containing the search substring."
"frontend","src/app/check-in/page.tsx","329","old","Current typography, field placeholder, threshold, coordination/storage or ordinary word containing the search substring."
"frontend","src/app/check-in/page.tsx","349","old","Current typography, field placeholder, threshold, coordination/storage or ordinary word containing the search substring."
"frontend","src/app/check-in/page.tsx","356","old","Current typography, field placeholder, threshold, coordination/storage or ordinary word containing the search substring."
"frontend","src/app/check-in/page.tsx","373","old","Current typography, field placeholder, threshold, coordination/storage or ordinary word containing the search substring."
"frontend","src/app/check-in/page.tsx","381","old","Current typography, field placeholder, threshold, coordination/storage or ordinary word containing the search substring."
"frontend","src/app/doctor/[slug]/page.tsx","109","old","Current typography, field placeholder, threshold, coordination/storage or ordinary word containing the search substring."
"frontend","src/app/doctor/[slug]/page.tsx","111","old","Current typography, field placeholder, threshold, coordination/storage or ordinary word containing the search substring."
"frontend","src/app/doctor/[slug]/page.tsx","116","old","Current typography, field placeholder, threshold, coordination/storage or ordinary word containing the search substring."
"frontend","src/app/doctor/[slug]/page.tsx","117","old","Current typography, field placeholder, threshold, coordination/storage or ordinary word containing the search substring."
"frontend","src/app/doctor/[slug]/page.tsx","122","old","Current typography, field placeholder, threshold, coordination/storage or ordinary word containing the search substring."
"frontend","src/app/doctor/[slug]/page.tsx","127","old","Current typography, field placeholder, threshold, coordination/storage or ordinary word containing the search substring."
"frontend","src/app/doctor/[slug]/page.tsx","131","old","Current typography, field placeholder, threshold, coordination/storage or ordinary word containing the search substring."
"frontend","src/app/doctor/[slug]/page.tsx","133","old","Current typography, field placeholder, threshold, coordination/storage or ordinary word containing the search substring."
"frontend","src/app/doctor/[slug]/page.tsx","142","old","Current typography, field placeholder, threshold, coordination/storage or ordinary word containing the search substring."
"frontend","src/app/doctor/[slug]/page.tsx","144","old","Current typography, field placeholder, threshold, coordination/storage or ordinary word containing the search substring."
"frontend","src/app/doctor/[slug]/page.tsx","146","old","Current typography, field placeholder, threshold, coordination/storage or ordinary word containing the search substring."
"frontend","src/app/doctor/[slug]/page.tsx","149","old","Current typography, field placeholder, threshold, coordination/storage or ordinary word containing the search substring."
"frontend","src/app/doctor/[slug]/page.tsx","150","old","Current typography, field placeholder, threshold, coordination/storage or ordinary word containing the search substring."
"frontend","src/app/global-error.tsx","23","v2","SVG vertical-path drawing command followed by a coordinate; not a versioned implementation."
"frontend","src/app/global-error.tsx","27","old","Current typography, field placeholder, threshold, coordination/storage or ordinary word containing the search substring."
"frontend","src/app/global-error.tsx","36","old","Current typography, field placeholder, threshold, coordination/storage or ordinary word containing the search substring."
"frontend","src/app/global-error.tsx","42","old","Current typography, field placeholder, threshold, coordination/storage or ordinary word containing the search substring."
"frontend","src/app/globals.css","540","old","Previous value, response, worker claim, date or record used by current recovery, integrity or documentation; not a second domain representation."
"frontend","src/app/globals.css","547","old","Previous value, response, worker claim, date or record used by current recovery, integrity or documentation; not a second domain representation."
"frontend","src/app/join/[locationSlug]/page.tsx","188","old","Current typography, field placeholder, threshold, coordination/storage or ordinary word containing the search substring."
"frontend","src/app/join/[locationSlug]/page.tsx","211","old","Current typography, field placeholder, threshold, coordination/storage or ordinary word containing the search substring."
"frontend","src/app/join/[locationSlug]/page.tsx","253","old","Current typography, field placeholder, threshold, coordination/storage or ordinary word containing the search substring."
"frontend","src/app/join/[locationSlug]/page.tsx","270","old","Current typography, field placeholder, threshold, coordination/storage or ordinary word containing the search substring."
"frontend","src/app/join/[locationSlug]/page.tsx","289","old","Current typography, field placeholder, threshold, coordination/storage or ordinary word containing the search substring."
"frontend","src/app/join/[locationSlug]/page.tsx","293","old","Current typography, field placeholder, threshold, coordination/storage or ordinary word containing the search substring."
"frontend","src/app/join/[locationSlug]/page.tsx","314","old","Current typography, field placeholder, threshold, coordination/storage or ordinary word containing the search substring."
"frontend","src/app/join/[locationSlug]/page.tsx","318","old","Current typography, field placeholder, threshold, coordination/storage or ordinary word containing the search substring."
"frontend","src/app/join/[locationSlug]/page.tsx","327","old","Current typography, field placeholder, threshold, coordination/storage or ordinary word containing the search substring."
"frontend","src/app/join/[locationSlug]/page.tsx","332","old","Current typography, field placeholder, threshold, coordination/storage or ordinary word containing the search substring."
"frontend","src/app/join/[locationSlug]/page.tsx","337","old","Current typography, field placeholder, threshold, coordination/storage or ordinary word containing the search substring."
"frontend","src/app/join/[locationSlug]/page.tsx","347","old","Current typography, field placeholder, threshold, coordination/storage or ordinary word containing the search substring."
"frontend","src/app/join/[locationSlug]/page.tsx","355","old","Current typography, field placeholder, threshold, coordination/storage or ordinary word containing the search substring."
"frontend","src/app/join/[locationSlug]/page.tsx","363","old","Current typography, field placeholder, threshold, coordination/storage or ordinary word containing the search substring."
"frontend","src/app/join/[locationSlug]/page.tsx","366","old","Current typography, field placeholder, threshold, coordination/storage or ordinary word containing the search substring."
"frontend","src/app/join/[locationSlug]/page.tsx","372","old","Current typography, field placeholder, threshold, coordination/storage or ordinary word containing the search substring."
"frontend","src/app/join/[locationSlug]/page.tsx","386","old","Current typography, field placeholder, threshold, coordination/storage or ordinary word containing the search substring."
"frontend","src/app/join/[locationSlug]/page.tsx","390","old","Current typography, field placeholder, threshold, coordination/storage or ordinary word containing the search substring."
"frontend","src/app/join/[locationSlug]/page.tsx","400","old","Current typography, field placeholder, threshold, coordination/storage or ordinary word containing the search substring."
"frontend","src/app/join/[locationSlug]/page.tsx","411","old","Current typography, field placeholder, threshold, coordination/storage or ordinary word containing the search substring."
"frontend","src/app/join/[locationSlug]/page.tsx","425","old","Current typography, field placeholder, threshold, coordination/storage or ordinary word containing the search substring."
"frontend","src/app/join/[locationSlug]/page.tsx","431","old","Current typography, field placeholder, threshold, coordination/storage or ordinary word containing the search substring."
"frontend","src/app/join/[locationSlug]/page.tsx","434","old","Current typography, field placeholder, threshold, coordination/storage or ordinary word containing the search substring."
"frontend","src/app/join/[locationSlug]/page.tsx","443","old","Current typography, field placeholder, threshold, coordination/storage or ordinary word containing the search substring."
"frontend","src/app/join/[locationSlug]/page.tsx","486","old","Current typography, field placeholder, threshold, coordination/storage or ordinary word containing the search substring."
"frontend","src/app/join/[locationSlug]/page.tsx","508","old","Current typography, field placeholder, threshold, coordination/storage or ordinary word containing the search substring."
"frontend","src/app/join/[locationSlug]/page.tsx","554","old","Current typography, field placeholder, threshold, coordination/storage or ordinary word containing the search substring."
"frontend","src/app/join/[locationSlug]/page.tsx","569","old","Current typography, field placeholder, threshold, coordination/storage or ordinary word containing the search substring."
"frontend","src/app/join/[locationSlug]/page.tsx","572","old","Current typography, field placeholder, threshold, coordination/storage or ordinary word containing the search substring."
"frontend","src/app/not-found.tsx","23","old","Current typography, field placeholder, threshold, coordination/storage or ordinary word containing the search substring."
"frontend","src/app/not-found.tsx","33","old","Current typography, field placeholder, threshold, coordination/storage or ordinary word containing the search substring."
"frontend","src/app/not-found.tsx","42","old","Current typography, field placeholder, threshold, coordination/storage or ordinary word containing the search substring."
"frontend","src/app/pricing/page.tsx","37","old","Current typography, field placeholder, threshold, coordination/storage or ordinary word containing the search substring."
"frontend","src/app/queue-tv/page.tsx","299","old","Current typography, field placeholder, threshold, coordination/storage or ordinary word containing the search substring."
"frontend","src/app/queue-tv/page.tsx","306","old","Current typography, field placeholder, threshold, coordination/storage or ordinary word containing the search substring."
"frontend","src/app/queue-tv/page.tsx","346","old","Current typography, field placeholder, threshold, coordination/storage or ordinary word containing the search substring."
"frontend","src/app/queue-tv/page.tsx","378","old","Current typography, field placeholder, threshold, coordination/storage or ordinary word containing the search substring."
"frontend","src/app/queue-tv/page.tsx","391","old","Current typography, field placeholder, threshold, coordination/storage or ordinary word containing the search substring."
"frontend","src/app/queue-tv/page.tsx","407","old","Current typography, field placeholder, threshold, coordination/storage or ordinary word containing the search substring."
"frontend","src/app/queue-tv/page.tsx","441","old","Current typography, field placeholder, threshold, coordination/storage or ordinary word containing the search substring."
"frontend","src/app/queue-tv/page.tsx","457","old","Current typography, field placeholder, threshold, coordination/storage or ordinary word containing the search substring."
"frontend","src/app/queue-tv/page.tsx","470","old","Current typography, field placeholder, threshold, coordination/storage or ordinary word containing the search substring."
"frontend","src/app/queue-tv/page.tsx","475","old","Current typography, field placeholder, threshold, coordination/storage or ordinary word containing the search substring."
"frontend","src/app/queue-tv/page.tsx","483","old","Current typography, field placeholder, threshold, coordination/storage or ordinary word containing the search substring."
"frontend","src/app/queue-tv/page.tsx","491","old","Current typography, field placeholder, threshold, coordination/storage or ordinary word containing the search substring."
"frontend","src/app/queue-tv/page.tsx","522","old","Current typography, field placeholder, threshold, coordination/storage or ordinary word containing the search substring."
"frontend","src/app/queue-tv/page.tsx","536","old","Current typography, field placeholder, threshold, coordination/storage or ordinary word containing the search substring."
"frontend","src/app/queue-tv/page.tsx","541","old","Current typography, field placeholder, threshold, coordination/storage or ordinary word containing the search substring."
"frontend","src/app/queue-tv/page.tsx","546","old","Current typography, field placeholder, threshold, coordination/storage or ordinary word containing the search substring."
"frontend","src/app/queue-tv/page.tsx","559","old","Current typography, field placeholder, threshold, coordination/storage or ordinary word containing the search substring."
"frontend","src/app/queue-tv/page.tsx","567","old","Current typography, field placeholder, threshold, coordination/storage or ordinary word containing the search substring."
"frontend","src/app/queue-tv/page.tsx","591","old","Current typography, field placeholder, threshold, coordination/storage or ordinary word containing the search substring."
"frontend","src/app/queue-tv/page.tsx","602","old","Current typography, field placeholder, threshold, coordination/storage or ordinary word containing the search substring."
"frontend","src/app/queue-tv/page.tsx","606","old","Current typography, field placeholder, threshold, coordination/storage or ordinary word containing the search substring."
"frontend","src/app/queue-tv/page.tsx","610","old","Current typography, field placeholder, threshold, coordination/storage or ordinary word containing the search substring."
"frontend","src/app/track/[appointmentId]/page.tsx","638","old","Current typography, field placeholder, threshold, coordination/storage or ordinary word containing the search substring."
"frontend","src/app/track/[appointmentId]/page.tsx","651","old","Current typography, field placeholder, threshold, coordination/storage or ordinary word containing the search substring."
"frontend","src/app/track/[appointmentId]/page.tsx","706","old","Current typography, field placeholder, threshold, coordination/storage or ordinary word containing the search substring."
"frontend","src/app/track/[appointmentId]/page.tsx","744","old","Current typography, field placeholder, threshold, coordination/storage or ordinary word containing the search substring."
"frontend","src/app/track/[appointmentId]/page.tsx","759","old","Current typography, field placeholder, threshold, coordination/storage or ordinary word containing the search substring."
"frontend","src/app/track/[appointmentId]/page.tsx","777","old","Current typography, field placeholder, threshold, coordination/storage or ordinary word containing the search substring."
"frontend","src/app/track/[appointmentId]/page.tsx","778","old","Current typography, field placeholder, threshold, coordination/storage or ordinary word containing the search substring."
"frontend","src/app/track/[appointmentId]/page.tsx","779","old","Current typography, field placeholder, threshold, coordination/storage or ordinary word containing the search substring."
"frontend","src/app/track/[appointmentId]/page.tsx","783","old","Current typography, field placeholder, threshold, coordination/storage or ordinary word containing the search substring."
"frontend","src/app/track/[appointmentId]/page.tsx","786","old","Current typography, field placeholder, threshold, coordination/storage or ordinary word containing the search substring."
"frontend","src/app/track/[appointmentId]/page.tsx","799","old","Current typography, field placeholder, threshold, coordination/storage or ordinary word containing the search substring."
"frontend","src/app/track/[appointmentId]/page.tsx","809","old","Current typography, field placeholder, threshold, coordination/storage or ordinary word containing the search substring."
"frontend","src/app/track/[appointmentId]/page.tsx","811","old","Current typography, field placeholder, threshold, coordination/storage or ordinary word containing the search substring."
"frontend","src/app/track/[appointmentId]/page.tsx","833","old","Current typography, field placeholder, threshold, coordination/storage or ordinary word containing the search substring."
"frontend","src/app/track/[appointmentId]/page.tsx","843","old","Current typography, field placeholder, threshold, coordination/storage or ordinary word containing the search substring."
"frontend","src/app/track/[appointmentId]/page.tsx","877","old","Current typography, field placeholder, threshold, coordination/storage or ordinary word containing the search substring."
"frontend","src/app/track/[appointmentId]/page.tsx","880","old","Current typography, field placeholder, threshold, coordination/storage or ordinary word containing the search substring."
"frontend","src/app/track/[appointmentId]/page.tsx","892","old","Current typography, field placeholder, threshold, coordination/storage or ordinary word containing the search substring."
"frontend","src/app/track/[appointmentId]/page.tsx","898","old","Current typography, field placeholder, threshold, coordination/storage or ordinary word containing the search substring."
"frontend","src/app/track/[appointmentId]/page.tsx","909","old","Current typography, field placeholder, threshold, coordination/storage or ordinary word containing the search substring."
"frontend","src/app/track/[appointmentId]/page.tsx","940","old","Current typography, field placeholder, threshold, coordination/storage or ordinary word containing the search substring."
"frontend","src/app/track/[appointmentId]/page.tsx","941","old","Current typography, field placeholder, threshold, coordination/storage or ordinary word containing the search substring."
"frontend","src/app/track/[appointmentId]/page.tsx","951","old","Current typography, field placeholder, threshold, coordination/storage or ordinary word containing the search substring."
"frontend","src/app/track/[appointmentId]/page.tsx","960","old","Current typography, field placeholder, threshold, coordination/storage or ordinary word containing the search substring."
"frontend","src/app/track/[appointmentId]/page.tsx","985","old","Current typography, field placeholder, threshold, coordination/storage or ordinary word containing the search substring."
"frontend","src/app/track/[appointmentId]/page.tsx","996","old","Current typography, field placeholder, threshold, coordination/storage or ordinary word containing the search substring."
"frontend","src/app/track/[appointmentId]/page.tsx","998","old","Current typography, field placeholder, threshold, coordination/storage or ordinary word containing the search substring."
"frontend","src/app/track/[appointmentId]/page.tsx","1017","old","Current typography, field placeholder, threshold, coordination/storage or ordinary word containing the search substring."
"frontend","src/app/track/[appointmentId]/page.tsx","1021","old","Current typography, field placeholder, threshold, coordination/storage or ordinary word containing the search substring."
"frontend","src/app/track/[appointmentId]/page.tsx","1025","old","Current typography, field placeholder, threshold, coordination/storage or ordinary word containing the search substring."
"frontend","src/app/track/[appointmentId]/page.tsx","1033","old","Current typography, field placeholder, threshold, coordination/storage or ordinary word containing the search substring."
"frontend","src/app/track/[appointmentId]/page.tsx","1034","old","Current typography, field placeholder, threshold, coordination/storage or ordinary word containing the search substring."
"frontend","src/app/track/[appointmentId]/page.tsx","1041","old","Current typography, field placeholder, threshold, coordination/storage or ordinary word containing the search substring."
"frontend","src/app/track/[appointmentId]/page.tsx","1042","old","Current typography, field placeholder, threshold, coordination/storage or ordinary word containing the search substring."
"frontend","src/app/track/[appointmentId]/page.tsx","1049","old","Current typography, field placeholder, threshold, coordination/storage or ordinary word containing the search substring."
"frontend","src/app/track/[appointmentId]/page.tsx","1050","old","Current typography, field placeholder, threshold, coordination/storage or ordinary word containing the search substring."
"frontend","src/app/track/[appointmentId]/page.tsx","1057","old","Current typography, field placeholder, threshold, coordination/storage or ordinary word containing the search substring."
"frontend","src/app/track/[appointmentId]/page.tsx","1058","old","Current typography, field placeholder, threshold, coordination/storage or ordinary word containing the search substring."
"frontend","src/app/track/[appointmentId]/page.tsx","1065","old","Current typography, field placeholder, threshold, coordination/storage or ordinary word containing the search substring."
"frontend","src/app/track/[appointmentId]/page.tsx","1066","old","Current typography, field placeholder, threshold, coordination/storage or ordinary word containing the search substring."
"frontend","src/app/track/[appointmentId]/page.tsx","1073","old","Current typography, field placeholder, threshold, coordination/storage or ordinary word containing the search substring."
"frontend","src/app/track/[appointmentId]/page.tsx","1074","old","Current typography, field placeholder, threshold, coordination/storage or ordinary word containing the search substring."
"frontend","src/app/track/[appointmentId]/page.tsx","1083","old","Current typography, field placeholder, threshold, coordination/storage or ordinary word containing the search substring."
"frontend","src/app/track/[appointmentId]/page.tsx","1099","old","Current typography, field placeholder, threshold, coordination/storage or ordinary word containing the search substring."
"frontend","src/app/track/[appointmentId]/page.tsx","1103","old","Current typography, field placeholder, threshold, coordination/storage or ordinary word containing the search substring."
"frontend","src/app/track/[appointmentId]/page.tsx","1128","old","Current typography, field placeholder, threshold, coordination/storage or ordinary word containing the search substring."
"frontend","src/app/track/[appointmentId]/page.tsx","1138","old","Current typography, field placeholder, threshold, coordination/storage or ordinary word containing the search substring."
"frontend","src/app/track/[appointmentId]/page.tsx","1146","old","Current typography, field placeholder, threshold, coordination/storage or ordinary word containing the search substring."
"frontend","src/app/track/[appointmentId]/page.tsx","1153","old","Current typography, field placeholder, threshold, coordination/storage or ordinary word containing the search substring."
"frontend","src/app/track/[appointmentId]/page.tsx","1179","old","Current typography, field placeholder, threshold, coordination/storage or ordinary word containing the search substring."
"frontend","src/app/track/[appointmentId]/page.tsx","1190","old","Current typography, field placeholder, threshold, coordination/storage or ordinary word containing the search substring."
"frontend","src/app/track/[appointmentId]/page.tsx","1205","old","Current typography, field placeholder, threshold, coordination/storage or ordinary word containing the search substring."
"frontend","src/app/track/[appointmentId]/page.tsx","1219","old","Current typography, field placeholder, threshold, coordination/storage or ordinary word containing the search substring."
"frontend","src/app/track/[appointmentId]/page.tsx","1224","old","Current typography, field placeholder, threshold, coordination/storage or ordinary word containing the search substring."
"frontend","src/app/track/[appointmentId]/page.tsx","1232","old","Current typography, field placeholder, threshold, coordination/storage or ordinary word containing the search substring."
"frontend","src/app/track/[appointmentId]/page.tsx","1240","old","Current typography, field placeholder, threshold, coordination/storage or ordinary word containing the search substring."
"frontend","src/app/track/[appointmentId]/page.tsx","1241","old","Current typography, field placeholder, threshold, coordination/storage or ordinary word containing the search substring."
"frontend","src/app/track/[appointmentId]/page.tsx","1244","old","Current typography, field placeholder, threshold, coordination/storage or ordinary word containing the search substring."
"frontend","src/app/track/[appointmentId]/page.tsx","1245","old","Current typography, field placeholder, threshold, coordination/storage or ordinary word containing the search substring."
"frontend","src/app/track/[appointmentId]/page.tsx","1267","old","Current typography, field placeholder, threshold, coordination/storage or ordinary word containing the search substring."
"frontend","src/app/track/[appointmentId]/page.tsx","1281","old","Current typography, field placeholder, threshold, coordination/storage or ordinary word containing the search substring."
"frontend","src/app/track/[appointmentId]/page.tsx","1286","old","Current typography, field placeholder, threshold, coordination/storage or ordinary word containing the search substring."
"frontend","src/app/track/[appointmentId]/page.tsx","1294","old","Current typography, field placeholder, threshold, coordination/storage or ordinary word containing the search substring."
"frontend","src/app/track/[appointmentId]/page.tsx","1310","old","Current typography, field placeholder, threshold, coordination/storage or ordinary word containing the search substring."
"frontend","src/app/track/[appointmentId]/page.tsx","1321","old","Current typography, field placeholder, threshold, coordination/storage or ordinary word containing the search substring."
"frontend","src/app/track/[appointmentId]/page.tsx","1325","old","Current typography, field placeholder, threshold, coordination/storage or ordinary word containing the search substring."
"frontend","src/app/track/[appointmentId]/page.tsx","1332","old","Current typography, field placeholder, threshold, coordination/storage or ordinary word containing the search substring."
"frontend","src/app/track/[appointmentId]/page.tsx","1341","old","Current typography, field placeholder, threshold, coordination/storage or ordinary word containing the search substring."
"frontend","src/app/track/[appointmentId]/page.tsx","1350","old","Current typography, field placeholder, threshold, coordination/storage or ordinary word containing the search substring."
"frontend","src/app/track/[appointmentId]/page.tsx","1361","old","Current typography, field placeholder, threshold, coordination/storage or ordinary word containing the search substring."
"frontend","src/app/track/[appointmentId]/page.tsx","1365","old","Current typography, field placeholder, threshold, coordination/storage or ordinary word containing the search substring."
"frontend","src/app/track/[appointmentId]/page.tsx","1389","old","Current typography, field placeholder, threshold, coordination/storage or ordinary word containing the search substring."
"frontend","src/app/track/[appointmentId]/page.tsx","1403","old","Current typography, field placeholder, threshold, coordination/storage or ordinary word containing the search substring."
"frontend","src/app/track/[appointmentId]/page.tsx","1429","old","Current typography, field placeholder, threshold, coordination/storage or ordinary word containing the search substring."
"frontend","src/app/track/[appointmentId]/page.tsx","1449","old","Current typography, field placeholder, threshold, coordination/storage or ordinary word containing the search substring."
"frontend","src/app/track/[appointmentId]/page.tsx","1451","old","Current typography, field placeholder, threshold, coordination/storage or ordinary word containing the search substring."
"frontend","src/app/track/[appointmentId]/page.tsx","1457","old","Current typography, field placeholder, threshold, coordination/storage or ordinary word containing the search substring."
"frontend","src/app/track/[appointmentId]/page.tsx","1458","old","Current typography, field placeholder, threshold, coordination/storage or ordinary word containing the search substring."
"frontend","src/app/track/[appointmentId]/page.tsx","1461","old","Current typography, field placeholder, threshold, coordination/storage or ordinary word containing the search substring."
"frontend","src/app/track/[appointmentId]/page.tsx","1462","old","Current typography, field placeholder, threshold, coordination/storage or ordinary word containing the search substring."
"frontend","src/app/track/[appointmentId]/page.tsx","1474","old","Current typography, field placeholder, threshold, coordination/storage or ordinary word containing the search substring."
"frontend","src/app/track/[appointmentId]/page.tsx","1494","old","Current typography, field placeholder, threshold, coordination/storage or ordinary word containing the search substring."
"frontend","src/app/track/[appointmentId]/page.tsx","1509","old","Current typography, field placeholder, threshold, coordination/storage or ordinary word containing the search substring."
"frontend","src/app/track/[appointmentId]/page.tsx","1515","old","Current typography, field placeholder, threshold, coordination/storage or ordinary word containing the search substring."
"frontend","src/app/track/[appointmentId]/page.tsx","1526","old","Current typography, field placeholder, threshold, coordination/storage or ordinary word containing the search substring."
"frontend","src/app/track/[appointmentId]/page.tsx","1543","old","Current typography, field placeholder, threshold, coordination/storage or ordinary word containing the search substring."
"frontend","src/app/track/[appointmentId]/page.tsx","1552","old","Current typography, field placeholder, threshold, coordination/storage or ordinary word containing the search substring."
"frontend","src/app/track/[appointmentId]/page.tsx","1568","old","Current typography, field placeholder, threshold, coordination/storage or ordinary word containing the search substring."
"frontend","src/app/track/[appointmentId]/page.tsx","1582","old","Current typography, field placeholder, threshold, coordination/storage or ordinary word containing the search substring."
"frontend","src/app/track/[appointmentId]/page.tsx","1586","old","Current typography, field placeholder, threshold, coordination/storage or ordinary word containing the search substring."
"frontend","src/app/track/[appointmentId]/page.tsx","1595","old","Current typography, field placeholder, threshold, coordination/storage or ordinary word containing the search substring."
"frontend","src/app/track/[appointmentId]/page.tsx","1630","old","Current typography, field placeholder, threshold, coordination/storage or ordinary word containing the search substring."
"frontend","src/app/track/[appointmentId]/page.tsx","1635","old","Current typography, field placeholder, threshold, coordination/storage or ordinary word containing the search substring."
"frontend","src/app/track/[appointmentId]/page.tsx","1647","old","Current typography, field placeholder, threshold, coordination/storage or ordinary word containing the search substring."
"frontend","src/app/track/[appointmentId]/page.tsx","1655","old","Current typography, field placeholder, threshold, coordination/storage or ordinary word containing the search substring."
"frontend","src/app/track/[appointmentId]/page.tsx","1708","old","Current typography, field placeholder, threshold, coordination/storage or ordinary word containing the search substring."
"frontend","src/app/track/[appointmentId]/page.tsx","1739","old","Current typography, field placeholder, threshold, coordination/storage or ordinary word containing the search substring."
"frontend","src/app/track/[appointmentId]/page.tsx","1771","old","Current typography, field placeholder, threshold, coordination/storage or ordinary word containing the search substring."
"frontend","src/app/verify-email/page.tsx","89","old","Current typography, field placeholder, threshold, coordination/storage or ordinary word containing the search substring."
"frontend","src/components/MarketplaceNavbar.tsx","43","old","Current typography, field placeholder, threshold, coordination/storage or ordinary word containing the search substring."
"frontend","src/components/MarketplaceNavbar.tsx","44","old","Current typography, field placeholder, threshold, coordination/storage or ordinary word containing the search substring."
"frontend","src/components/MarketplaceNavbar.tsx","106","old","Current typography, field placeholder, threshold, coordination/storage or ordinary word containing the search substring."
"frontend","src/components/MarketplaceNavbar.tsx","121","old","Current typography, field placeholder, threshold, coordination/storage or ordinary word containing the search substring."
"frontend","src/components/MarketplaceNavbar.tsx","139","old","Current typography, field placeholder, threshold, coordination/storage or ordinary word containing the search substring."
"frontend","src/components/NotificationRealtime.tsx","40","old","Previous value, response, worker claim, date or record used by current recovery, integrity or documentation; not a second domain representation."
"frontend","src/components/NotificationRealtime.tsx","44","old","Previous value, response, worker claim, date or record used by current recovery, integrity or documentation; not a second domain representation."
"frontend","src/components/NotificationRealtime.tsx","45","old","Previous value, response, worker claim, date or record used by current recovery, integrity or documentation; not a second domain representation."
"frontend","src/components/NotificationRealtime.tsx","46","old","Previous value, response, worker claim, date or record used by current recovery, integrity or documentation; not a second domain representation."
"frontend","src/components/NotificationRealtime.tsx","48","old","Previous value, response, worker claim, date or record used by current recovery, integrity or documentation; not a second domain representation."
"frontend","src/components/NotificationRealtime.tsx","49","old","Previous value, response, worker claim, date or record used by current recovery, integrity or documentation; not a second domain representation."
"frontend","src/components/NotificationRealtime.tsx","50","old","Previous value, response, worker claim, date or record used by current recovery, integrity or documentation; not a second domain representation."
"frontend","src/components/NotificationRealtime.tsx","52","old","Previous value, response, worker claim, date or record used by current recovery, integrity or documentation; not a second domain representation."
"frontend","src/components/NotificationRealtime.tsx","53","old","Previous value, response, worker claim, date or record used by current recovery, integrity or documentation; not a second domain representation."
"frontend","src/components/ai/FloatingAICopilot.tsx","54","old","Current typography, field placeholder, threshold, coordination/storage or ordinary word containing the search substring."
"frontend","src/components/ai/FloatingAICopilot.tsx","74","old","Current typography, field placeholder, threshold, coordination/storage or ordinary word containing the search substring."
"frontend","src/components/ai/FloatingAICopilot.tsx","81","old","Current typography, field placeholder, threshold, coordination/storage or ordinary word containing the search substring."
"frontend","src/components/ai/FloatingAICopilot.tsx","91","old","Current typography, field placeholder, threshold, coordination/storage or ordinary word containing the search substring."
"frontend","src/components/ai/FloatingAICopilot.tsx","351","old","Current typography, field placeholder, threshold, coordination/storage or ordinary word containing the search substring."
"frontend","src/components/ai/FloatingAICopilot.tsx","366","v1","SVG vertical-path drawing command followed by a coordinate; not a versioned implementation."
"frontend","src/components/ai/FloatingAICopilot.tsx","414","old","Current typography, field placeholder, threshold, coordination/storage or ordinary word containing the search substring."
"frontend","src/components/ai/FloatingAICopilot.tsx","481","v2","SVG vertical-path drawing command followed by a coordinate; not a versioned implementation."
"frontend","src/components/ai/FloatingAICopilot.tsx","492","v1","SVG vertical-path drawing command followed by a coordinate; not a versioned implementation."
"frontend","src/components/ai/FloatingAICopilot.tsx","529","old","Current typography, field placeholder, threshold, coordination/storage or ordinary word containing the search substring."
"frontend","src/components/ai/FloatingAICopilot.tsx","623","old","Current typography, field placeholder, threshold, coordination/storage or ordinary word containing the search substring."
"frontend","src/components/ai/FloatingAICopilot.tsx","624","old","Current typography, field placeholder, threshold, coordination/storage or ordinary word containing the search substring."
"frontend","src/components/analytics/ExecutiveAnalytics.tsx","125","old","Current typography, field placeholder, threshold, coordination/storage or ordinary word containing the search substring."
"frontend","src/components/analytics/ExecutiveAnalytics.tsx","129","old","Current typography, field placeholder, threshold, coordination/storage or ordinary word containing the search substring."
"frontend","src/components/analytics/ExecutiveAnalytics.tsx","166","v1","SVG vertical-path drawing command followed by a coordinate; not a versioned implementation."
"frontend","src/components/analytics/ExecutiveAnalytics.tsx","176","v1","SVG vertical-path drawing command followed by a coordinate; not a versioned implementation."
"frontend","src/components/analytics/ExecutiveAnalytics.tsx","217","old","Current typography, field placeholder, threshold, coordination/storage or ordinary word containing the search substring."
"frontend","src/components/analytics/ExecutiveAnalytics.tsx","232","old","Current typography, field placeholder, threshold, coordination/storage or ordinary word containing the search substring."
"frontend","src/components/appointments/TodayPatients.tsx","120","old","Current typography, field placeholder, threshold, coordination/storage or ordinary word containing the search substring."
"frontend","src/components/appointments/TodayPatients.tsx","127","old","Current typography, field placeholder, threshold, coordination/storage or ordinary word containing the search substring."
"frontend","src/components/billing/PublicPlanCard.tsx","66","old","Current typography, field placeholder, threshold, coordination/storage or ordinary word containing the search substring."
"frontend","src/components/billing/PublicPlanCard.tsx","70","old","Current typography, field placeholder, threshold, coordination/storage or ordinary word containing the search substring."
"frontend","src/components/billing/UpiPaymentModal.tsx","173","old","Current typography, field placeholder, threshold, coordination/storage or ordinary word containing the search substring."
"frontend","src/components/billing/UpiPaymentModal.tsx","179","old","Current typography, field placeholder, threshold, coordination/storage or ordinary word containing the search substring."
"frontend","src/components/billing/UpiPaymentModal.tsx","190","old","Current typography, field placeholder, threshold, coordination/storage or ordinary word containing the search substring."
"frontend","src/components/billing/UpiPaymentModal.tsx","196","old","Current typography, field placeholder, threshold, coordination/storage or ordinary word containing the search substring."
"frontend","src/components/billing/UpiPaymentModal.tsx","207","old","Current typography, field placeholder, threshold, coordination/storage or ordinary word containing the search substring."
"frontend","src/components/billing/UpiPaymentModal.tsx","228","old","Current typography, field placeholder, threshold, coordination/storage or ordinary word containing the search substring."
"frontend","src/components/billing/UpiPaymentModal.tsx","242","old","Current typography, field placeholder, threshold, coordination/storage or ordinary word containing the search substring."
"frontend","src/components/billing/UpiPaymentModal.tsx","265","old","Current typography, field placeholder, threshold, coordination/storage or ordinary word containing the search substring."
"frontend","src/components/billing/UpiPaymentModal.tsx","287","old","Current typography, field placeholder, threshold, coordination/storage or ordinary word containing the search substring."
"frontend","src/components/billing/UpiPaymentModal.tsx","300","old","Current typography, field placeholder, threshold, coordination/storage or ordinary word containing the search substring."
"frontend","src/components/billing/UpiPaymentModal.tsx","310","old","Current typography, field placeholder, threshold, coordination/storage or ordinary word containing the search substring."
"frontend","src/components/billing/UpiPaymentModal.tsx","316","old","Current typography, field placeholder, threshold, coordination/storage or ordinary word containing the search substring."
"frontend","src/components/billing/UpiPaymentModal.tsx","331","old","Current typography, field placeholder, threshold, coordination/storage or ordinary word containing the search substring."
"frontend","src/components/billing/UpiPaymentModal.tsx","339","old","Current typography, field placeholder, threshold, coordination/storage or ordinary word containing the search substring."
"frontend","src/components/billing/UpiPaymentModal.tsx","344","old","Current typography, field placeholder, threshold, coordination/storage or ordinary word containing the search substring."
"frontend","src/components/clinical/AbdmRegistrationModal.tsx","278","old","Current typography, field placeholder, threshold, coordination/storage or ordinary word containing the search substring."
"frontend","src/components/clinical/AbdmRegistrationModal.tsx","290","old","Current typography, field placeholder, threshold, coordination/storage or ordinary word containing the search substring."
"frontend","src/components/clinical/AbdmRegistrationModal.tsx","302","old","Current typography, field placeholder, threshold, coordination/storage or ordinary word containing the search substring."
"frontend","src/components/clinical/AbdmRegistrationModal.tsx","314","old","Current typography, field placeholder, threshold, coordination/storage or ordinary word containing the search substring."
"frontend","src/components/clinical/AbdmRegistrationModal.tsx","328","old","Current typography, field placeholder, threshold, coordination/storage or ordinary word containing the search substring."
"frontend","src/components/clinical/AbdmRegistrationModal.tsx","346","old","Current typography, field placeholder, threshold, coordination/storage or ordinary word containing the search substring."
"frontend","src/components/clinical/AbdmRegistrationModal.tsx","352","old","Current typography, field placeholder, threshold, coordination/storage or ordinary word containing the search substring."
"frontend","src/components/clinical/AbdmRegistrationModal.tsx","354","old","Current typography, field placeholder, threshold, coordination/storage or ordinary word containing the search substring."
"frontend","src/components/clinical/AbdmRegistrationModal.tsx","363","old","Current typography, field placeholder, threshold, coordination/storage or ordinary word containing the search substring."
"frontend","src/components/clinical/AbdmRegistrationModal.tsx","365","old","Current typography, field placeholder, threshold, coordination/storage or ordinary word containing the search substring."
"frontend","src/components/clinical/AbdmRegistrationModal.tsx","378","old","Current typography, field placeholder, threshold, coordination/storage or ordinary word containing the search substring."
"frontend","src/components/clinical/AbdmRegistrationModal.tsx","388","old","Current typography, field placeholder, threshold, coordination/storage or ordinary word containing the search substring."
"frontend","src/components/clinical/AbdmRegistrationModal.tsx","398","old","Current typography, field placeholder, threshold, coordination/storage or ordinary word containing the search substring."
"frontend","src/components/clinical/AbdmRegistrationModal.tsx","400","old","Current typography, field placeholder, threshold, coordination/storage or ordinary word containing the search substring."
"frontend","src/components/clinical/AbdmRegistrationModal.tsx","405","old","Current typography, field placeholder, threshold, coordination/storage or ordinary word containing the search substring."
"frontend","src/components/clinical/AbdmRegistrationModal.tsx","409","old","Current typography, field placeholder, threshold, coordination/storage or ordinary word containing the search substring."
"frontend","src/components/clinical/AbdmRegistrationModal.tsx","411","old","Current typography, field placeholder, threshold, coordination/storage or ordinary word containing the search substring."
"frontend","src/components/clinical/AbdmRegistrationModal.tsx","418","old","Current typography, field placeholder, threshold, coordination/storage or ordinary word containing the search substring."
"frontend","src/components/clinical/AbdmRegistrationModal.tsx","420","old","Current typography, field placeholder, threshold, coordination/storage or ordinary word containing the search substring."
"frontend","src/components/clinical/AbdmRegistrationModal.tsx","427","old","Current typography, field placeholder, threshold, coordination/storage or ordinary word containing the search substring."
"frontend","src/components/clinical/AbdmRegistrationModal.tsx","440","old","Current typography, field placeholder, threshold, coordination/storage or ordinary word containing the search substring."
"frontend","src/components/clinical/AbdmRegistrationModal.tsx","447","old","Current typography, field placeholder, threshold, coordination/storage or ordinary word containing the search substring."
"frontend","src/components/clinical/AbdmRegistrationModal.tsx","467","old","Current typography, field placeholder, threshold, coordination/storage or ordinary word containing the search substring."
"frontend","src/components/clinical/AbdmRegistrationModal.tsx","477","old","Current typography, field placeholder, threshold, coordination/storage or ordinary word containing the search substring."
"frontend","src/components/clinical/AbdmRegistrationModal.tsx","481","old","Current typography, field placeholder, threshold, coordination/storage or ordinary word containing the search substring."
"frontend","src/components/clinical/AbdmRegistrationModal.tsx","485","old","Current typography, field placeholder, threshold, coordination/storage or ordinary word containing the search substring."
"frontend","src/components/clinical/AbdmRegistrationModal.tsx","510","old","Current typography, field placeholder, threshold, coordination/storage or ordinary word containing the search substring."
"frontend","src/components/clinical/AbdmRegistrationModal.tsx","519","old","Current typography, field placeholder, threshold, coordination/storage or ordinary word containing the search substring."
"frontend","src/components/clinical/AbdmRegistrationModal.tsx","534","old","Current typography, field placeholder, threshold, coordination/storage or ordinary word containing the search substring."
"frontend","src/components/clinical/AbdmRegistrationModal.tsx","539","old","Current typography, field placeholder, threshold, coordination/storage or ordinary word containing the search substring."
"frontend","src/components/clinical/AbdmRegistrationModal.tsx","548","old","Current typography, field placeholder, threshold, coordination/storage or ordinary word containing the search substring."
"frontend","src/components/clinical/AbdmRegistrationModal.tsx","559","old","Current typography, field placeholder, threshold, coordination/storage or ordinary word containing the search substring."
"frontend","src/components/clinical/AbdmRegistrationModal.tsx","570","old","Current typography, field placeholder, threshold, coordination/storage or ordinary word containing the search substring."
"frontend","src/components/clinical/AbdmRegistrationModal.tsx","592","old","Current typography, field placeholder, threshold, coordination/storage or ordinary word containing the search substring."
"frontend","src/components/clinical/AbdmRegistrationModal.tsx","607","old","Current typography, field placeholder, threshold, coordination/storage or ordinary word containing the search substring."
"frontend","src/components/clinical/AbdmRegistrationModal.tsx","615","old","Current typography, field placeholder, threshold, coordination/storage or ordinary word containing the search substring."
"frontend","src/components/clinical/AbdmRegistrationModal.tsx","626","old","Current typography, field placeholder, threshold, coordination/storage or ordinary word containing the search substring."
"frontend","src/components/clinical/AbdmRegistrationModal.tsx","634","old","Current typography, field placeholder, threshold, coordination/storage or ordinary word containing the search substring."
"frontend","src/components/clinical/AbdmRegistrationModal.tsx","650","old","Current typography, field placeholder, threshold, coordination/storage or ordinary word containing the search substring."
"frontend","src/components/clinical/AbdmRegistrationModal.tsx","653","old","Current typography, field placeholder, threshold, coordination/storage or ordinary word containing the search substring."
"frontend","src/components/clinical/AbdmRegistrationModal.tsx","662","old","Current typography, field placeholder, threshold, coordination/storage or ordinary word containing the search substring."
"frontend","src/components/clinical/AbdmRegistrationModal.tsx","697","old","Current typography, field placeholder, threshold, coordination/storage or ordinary word containing the search substring."
"frontend","src/components/clinical/AbdmRegistrationModal.tsx","710","old","Current typography, field placeholder, threshold, coordination/storage or ordinary word containing the search substring."
"frontend","src/components/clinical/AbdmRegistrationModal.tsx","715","old","Current typography, field placeholder, threshold, coordination/storage or ordinary word containing the search substring."
"frontend","src/components/clinical/AbdmRegistrationModal.tsx","721","old","Current typography, field placeholder, threshold, coordination/storage or ordinary word containing the search substring."
"frontend","src/components/clinical/AbdmRegistrationModal.tsx","760","old","Current typography, field placeholder, threshold, coordination/storage or ordinary word containing the search substring."
"frontend","src/components/clinical/AbdmRegistrationModal.tsx","806","old","Current typography, field placeholder, threshold, coordination/storage or ordinary word containing the search substring."
"frontend","src/components/clinical/AbdmRegistrationModal.tsx","821","old","Current typography, field placeholder, threshold, coordination/storage or ordinary word containing the search substring."
"frontend","src/components/clinical/AbdmRegistrationModal.tsx","838","old","Current typography, field placeholder, threshold, coordination/storage or ordinary word containing the search substring."
"frontend","src/components/clinical/AbdmRegistrationModal.tsx","863","old","Current typography, field placeholder, threshold, coordination/storage or ordinary word containing the search substring."
"frontend","src/components/clinical/AbdmRegistrationModal.tsx","869","compat","Current printer support or external health-record interoperability."
"frontend","src/components/clinical/AbdmRegistrationModal.tsx","879","old","Current typography, field placeholder, threshold, coordination/storage or ordinary word containing the search substring."
"frontend","src/components/clinical/AbdmRegistrationModal.tsx","883","old","Current typography, field placeholder, threshold, coordination/storage or ordinary word containing the search substring."
"frontend","src/components/clinical/AbdmRegistrationModal.tsx","892","old","Current typography, field placeholder, threshold, coordination/storage or ordinary word containing the search substring."
"frontend","src/components/clinical/AppointmentCalendarView.tsx","108","old","Current typography, field placeholder, threshold, coordination/storage or ordinary word containing the search substring."
"frontend","src/components/clinical/AppointmentCalendarView.tsx","121","old","Current typography, field placeholder, threshold, coordination/storage or ordinary word containing the search substring."
"frontend","src/components/clinical/AppointmentCalendarView.tsx","135","old","Current typography, field placeholder, threshold, coordination/storage or ordinary word containing the search substring."
"frontend","src/components/clinical/AppointmentCalendarView.tsx","154","old","Current typography, field placeholder, threshold, coordination/storage or ordinary word containing the search substring."
"frontend","src/components/clinical/AppointmentCalendarView.tsx","156","old","Current typography, field placeholder, threshold, coordination/storage or ordinary word containing the search substring."
"frontend","src/components/clinical/AppointmentCalendarView.tsx","160","old","Current typography, field placeholder, threshold, coordination/storage or ordinary word containing the search substring."
"frontend","src/components/clinical/AppointmentCalendarView.tsx","190","old","Current typography, field placeholder, threshold, coordination/storage or ordinary word containing the search substring."
"frontend","src/components/clinical/AppointmentCalendarView.tsx","207","old","Current typography, field placeholder, threshold, coordination/storage or ordinary word containing the search substring."
"frontend","src/components/clinical/AppointmentCalendarView.tsx","209","old","Current typography, field placeholder, threshold, coordination/storage or ordinary word containing the search substring."
"frontend","src/components/clinical/AppointmentCalendarView.tsx","234","old","Current typography, field placeholder, threshold, coordination/storage or ordinary word containing the search substring."
"frontend","src/components/clinical/AppointmentCalendarView.tsx","254","old","Current typography, field placeholder, threshold, coordination/storage or ordinary word containing the search substring."
"frontend","src/components/clinical/AppointmentCalendarView.tsx","258","old","Current typography, field placeholder, threshold, coordination/storage or ordinary word containing the search substring."
"frontend","src/components/clinical/AppointmentCalendarView.tsx","270","old","Current typography, field placeholder, threshold, coordination/storage or ordinary word containing the search substring."
"frontend","src/components/clinical/AppointmentCalendarView.tsx","276","old","Current typography, field placeholder, threshold, coordination/storage or ordinary word containing the search substring."
"frontend","src/components/clinical/AppointmentCalendarView.tsx","290","old","Current typography, field placeholder, threshold, coordination/storage or ordinary word containing the search substring."
"frontend","src/components/clinical/ClinicalDocumentGeneratorModal.tsx","257","old","Current typography, field placeholder, threshold, coordination/storage or ordinary word containing the search substring."
"frontend","src/components/clinical/ClinicalDocumentGeneratorModal.tsx","308","old","Current typography, field placeholder, threshold, coordination/storage or ordinary word containing the search substring."
"frontend","src/components/clinical/ClinicalDocumentGeneratorModal.tsx","314","old","Current typography, field placeholder, threshold, coordination/storage or ordinary word containing the search substring."
"frontend","src/components/clinical/ClinicalDocumentGeneratorModal.tsx","320","old","Current typography, field placeholder, threshold, coordination/storage or ordinary word containing the search substring."
"frontend","src/components/clinical/ClinicalDocumentGeneratorModal.tsx","326","old","Current typography, field placeholder, threshold, coordination/storage or ordinary word containing the search substring."
"frontend","src/components/clinical/ClinicalDocumentGeneratorModal.tsx","330","old","Current typography, field placeholder, threshold, coordination/storage or ordinary word containing the search substring."
"frontend","src/components/clinical/ClinicalDocumentGeneratorModal.tsx","346","old","Current typography, field placeholder, threshold, coordination/storage or ordinary word containing the search substring."
"frontend","src/components/clinical/ClinicalDocumentGeneratorModal.tsx","368","old","Current typography, field placeholder, threshold, coordination/storage or ordinary word containing the search substring."
"frontend","src/components/clinical/ClinicalDocumentGeneratorModal.tsx","374","old","Current typography, field placeholder, threshold, coordination/storage or ordinary word containing the search substring."
"frontend","src/components/clinical/ClinicalDocumentGeneratorModal.tsx","379","old","Current typography, field placeholder, threshold, coordination/storage or ordinary word containing the search substring."
"frontend","src/components/clinical/ClinicalDocumentGeneratorModal.tsx","386","old","Current typography, field placeholder, threshold, coordination/storage or ordinary word containing the search substring."
"frontend","src/components/clinical/ClinicalDocumentGeneratorModal.tsx","392","old","Current typography, field placeholder, threshold, coordination/storage or ordinary word containing the search substring."
"frontend","src/components/clinical/ClinicalDocumentGeneratorModal.tsx","399","old","Current typography, field placeholder, threshold, coordination/storage or ordinary word containing the search substring."
"frontend","src/components/clinical/ClinicalDocumentGeneratorModal.tsx","403","old","Current typography, field placeholder, threshold, coordination/storage or ordinary word containing the search substring."
"frontend","src/components/clinical/ClinicalDocumentGeneratorModal.tsx","410","old","Current typography, field placeholder, threshold, coordination/storage or ordinary word containing the search substring."
"frontend","src/components/clinical/ClinicalDocumentGeneratorModal.tsx","419","old","Current typography, field placeholder, threshold, coordination/storage or ordinary word containing the search substring."
"frontend","src/components/clinical/ClinicalDocumentGeneratorModal.tsx","431","old","Current typography, field placeholder, threshold, coordination/storage or ordinary word containing the search substring."
"frontend","src/components/clinical/ClinicalDocumentGeneratorModal.tsx","436","old","Current typography, field placeholder, threshold, coordination/storage or ordinary word containing the search substring."
"frontend","src/components/clinical/ClinicalDocumentGeneratorModal.tsx","473","old","Current typography, field placeholder, threshold, coordination/storage or ordinary word containing the search substring."
"frontend","src/components/clinical/ClinicalDocumentGeneratorModal.tsx","477","old","Current typography, field placeholder, threshold, coordination/storage or ordinary word containing the search substring."
"frontend","src/components/clinical/ClinicalDocumentGeneratorModal.tsx","484","old","Current typography, field placeholder, threshold, coordination/storage or ordinary word containing the search substring."
"frontend","src/components/clinical/ClinicalDocumentGeneratorModal.tsx","498","old","Current typography, field placeholder, threshold, coordination/storage or ordinary word containing the search substring."
"frontend","src/components/clinical/ClinicalDocumentGeneratorModal.tsx","516","old","Current typography, field placeholder, threshold, coordination/storage or ordinary word containing the search substring."
"frontend","src/components/clinical/ClinicalDocumentGeneratorModal.tsx","522","old","Current typography, field placeholder, threshold, coordination/storage or ordinary word containing the search substring."
"frontend","src/components/clinical/ClinicalDocumentGeneratorModal.tsx","528","old","Current typography, field placeholder, threshold, coordination/storage or ordinary word containing the search substring."
"frontend","src/components/clinical/ClinicalDocumentGeneratorModal.tsx","534","old","Current typography, field placeholder, threshold, coordination/storage or ordinary word containing the search substring."
"frontend","src/components/clinical/ClinicalDocumentGeneratorModal.tsx","543","old","Current typography, field placeholder, threshold, coordination/storage or ordinary word containing the search substring."
"frontend","src/components/clinical/ClinicalDocumentGeneratorModal.tsx","549","old","Current typography, field placeholder, threshold, coordination/storage or ordinary word containing the search substring."
"frontend","src/components/clinical/ClinicalDocumentGeneratorModal.tsx","554","old","Current typography, field placeholder, threshold, coordination/storage or ordinary word containing the search substring."
"frontend","src/components/clinical/ClinicalDocumentGeneratorModal.tsx","562","old","Current typography, field placeholder, threshold, coordination/storage or ordinary word containing the search substring."
"frontend","src/components/clinical/ClinicalDocumentGeneratorModal.tsx","567","old","Current typography, field placeholder, threshold, coordination/storage or ordinary word containing the search substring."
"frontend","src/components/clinical/DicomViewerModal.tsx","83","old","Current typography, field placeholder, threshold, coordination/storage or ordinary word containing the search substring."
"frontend","src/components/clinical/DicomViewerModal.tsx","123","old","Current typography, field placeholder, threshold, coordination/storage or ordinary word containing the search substring."
"frontend","src/components/clinical/DoctorCopilotCard.tsx","57","old","Current typography, field placeholder, threshold, coordination/storage or ordinary word containing the search substring."
"frontend","src/components/clinical/DoctorCopilotCard.tsx","88","old","Current typography, field placeholder, threshold, coordination/storage or ordinary word containing the search substring."
"frontend","src/components/clinical/DoctorCopilotCard.tsx","94","old","Current typography, field placeholder, threshold, coordination/storage or ordinary word containing the search substring."
"frontend","src/components/clinical/DoctorCopilotCard.tsx","96","old","Current typography, field placeholder, threshold, coordination/storage or ordinary word containing the search substring."
"frontend","src/components/clinical/DoctorCopilotCard.tsx","104","old","Current typography, field placeholder, threshold, coordination/storage or ordinary word containing the search substring."
"frontend","src/components/clinical/DoctorCopilotCard.tsx","117","old","Current typography, field placeholder, threshold, coordination/storage or ordinary word containing the search substring."
"frontend","src/components/clinical/DoctorCopilotCard.tsx","121","old","Current typography, field placeholder, threshold, coordination/storage or ordinary word containing the search substring."
"frontend","src/components/clinical/DoctorCopilotCard.tsx","124","old","Current typography, field placeholder, threshold, coordination/storage or ordinary word containing the search substring."
"frontend","src/components/clinical/DoctorCopilotCard.tsx","132","old","Current typography, field placeholder, threshold, coordination/storage or ordinary word containing the search substring."
"frontend","src/components/clinical/DoctorCopilotCard.tsx","138","old","Current typography, field placeholder, threshold, coordination/storage or ordinary word containing the search substring."
"frontend","src/components/clinical/DoctorCopilotCard.tsx","148","old","Current typography, field placeholder, threshold, coordination/storage or ordinary word containing the search substring."
"frontend","src/components/clinical/DrugAllergyAlert.tsx","165","old","Current typography, field placeholder, threshold, coordination/storage or ordinary word containing the search substring."
"frontend","src/components/clinical/DrugAllergyAlert.tsx","169","old","Current typography, field placeholder, threshold, coordination/storage or ordinary word containing the search substring."
"frontend","src/components/clinical/DrugAllergyAlert.tsx","191","old","Current typography, field placeholder, threshold, coordination/storage or ordinary word containing the search substring."
"frontend","src/components/clinical/DrugAllergyAlert.tsx","195","old","Current typography, field placeholder, threshold, coordination/storage or ordinary word containing the search substring."
"frontend","src/components/clinical/DrugAllergyAlert.tsx","216","old","Current typography, field placeholder, threshold, coordination/storage or ordinary word containing the search substring."
"frontend","src/components/clinical/DrugInteractionAlert.tsx","187","old","Current typography, field placeholder, threshold, coordination/storage or ordinary word containing the search substring."
"frontend","src/components/clinical/DrugInteractionAlert.tsx","195","old","Current typography, field placeholder, threshold, coordination/storage or ordinary word containing the search substring."
"frontend","src/components/clinical/DrugInteractionAlert.tsx","198","old","Current typography, field placeholder, threshold, coordination/storage or ordinary word containing the search substring."
"frontend","src/components/clinical/DrugInteractionAlert.tsx","229","old","Current typography, field placeholder, threshold, coordination/storage or ordinary word containing the search substring."
"frontend","src/components/clinical/DrugInteractionAlert.tsx","233","old","Current typography, field placeholder, threshold, coordination/storage or ordinary word containing the search substring."
"frontend","src/components/clinical/DrugInteractionAlert.tsx","239","old","Current typography, field placeholder, threshold, coordination/storage or ordinary word containing the search substring."
"frontend","src/components/clinical/DrugInteractionAlert.tsx","254","old","Current typography, field placeholder, threshold, coordination/storage or ordinary word containing the search substring."
"frontend","src/components/clinical/DrugInteractionAlert.tsx","260","old","Current typography, field placeholder, threshold, coordination/storage or ordinary word containing the search substring."
"frontend","src/components/clinical/EncounterWorkspace.tsx","326","old","Current typography, field placeholder, threshold, coordination/storage or ordinary word containing the search substring."
"frontend","src/components/clinical/EncounterWorkspace.tsx","336","old","Current typography, field placeholder, threshold, coordination/storage or ordinary word containing the search substring."
"frontend","src/components/clinical/EncounterWorkspace.tsx","373","old","Current typography, field placeholder, threshold, coordination/storage or ordinary word containing the search substring."
"frontend","src/components/clinical/EncounterWorkspace.tsx","470","old","Current typography, field placeholder, threshold, coordination/storage or ordinary word containing the search substring."
"frontend","src/components/clinical/EncounterWorkspace.tsx","474","old","Current typography, field placeholder, threshold, coordination/storage or ordinary word containing the search substring."
"frontend","src/components/clinical/EncounterWorkspace.tsx","479","old","Current typography, field placeholder, threshold, coordination/storage or ordinary word containing the search substring."
"frontend","src/components/clinical/EncounterWorkspace.tsx","491","old","Current typography, field placeholder, threshold, coordination/storage or ordinary word containing the search substring."
"frontend","src/components/clinical/EncounterWorkspace.tsx","495","old","Current typography, field placeholder, threshold, coordination/storage or ordinary word containing the search substring."
"frontend","src/components/clinical/EncounterWorkspace.tsx","509","old","Current typography, field placeholder, threshold, coordination/storage or ordinary word containing the search substring."
"frontend","src/components/clinical/EncounterWorkspace.tsx","513","old","Current typography, field placeholder, threshold, coordination/storage or ordinary word containing the search substring."
"frontend","src/components/clinical/EncounterWorkspace.tsx","518","old","Current typography, field placeholder, threshold, coordination/storage or ordinary word containing the search substring."
"frontend","src/components/clinical/EncounterWorkspace.tsx","522","old","Current typography, field placeholder, threshold, coordination/storage or ordinary word containing the search substring."
"frontend","src/components/clinical/EncounterWorkspace.tsx","526","old","Current typography, field placeholder, threshold, coordination/storage or ordinary word containing the search substring."
"frontend","src/components/clinical/EncounterWorkspace.tsx","530","old","Current typography, field placeholder, threshold, coordination/storage or ordinary word containing the search substring."
"frontend","src/components/clinical/EncounterWorkspace.tsx","558","old","Current typography, field placeholder, threshold, coordination/storage or ordinary word containing the search substring."
"frontend","src/components/clinical/EncounterWorkspace.tsx","567","old","Current typography, field placeholder, threshold, coordination/storage or ordinary word containing the search substring."
"frontend","src/components/clinical/EncounterWorkspace.tsx","578","old","Current typography, field placeholder, threshold, coordination/storage or ordinary word containing the search substring."
"frontend","src/components/clinical/EncounterWorkspace.tsx","585","old","Current typography, field placeholder, threshold, coordination/storage or ordinary word containing the search substring."
"frontend","src/components/clinical/EncounterWorkspace.tsx","586","old","Current typography, field placeholder, threshold, coordination/storage or ordinary word containing the search substring."
"frontend","src/components/clinical/EncounterWorkspace.tsx","593","old","Current typography, field placeholder, threshold, coordination/storage or ordinary word containing the search substring."
"frontend","src/components/clinical/EncounterWorkspace.tsx","609","old","Current typography, field placeholder, threshold, coordination/storage or ordinary word containing the search substring."
"frontend","src/components/clinical/EncounterWorkspace.tsx","637","old","Current typography, field placeholder, threshold, coordination/storage or ordinary word containing the search substring."
"frontend","src/components/clinical/EncounterWorkspace.tsx","647","old","Current typography, field placeholder, threshold, coordination/storage or ordinary word containing the search substring."
"frontend","src/components/clinical/EncounterWorkspace.tsx","661","old","Current typography, field placeholder, threshold, coordination/storage or ordinary word containing the search substring."
"frontend","src/components/clinical/FollowUpRecallRegister.tsx","173","old","Current typography, field placeholder, threshold, coordination/storage or ordinary word containing the search substring."
"frontend","src/components/clinical/FollowUpRecallRegister.tsx","191","old","Current typography, field placeholder, threshold, coordination/storage or ordinary word containing the search substring."
"frontend","src/components/clinical/FollowUpRecallRegister.tsx","209","old","Current typography, field placeholder, threshold, coordination/storage or ordinary word containing the search substring."
"frontend","src/components/clinical/FollowUpRecallRegister.tsx","227","old","Current typography, field placeholder, threshold, coordination/storage or ordinary word containing the search substring."
"frontend","src/components/clinical/FollowUpRecallRegister.tsx","252","old","Current typography, field placeholder, threshold, coordination/storage or ordinary word containing the search substring."
"frontend","src/components/clinical/FollowUpRecallRegister.tsx","270","old","Current typography, field placeholder, threshold, coordination/storage or ordinary word containing the search substring."
"frontend","src/components/clinical/FollowUpRecallRegister.tsx","280","old","Current typography, field placeholder, threshold, coordination/storage or ordinary word containing the search substring."
"frontend","src/components/clinical/FollowUpRecallRegister.tsx","295","old","Current typography, field placeholder, threshold, coordination/storage or ordinary word containing the search substring."
"frontend","src/components/clinical/FollowUpRecallRegister.tsx","325","old","Current typography, field placeholder, threshold, coordination/storage or ordinary word containing the search substring."
"frontend","src/components/clinical/FollowUpRecallRegister.tsx","334","old","Current typography, field placeholder, threshold, coordination/storage or ordinary word containing the search substring."
"frontend","src/components/clinical/FollowUpRecallRegister.tsx","348","old","Current typography, field placeholder, threshold, coordination/storage or ordinary word containing the search substring."
"frontend","src/components/clinical/FollowUpRecallRegister.tsx","409","old","Current typography, field placeholder, threshold, coordination/storage or ordinary word containing the search substring."
"frontend","src/components/clinical/FollowUpRecallRegister.tsx","424","old","Current typography, field placeholder, threshold, coordination/storage or ordinary word containing the search substring."
"frontend","src/components/clinical/InCabinInvestigationViewerModal.tsx","190","old","Current typography, field placeholder, threshold, coordination/storage or ordinary word containing the search substring."
"frontend","src/components/clinical/InCabinInvestigationViewerModal.tsx","197","old","Current typography, field placeholder, threshold, coordination/storage or ordinary word containing the search substring."
"frontend","src/components/clinical/InCabinInvestigationViewerModal.tsx","219","old","Current typography, field placeholder, threshold, coordination/storage or ordinary word containing the search substring."
"frontend","src/components/clinical/InCabinInvestigationViewerModal.tsx","221","old","Current typography, field placeholder, threshold, coordination/storage or ordinary word containing the search substring."
"frontend","src/components/clinical/InCabinInvestigationViewerModal.tsx","225","old","Current typography, field placeholder, threshold, coordination/storage or ordinary word containing the search substring."
"frontend","src/components/clinical/InCabinInvestigationViewerModal.tsx","231","old","Current typography, field placeholder, threshold, coordination/storage or ordinary word containing the search substring."
"frontend","src/components/clinical/InCabinInvestigationViewerModal.tsx","237","old","Current typography, field placeholder, threshold, coordination/storage or ordinary word containing the search substring."
"frontend","src/components/clinical/InCabinInvestigationViewerModal.tsx","271","old","Current typography, field placeholder, threshold, coordination/storage or ordinary word containing the search substring."
"frontend","src/components/clinical/InCabinInvestigationViewerModal.tsx","283","old","Current typography, field placeholder, threshold, coordination/storage or ordinary word containing the search substring."
"frontend","src/components/clinical/InCabinInvestigationViewerModal.tsx","285","old","Current typography, field placeholder, threshold, coordination/storage or ordinary word containing the search substring."
"frontend","src/components/clinical/InCabinInvestigationViewerModal.tsx","289","old","Current typography, field placeholder, threshold, coordination/storage or ordinary word containing the search substring."
"frontend","src/components/clinical/InCabinInvestigationViewerModal.tsx","303","old","Current typography, field placeholder, threshold, coordination/storage or ordinary word containing the search substring."
"frontend","src/components/clinical/InCabinInvestigationViewerModal.tsx","304","old","Current typography, field placeholder, threshold, coordination/storage or ordinary word containing the search substring."
"frontend","src/components/clinical/InCabinInvestigationViewerModal.tsx","324","old","Current typography, field placeholder, threshold, coordination/storage or ordinary word containing the search substring."
"frontend","src/components/clinical/InCabinInvestigationViewerModal.tsx","332","old","Current typography, field placeholder, threshold, coordination/storage or ordinary word containing the search substring."
"frontend","src/components/clinical/InCabinInvestigationViewerModal.tsx","360","old","Current typography, field placeholder, threshold, coordination/storage or ordinary word containing the search substring."
"frontend","src/components/clinical/InCabinInvestigationViewerModal.tsx","367","old","Current typography, field placeholder, threshold, coordination/storage or ordinary word containing the search substring."
"frontend","src/components/clinical/InCabinInvestigationViewerModal.tsx","388","old","Current typography, field placeholder, threshold, coordination/storage or ordinary word containing the search substring."
"frontend","src/components/clinical/InCabinInvestigationViewerModal.tsx","410","old","Current typography, field placeholder, threshold, coordination/storage or ordinary word containing the search substring."
"frontend","src/components/clinical/InCabinInvestigationViewerModal.tsx","412","old","Current typography, field placeholder, threshold, coordination/storage or ordinary word containing the search substring."
"frontend","src/components/clinical/InCabinInvestigationViewerModal.tsx","420","old","Current typography, field placeholder, threshold, coordination/storage or ordinary word containing the search substring."
"frontend","src/components/clinical/InCabinInvestigationViewerModal.tsx","424","old","Current typography, field placeholder, threshold, coordination/storage or ordinary word containing the search substring."
"frontend","src/components/clinical/InCabinInvestigationViewerModal.tsx","464","old","Current typography, field placeholder, threshold, coordination/storage or ordinary word containing the search substring."
"frontend","src/components/clinical/InCabinInvestigationViewerModal.tsx","487","old","Current typography, field placeholder, threshold, coordination/storage or ordinary word containing the search substring."
"frontend","src/components/clinical/InCabinInvestigationViewerModal.tsx","499","old","Current typography, field placeholder, threshold, coordination/storage or ordinary word containing the search substring."
"frontend","src/components/clinical/InCabinLabOrderModal.tsx","122","old","Current typography, field placeholder, threshold, coordination/storage or ordinary word containing the search substring."
"frontend","src/components/clinical/InCabinLabOrderModal.tsx","135","old","Current typography, field placeholder, threshold, coordination/storage or ordinary word containing the search substring."
"frontend","src/components/clinical/InCabinLabOrderModal.tsx","137","old","Current typography, field placeholder, threshold, coordination/storage or ordinary word containing the search substring."
"frontend","src/components/clinical/InCabinLabOrderModal.tsx","152","old","Current typography, field placeholder, threshold, coordination/storage or ordinary word containing the search substring."
"frontend","src/components/clinical/InCabinLabOrderModal.tsx","162","old","Current typography, field placeholder, threshold, coordination/storage or ordinary word containing the search substring."
"frontend","src/components/clinical/InCabinLabOrderModal.tsx","172","old","Current typography, field placeholder, threshold, coordination/storage or ordinary word containing the search substring."
"frontend","src/components/clinical/InCabinLabOrderModal.tsx","194","old","Current typography, field placeholder, threshold, coordination/storage or ordinary word containing the search substring."
"frontend","src/components/clinical/InCabinLabOrderModal.tsx","214","old","Current typography, field placeholder, threshold, coordination/storage or ordinary word containing the search substring."
"frontend","src/components/clinical/InCabinLabOrderModal.tsx","222","old","Current typography, field placeholder, threshold, coordination/storage or ordinary word containing the search substring."
"frontend","src/components/clinical/InCabinLabOrderModal.tsx","234","old","Current typography, field placeholder, threshold, coordination/storage or ordinary word containing the search substring."
"frontend","src/components/clinical/InCabinLabOrderModal.tsx","247","old","Current typography, field placeholder, threshold, coordination/storage or ordinary word containing the search substring."
"frontend","src/components/clinical/InCabinLabOrderModal.tsx","273","old","Current typography, field placeholder, threshold, coordination/storage or ordinary word containing the search substring."
"frontend","src/components/clinical/NEWS2Calculator.tsx","146","old","Current typography, field placeholder, threshold, coordination/storage or ordinary word containing the search substring."
"frontend","src/components/clinical/NEWS2Calculator.tsx","162","old","Current typography, field placeholder, threshold, coordination/storage or ordinary word containing the search substring."
"frontend","src/components/clinical/NEWS2Calculator.tsx","166","old","Current typography, field placeholder, threshold, coordination/storage or ordinary word containing the search substring."
"frontend","src/components/clinical/NEWS2Calculator.tsx","172","old","Current typography, field placeholder, threshold, coordination/storage or ordinary word containing the search substring."
"frontend","src/components/clinical/NEWS2Calculator.tsx","173","old","Current typography, field placeholder, threshold, coordination/storage or ordinary word containing the search substring."
"frontend","src/components/clinical/NEWS2Calculator.tsx","174","old","Current typography, field placeholder, threshold, coordination/storage or ordinary word containing the search substring."
"frontend","src/components/clinical/NEWS2Calculator.tsx","175","old","Current typography, field placeholder, threshold, coordination/storage or ordinary word containing the search substring."
"frontend","src/components/clinical/NEWS2Calculator.tsx","176","old","Current typography, field placeholder, threshold, coordination/storage or ordinary word containing the search substring."
"frontend","src/components/clinical/NEWS2Calculator.tsx","186","old","Current typography, field placeholder, threshold, coordination/storage or ordinary word containing the search substring."
"frontend","src/components/clinical/NEWS2Calculator.tsx","187","old","Current typography, field placeholder, threshold, coordination/storage or ordinary word containing the search substring."
"frontend","src/components/clinical/NEWS2Calculator.tsx","203","old","Current typography, field placeholder, threshold, coordination/storage or ordinary word containing the search substring."
"frontend","src/components/clinical/NEWS2Calculator.tsx","208","old","Current typography, field placeholder, threshold, coordination/storage or ordinary word containing the search substring."
"frontend","src/components/clinical/NurseVitalsModal.tsx","228","old","Current typography, field placeholder, threshold, coordination/storage or ordinary word containing the search substring."
"frontend","src/components/clinical/NurseVitalsModal.tsx","234","old","Current typography, field placeholder, threshold, coordination/storage or ordinary word containing the search substring."
"frontend","src/components/clinical/NurseVitalsModal.tsx","249","old","Current typography, field placeholder, threshold, coordination/storage or ordinary word containing the search substring."
"frontend","src/components/clinical/NurseVitalsModal.tsx","255","old","Current typography, field placeholder, threshold, coordination/storage or ordinary word containing the search substring."
"frontend","src/components/clinical/NurseVitalsModal.tsx","261","old","Current typography, field placeholder, threshold, coordination/storage or ordinary word containing the search substring."
"frontend","src/components/clinical/NurseVitalsModal.tsx","266","old","Current typography, field placeholder, threshold, coordination/storage or ordinary word containing the search substring."
"frontend","src/components/clinical/NurseVitalsModal.tsx","269","old","Current typography, field placeholder, threshold, coordination/storage or ordinary word containing the search substring."
"frontend","src/components/clinical/NurseVitalsModal.tsx","279","old","Current typography, field placeholder, threshold, coordination/storage or ordinary word containing the search substring."
"frontend","src/components/clinical/NurseVitalsModal.tsx","284","old","Current typography, field placeholder, threshold, coordination/storage or ordinary word containing the search substring."
"frontend","src/components/clinical/NurseVitalsModal.tsx","293","old","Current typography, field placeholder, threshold, coordination/storage or ordinary word containing the search substring."
"frontend","src/components/clinical/NurseVitalsModal.tsx","298","old","Current typography, field placeholder, threshold, coordination/storage or ordinary word containing the search substring."
"frontend","src/components/clinical/NurseVitalsModal.tsx","312","old","Current typography, field placeholder, threshold, coordination/storage or ordinary word containing the search substring."
"frontend","src/components/clinical/NurseVitalsModal.tsx","318","old","Current typography, field placeholder, threshold, coordination/storage or ordinary word containing the search substring."
"frontend","src/components/clinical/NurseVitalsModal.tsx","323","old","Current typography, field placeholder, threshold, coordination/storage or ordinary word containing the search substring."
"frontend","src/components/clinical/NurseVitalsModal.tsx","331","old","Current typography, field placeholder, threshold, coordination/storage or ordinary word containing the search substring."
"frontend","src/components/clinical/NurseVitalsModal.tsx","340","old","Current typography, field placeholder, threshold, coordination/storage or ordinary word containing the search substring."
"frontend","src/components/clinical/NurseVitalsModal.tsx","351","old","Current typography, field placeholder, threshold, coordination/storage or ordinary word containing the search substring."
"frontend","src/components/clinical/NurseVitalsModal.tsx","355","old","Current typography, field placeholder, threshold, coordination/storage or ordinary word containing the search substring."
"frontend","src/components/clinical/NurseVitalsModal.tsx","362","old","Current typography, field placeholder, threshold, coordination/storage or ordinary word containing the search substring."
"frontend","src/components/clinical/NurseVitalsModal.tsx","366","old","Current typography, field placeholder, threshold, coordination/storage or ordinary word containing the search substring."
"frontend","src/components/clinical/NurseVitalsModal.tsx","376","old","Current typography, field placeholder, threshold, coordination/storage or ordinary word containing the search substring."
"frontend","src/components/clinical/NurseVitalsModal.tsx","377","old","Current typography, field placeholder, threshold, coordination/storage or ordinary word containing the search substring."
"frontend","src/components/clinical/NurseVitalsModal.tsx","387","old","Current typography, field placeholder, threshold, coordination/storage or ordinary word containing the search substring."
"frontend","src/components/clinical/NurseVitalsModal.tsx","390","old","Current typography, field placeholder, threshold, coordination/storage or ordinary word containing the search substring."
"frontend","src/components/clinical/NurseVitalsModal.tsx","394","old","Current typography, field placeholder, threshold, coordination/storage or ordinary word containing the search substring."
"frontend","src/components/clinical/NurseVitalsModal.tsx","411","old","Current typography, field placeholder, threshold, coordination/storage or ordinary word containing the search substring."
"frontend","src/components/clinical/NurseVitalsModal.tsx","413","old","Current typography, field placeholder, threshold, coordination/storage or ordinary word containing the search substring."
"frontend","src/components/clinical/NurseVitalsModal.tsx","422","old","Current typography, field placeholder, threshold, coordination/storage or ordinary word containing the search substring."
"frontend","src/components/clinical/NurseVitalsModal.tsx","424","old","Current typography, field placeholder, threshold, coordination/storage or ordinary word containing the search substring."
"frontend","src/components/clinical/NurseVitalsModal.tsx","436","old","Current typography, field placeholder, threshold, coordination/storage or ordinary word containing the search substring."
"frontend","src/components/clinical/OfflineStatusBanner.tsx","5","legacy","Deletion of superseded patient browser storage; no reader or compatibility path."
"frontend","src/components/clinical/OfflineStatusBanner.tsx","11","legacy","Deletion of superseded patient browser storage; no reader or compatibility path."
"frontend","src/components/clinical/OpdClinicalPresetBar.tsx","114","old","Previous value, response, worker claim, date or record used by current recovery, integrity or documentation; not a second domain representation."
"frontend","src/components/clinical/OpdClinicalPresetBar.tsx","129","old","Current typography, field placeholder, threshold, coordination/storage or ordinary word containing the search substring."
"frontend","src/components/clinical/OpdClinicalPresetBar.tsx","284","old","Current typography, field placeholder, threshold, coordination/storage or ordinary word containing the search substring."
"frontend","src/components/clinical/OpdClinicalPresetBar.tsx","295","old","Current typography, field placeholder, threshold, coordination/storage or ordinary word containing the search substring."
"frontend","src/components/clinical/OpdClinicalPresetBar.tsx","312","old","Current typography, field placeholder, threshold, coordination/storage or ordinary word containing the search substring."
"frontend","src/components/clinical/OpdClinicalPresetBar.tsx","351","old","Current typography, field placeholder, threshold, coordination/storage or ordinary word containing the search substring."
"frontend","src/components/clinical/OpdClinicalPresetBar.tsx","375","old","Current typography, field placeholder, threshold, coordination/storage or ordinary word containing the search substring."
"frontend","src/components/clinical/OpdClinicalPresetBar.tsx","383","old","Current typography, field placeholder, threshold, coordination/storage or ordinary word containing the search substring."
"frontend","src/components/clinical/OpdClinicalPresetBar.tsx","407","old","Current typography, field placeholder, threshold, coordination/storage or ordinary word containing the search substring."
"frontend","src/components/clinical/OpdClinicalPresetBar.tsx","416","old","Current typography, field placeholder, threshold, coordination/storage or ordinary word containing the search substring."
"frontend","src/components/clinical/PatientHeader.tsx","45","old","Current typography, field placeholder, threshold, coordination/storage or ordinary word containing the search substring."
"frontend","src/components/clinical/PatientHeader.tsx","50","old","Current typography, field placeholder, threshold, coordination/storage or ordinary word containing the search substring."
"frontend","src/components/clinical/PatientHeader.tsx","64","old","Current typography, field placeholder, threshold, coordination/storage or ordinary word containing the search substring."
"frontend","src/components/clinical/PatientHeader.tsx","73","old","Current typography, field placeholder, threshold, coordination/storage or ordinary word containing the search substring."
"frontend","src/components/clinical/PatientHeader.tsx","86","old","Current typography, field placeholder, threshold, coordination/storage or ordinary word containing the search substring."
"frontend","src/components/clinical/PatientOverviewCards.tsx","75","v1","SVG vertical-path drawing command followed by a coordinate; not a versioned implementation."
"frontend","src/components/clinical/PatientOverviewCards.tsx","84","v1","SVG vertical-path drawing command followed by a coordinate; not a versioned implementation."
"frontend","src/components/clinical/PatientOverviewCards.tsx","93","v2","SVG vertical-path drawing command followed by a coordinate; not a versioned implementation."
"frontend","src/components/clinical/PatientOverviewCards.tsx","102","v1","SVG vertical-path drawing command followed by a coordinate; not a versioned implementation."
"frontend","src/components/clinical/PatientOverviewCards.tsx","113","old","Current typography, field placeholder, threshold, coordination/storage or ordinary word containing the search substring."
"frontend","src/components/clinical/PatientOverviewCards.tsx","120","old","Current typography, field placeholder, threshold, coordination/storage or ordinary word containing the search substring."
"frontend","src/components/clinical/PatientOverviewCards.tsx","129","old","Current typography, field placeholder, threshold, coordination/storage or ordinary word containing the search substring."
"frontend","src/components/clinical/PatientOverviewCards.tsx","133","old","Current typography, field placeholder, threshold, coordination/storage or ordinary word containing the search substring."
"frontend","src/components/clinical/PatientOverviewCards.tsx","137","old","Current typography, field placeholder, threshold, coordination/storage or ordinary word containing the search substring."
"frontend","src/components/clinical/PatientOverviewCards.tsx","141","old","Current typography, field placeholder, threshold, coordination/storage or ordinary word containing the search substring."
"frontend","src/components/clinical/PatientOverviewCards.tsx","145","old","Current typography, field placeholder, threshold, coordination/storage or ordinary word containing the search substring."
"frontend","src/components/clinical/PatientOverviewCards.tsx","151","old","Current typography, field placeholder, threshold, coordination/storage or ordinary word containing the search substring."
"frontend","src/components/clinical/PatientOverviewCards.tsx","176","old","Current typography, field placeholder, threshold, coordination/storage or ordinary word containing the search substring."
"frontend","src/components/clinical/PatientOverviewCards.tsx","186","old","Current typography, field placeholder, threshold, coordination/storage or ordinary word containing the search substring."
"frontend","src/components/clinical/PatientOverviewCards.tsx","192","old","Current typography, field placeholder, threshold, coordination/storage or ordinary word containing the search substring."
"frontend","src/components/clinical/PatientOverviewCards.tsx","204","old","Current typography, field placeholder, threshold, coordination/storage or ordinary word containing the search substring."
"frontend","src/components/clinical/PatientOverviewCards.tsx","222","old","Current typography, field placeholder, threshold, coordination/storage or ordinary word containing the search substring."
"frontend","src/components/clinical/PatientOverviewCards.tsx","319","old","Current typography, field placeholder, threshold, coordination/storage or ordinary word containing the search substring."
"frontend","src/components/clinical/PatientOverviewCards.tsx","321","v1","SVG vertical-path drawing command followed by a coordinate; not a versioned implementation."
"frontend","src/components/clinical/PatientOverviewCards.tsx","332","old","Current typography, field placeholder, threshold, coordination/storage or ordinary word containing the search substring."
"frontend","src/components/clinical/PatientOverviewCards.tsx","335","old","Current typography, field placeholder, threshold, coordination/storage or ordinary word containing the search substring."
"frontend","src/components/clinical/PatientOverviewCards.tsx","350","old","Current typography, field placeholder, threshold, coordination/storage or ordinary word containing the search substring."
"frontend","src/components/clinical/PatientOverviewCards.tsx","363","old","Current typography, field placeholder, threshold, coordination/storage or ordinary word containing the search substring."
"frontend","src/components/clinical/PatientQueueTracker.tsx","87","old","Current typography, field placeholder, threshold, coordination/storage or ordinary word containing the search substring."
"frontend","src/components/clinical/PatientQueueTracker.tsx","88","old","Current typography, field placeholder, threshold, coordination/storage or ordinary word containing the search substring."
"frontend","src/components/clinical/PatientQueueTracker.tsx","94","old","Current typography, field placeholder, threshold, coordination/storage or ordinary word containing the search substring."
"frontend","src/components/clinical/PatientQueueTracker.tsx","95","old","Current typography, field placeholder, threshold, coordination/storage or ordinary word containing the search substring."
"frontend","src/components/clinical/PatientQueueTracker.tsx","101","old","Current typography, field placeholder, threshold, coordination/storage or ordinary word containing the search substring."
"frontend","src/components/clinical/PatientQueueTracker.tsx","111","old","Current typography, field placeholder, threshold, coordination/storage or ordinary word containing the search substring."
"frontend","src/components/clinical/PatientQueueTracker.tsx","116","old","Current typography, field placeholder, threshold, coordination/storage or ordinary word containing the search substring."
"frontend","src/components/clinical/PatientQueueTracker.tsx","131","old","Current typography, field placeholder, threshold, coordination/storage or ordinary word containing the search substring."
"frontend","src/components/clinical/PatientSearchModal.tsx","116","old","Current typography, field placeholder, threshold, coordination/storage or ordinary word containing the search substring."
"frontend","src/components/clinical/PatientSearchModal.tsx","136","old","Current typography, field placeholder, threshold, coordination/storage or ordinary word containing the search substring."
"frontend","src/components/clinical/PatientSearchModal.tsx","164","old","Current typography, field placeholder, threshold, coordination/storage or ordinary word containing the search substring."
"frontend","src/components/clinical/PrescriptionSealingBadge.tsx","48","old","Current typography, field placeholder, threshold, coordination/storage or ordinary word containing the search substring."
"frontend","src/components/clinical/PrescriptionSealingBadge.tsx","63","old","Current typography, field placeholder, threshold, coordination/storage or ordinary word containing the search substring."
"frontend","src/components/clinical/PrescriptionSealingBadge.tsx","68","old","Current typography, field placeholder, threshold, coordination/storage or ordinary word containing the search substring."
"frontend","src/components/clinical/PreviousVisitsSidebar.tsx","40","old","Current typography, field placeholder, threshold, coordination/storage or ordinary word containing the search substring."
"frontend","src/components/clinical/PreviousVisitsSidebar.tsx","42","v1","SVG vertical-path drawing command followed by a coordinate; not a versioned implementation."
"frontend","src/components/clinical/PreviousVisitsSidebar.tsx","81","old","Current typography, field placeholder, threshold, coordination/storage or ordinary word containing the search substring."
"frontend","src/components/clinical/PreviousVisitsSidebar.tsx","97","old","Current typography, field placeholder, threshold, coordination/storage or ordinary word containing the search substring."
"frontend","src/components/clinical/PreviousVisitsSidebar.tsx","107","old","Current typography, field placeholder, threshold, coordination/storage or ordinary word containing the search substring."
"frontend","src/components/clinical/RBACPermissionMatrix.tsx","353","old","Current typography, field placeholder, threshold, coordination/storage or ordinary word containing the search substring."
"frontend","src/components/clinical/RBACPermissionMatrix.tsx","364","old","Current typography, field placeholder, threshold, coordination/storage or ordinary word containing the search substring."
"frontend","src/components/clinical/RBACPermissionMatrix.tsx","368","old","Current typography, field placeholder, threshold, coordination/storage or ordinary word containing the search substring."
"frontend","src/components/clinical/RBACPermissionMatrix.tsx","383","old","Current typography, field placeholder, threshold, coordination/storage or ordinary word containing the search substring."
"frontend","src/components/clinical/RBACPermissionMatrix.tsx","400","old","Current typography, field placeholder, threshold, coordination/storage or ordinary word containing the search substring."
"frontend","src/components/clinical/RBACPermissionMatrix.tsx","408","old","Current typography, field placeholder, threshold, coordination/storage or ordinary word containing the search substring."
"frontend","src/components/clinical/RBACPermissionMatrix.tsx","421","old","Current typography, field placeholder, threshold, coordination/storage or ordinary word containing the search substring."
"frontend","src/components/clinical/RBACPermissionMatrix.tsx","456","old","Current typography, field placeholder, threshold, coordination/storage or ordinary word containing the search substring."
"frontend","src/components/clinical/RBACPermissionMatrix.tsx","490","old","Current typography, field placeholder, threshold, coordination/storage or ordinary word containing the search substring."
"frontend","src/components/clinical/RBACPermissionMatrix.tsx","494","old","Current typography, field placeholder, threshold, coordination/storage or ordinary word containing the search substring."
"frontend","src/components/clinical/RBACPermissionMatrix.tsx","503","old","Current typography, field placeholder, threshold, coordination/storage or ordinary word containing the search substring."
"frontend","src/components/clinical/RBACPermissionMatrix.tsx","527","old","Current typography, field placeholder, threshold, coordination/storage or ordinary word containing the search substring."
"frontend","src/components/clinical/RBACPermissionMatrix.tsx","539","old","Current typography, field placeholder, threshold, coordination/storage or ordinary word containing the search substring."
"frontend","src/components/clinical/RBACPermissionMatrix.tsx","552","old","Current typography, field placeholder, threshold, coordination/storage or ordinary word containing the search substring."
"frontend","src/components/clinical/RBACPermissionMatrix.tsx","590","old","Current typography, field placeholder, threshold, coordination/storage or ordinary word containing the search substring."
"frontend","src/components/clinical/RBACPermissionMatrix.tsx","599","old","Current typography, field placeholder, threshold, coordination/storage or ordinary word containing the search substring."
"frontend","src/components/clinical/RBACPermissionMatrix.tsx","617","old","Current typography, field placeholder, threshold, coordination/storage or ordinary word containing the search substring."
"frontend","src/components/clinical/RBACPermissionMatrix.tsx","655","old","Current typography, field placeholder, threshold, coordination/storage or ordinary word containing the search substring."
"frontend","src/components/clinical/RBACPermissionMatrix.tsx","663","old","Current typography, field placeholder, threshold, coordination/storage or ordinary word containing the search substring."
"frontend","src/components/clinical/RBACPermissionMatrix.tsx","672","old","Current typography, field placeholder, threshold, coordination/storage or ordinary word containing the search substring."
"frontend","src/components/clinical/RBACPermissionMatrix.tsx","692","old","Current typography, field placeholder, threshold, coordination/storage or ordinary word containing the search substring."
"frontend","src/components/clinical/RBACPermissionMatrix.tsx","706","old","Current typography, field placeholder, threshold, coordination/storage or ordinary word containing the search substring."
"frontend","src/components/clinical/RBACPermissionMatrix.tsx","712","old","Current typography, field placeholder, threshold, coordination/storage or ordinary word containing the search substring."
"frontend","src/components/clinical/RBACPermissionMatrix.tsx","723","old","Current typography, field placeholder, threshold, coordination/storage or ordinary word containing the search substring."
"frontend","src/components/clinical/RBACPermissionMatrix.tsx","732","old","Current typography, field placeholder, threshold, coordination/storage or ordinary word containing the search substring."
"frontend","src/components/clinical/RBACPermissionMatrix.tsx","768","old","Current typography, field placeholder, threshold, coordination/storage or ordinary word containing the search substring."
"frontend","src/components/clinical/RBACPermissionMatrix.tsx","774","old","Current typography, field placeholder, threshold, coordination/storage or ordinary word containing the search substring."
"frontend","src/components/clinical/RBACPermissionMatrix.tsx","798","old","Current typography, field placeholder, threshold, coordination/storage or ordinary word containing the search substring."
"frontend","src/components/clinical/RBACPermissionMatrix.tsx","809","old","Current typography, field placeholder, threshold, coordination/storage or ordinary word containing the search substring."
"frontend","src/components/clinical/ReferenceRange.tsx","16","old","Current typography, field placeholder, threshold, coordination/storage or ordinary word containing the search substring."
"frontend","src/components/clinical/ReferenceRange.tsx","24","old","Current typography, field placeholder, threshold, coordination/storage or ordinary word containing the search substring."
"frontend","src/components/clinical/SOAPNoteEditor.tsx","503","old","Current typography, field placeholder, threshold, coordination/storage or ordinary word containing the search substring."
"frontend","src/components/clinical/SOAPNoteEditor.tsx","515","old","Current typography, field placeholder, threshold, coordination/storage or ordinary word containing the search substring."
"frontend","src/components/clinical/SOAPNoteEditor.tsx","526","old","Current typography, field placeholder, threshold, coordination/storage or ordinary word containing the search substring."
"frontend","src/components/clinical/SOAPNoteEditor.tsx","552","old","Current typography, field placeholder, threshold, coordination/storage or ordinary word containing the search substring."
"frontend","src/components/clinical/SOAPNoteEditor.tsx","559","old","Current typography, field placeholder, threshold, coordination/storage or ordinary word containing the search substring."
"frontend","src/components/clinical/SOAPNoteEditor.tsx","572","old","Current typography, field placeholder, threshold, coordination/storage or ordinary word containing the search substring."
"frontend","src/components/clinical/SOAPNoteEditor.tsx","584","old","Current typography, field placeholder, threshold, coordination/storage or ordinary word containing the search substring."
"frontend","src/components/clinical/SOAPNoteEditor.tsx","593","old","Current typography, field placeholder, threshold, coordination/storage or ordinary word containing the search substring."
"frontend","src/components/clinical/SOAPNoteEditor.tsx","602","old","Current typography, field placeholder, threshold, coordination/storage or ordinary word containing the search substring."
"frontend","src/components/clinical/SOAPNoteEditor.tsx","627","old","Current typography, field placeholder, threshold, coordination/storage or ordinary word containing the search substring."
"frontend","src/components/clinical/SOAPNoteEditor.tsx","632","old","Current typography, field placeholder, threshold, coordination/storage or ordinary word containing the search substring."
"frontend","src/components/clinical/SOAPNoteEditor.tsx","635","old","Current typography, field placeholder, threshold, coordination/storage or ordinary word containing the search substring."
"frontend","src/components/clinical/SOAPNoteEditor.tsx","643","old","Current typography, field placeholder, threshold, coordination/storage or ordinary word containing the search substring."
"frontend","src/components/clinical/SOAPNoteEditor.tsx","646","old","Current typography, field placeholder, threshold, coordination/storage or ordinary word containing the search substring."
"frontend","src/components/clinical/SOAPNoteEditor.tsx","654","old","Current typography, field placeholder, threshold, coordination/storage or ordinary word containing the search substring."
"frontend","src/components/clinical/SOAPNoteEditor.tsx","657","old","Current typography, field placeholder, threshold, coordination/storage or ordinary word containing the search substring."
"frontend","src/components/clinical/SOAPNoteEditor.tsx","668","old","Current typography, field placeholder, threshold, coordination/storage or ordinary word containing the search substring."
"frontend","src/components/clinical/SOAPNoteEditor.tsx","674","old","Current typography, field placeholder, threshold, coordination/storage or ordinary word containing the search substring."
"frontend","src/components/clinical/SOAPNoteEditor.tsx","675","old","Current typography, field placeholder, threshold, coordination/storage or ordinary word containing the search substring."
"frontend","src/components/clinical/SOAPNoteEditor.tsx","678","old","Current typography, field placeholder, threshold, coordination/storage or ordinary word containing the search substring."
"frontend","src/components/clinical/SOAPNoteEditor.tsx","679","old","Current typography, field placeholder, threshold, coordination/storage or ordinary word containing the search substring."
"frontend","src/components/clinical/SOAPNoteEditor.tsx","682","old","Current typography, field placeholder, threshold, coordination/storage or ordinary word containing the search substring."
"frontend","src/components/clinical/SOAPNoteEditor.tsx","683","old","Current typography, field placeholder, threshold, coordination/storage or ordinary word containing the search substring."
"frontend","src/components/clinical/SOAPNoteEditor.tsx","686","old","Current typography, field placeholder, threshold, coordination/storage or ordinary word containing the search substring."
"frontend","src/components/clinical/SOAPNoteEditor.tsx","687","old","Current typography, field placeholder, threshold, coordination/storage or ordinary word containing the search substring."
"frontend","src/components/clinical/SOAPNoteEditor.tsx","690","old","Current typography, field placeholder, threshold, coordination/storage or ordinary word containing the search substring."
"frontend","src/components/clinical/SOAPNoteEditor.tsx","691","old","Current typography, field placeholder, threshold, coordination/storage or ordinary word containing the search substring."
"frontend","src/components/clinical/SOAPNoteEditor.tsx","695","old","Current typography, field placeholder, threshold, coordination/storage or ordinary word containing the search substring."
"frontend","src/components/clinical/SOAPNoteEditor.tsx","698","old","Current typography, field placeholder, threshold, coordination/storage or ordinary word containing the search substring."
"frontend","src/components/clinical/SOAPNoteEditor.tsx","709","old","Current typography, field placeholder, threshold, coordination/storage or ordinary word containing the search substring."
"frontend","src/components/clinical/SOAPNoteEditor.tsx","714","old","Current typography, field placeholder, threshold, coordination/storage or ordinary word containing the search substring."
"frontend","src/components/clinical/SOAPNoteEditor.tsx","717","old","Current typography, field placeholder, threshold, coordination/storage or ordinary word containing the search substring."
"frontend","src/components/clinical/SOAPNoteEditor.tsx","726","old","Current typography, field placeholder, threshold, coordination/storage or ordinary word containing the search substring."
"frontend","src/components/clinical/SOAPNoteEditor.tsx","729","old","Current typography, field placeholder, threshold, coordination/storage or ordinary word containing the search substring."
"frontend","src/components/clinical/SOAPNoteEditor.tsx","756","old","Current typography, field placeholder, threshold, coordination/storage or ordinary word containing the search substring."
"frontend","src/components/clinical/SOAPNoteEditor.tsx","761","old","Current typography, field placeholder, threshold, coordination/storage or ordinary word containing the search substring."
"frontend","src/components/clinical/SOAPNoteEditor.tsx","764","old","Current typography, field placeholder, threshold, coordination/storage or ordinary word containing the search substring."
"frontend","src/components/clinical/SOAPNoteEditor.tsx","775","old","Current typography, field placeholder, threshold, coordination/storage or ordinary word containing the search substring."
"frontend","src/components/clinical/SOAPNoteEditor.tsx","777","old","Current typography, field placeholder, threshold, coordination/storage or ordinary word containing the search substring."
"frontend","src/components/clinical/SOAPNoteEditor.tsx","787","old","Current typography, field placeholder, threshold, coordination/storage or ordinary word containing the search substring."
"frontend","src/components/clinical/SOAPNoteEditor.tsx","813","old","Current typography, field placeholder, threshold, coordination/storage or ordinary word containing the search substring."
"frontend","src/components/clinical/SOAPNoteEditor.tsx","817","old","Current typography, field placeholder, threshold, coordination/storage or ordinary word containing the search substring."
"frontend","src/components/clinical/SOAPNoteEditor.tsx","827","old","Current typography, field placeholder, threshold, coordination/storage or ordinary word containing the search substring."
"frontend","src/components/clinical/SOAPNoteEditor.tsx","828","old","Current typography, field placeholder, threshold, coordination/storage or ordinary word containing the search substring."
"frontend","src/components/clinical/SOAPNoteEditor.tsx","829","old","Current typography, field placeholder, threshold, coordination/storage or ordinary word containing the search substring."
"frontend","src/components/clinical/SOAPNoteEditor.tsx","841","old","Current typography, field placeholder, threshold, coordination/storage or ordinary word containing the search substring."
"frontend","src/components/clinical/SOAPNoteEditor.tsx","872","old","Current typography, field placeholder, threshold, coordination/storage or ordinary word containing the search substring."
"frontend","src/components/clinical/SOAPNoteEditor.tsx","891","old","Current typography, field placeholder, threshold, coordination/storage or ordinary word containing the search substring."
"frontend","src/components/clinical/SOAPNoteEditor.tsx","897","old","Current typography, field placeholder, threshold, coordination/storage or ordinary word containing the search substring."
"frontend","src/components/clinical/ThermalTokenSlipModal.tsx","89","compat","Current printer support or external health-record interoperability."
"frontend","src/components/clinical/ThermalTokenSlipModal.tsx","101","old","Current typography, field placeholder, threshold, coordination/storage or ordinary word containing the search substring."
"frontend","src/components/clinical/ThermalTokenSlipModal.tsx","113","old","Current typography, field placeholder, threshold, coordination/storage or ordinary word containing the search substring."
"frontend","src/components/clinical/ThermalTokenSlipModal.tsx","136","old","Current typography, field placeholder, threshold, coordination/storage or ordinary word containing the search substring."
"frontend","src/components/clinical/ThermalTokenSlipModal.tsx","157","old","Current typography, field placeholder, threshold, coordination/storage or ordinary word containing the search substring."
"frontend","src/components/clinical/ThermalTokenSlipModal.tsx","161","old","Current typography, field placeholder, threshold, coordination/storage or ordinary word containing the search substring."
"frontend","src/components/clinical/ThermalTokenSlipModal.tsx","165","old","Current typography, field placeholder, threshold, coordination/storage or ordinary word containing the search substring."
"frontend","src/components/clinical/ThermalTokenSlipModal.tsx","166","old","Current typography, field placeholder, threshold, coordination/storage or ordinary word containing the search substring."
"frontend","src/components/clinical/ThermalTokenSlipModal.tsx","177","old","Current typography, field placeholder, threshold, coordination/storage or ordinary word containing the search substring."
"frontend","src/components/clinical/ThermalTokenSlipModal.tsx","178","old","Current typography, field placeholder, threshold, coordination/storage or ordinary word containing the search substring."
"frontend","src/components/clinical/ThermalTokenSlipModal.tsx","193","old","Current typography, field placeholder, threshold, coordination/storage or ordinary word containing the search substring."
"frontend","src/components/clinical/ThermalTokenSlipModal.tsx","198","old","Current typography, field placeholder, threshold, coordination/storage or ordinary word containing the search substring."
"frontend","src/components/clinical/ThermalTokenSlipModal.tsx","206","old","Current typography, field placeholder, threshold, coordination/storage or ordinary word containing the search substring."
"frontend","src/components/clinical/UnifiedDocumentModal.tsx","258","old","Current typography, field placeholder, threshold, coordination/storage or ordinary word containing the search substring."
"frontend","src/components/clinical/UnifiedDocumentModal.tsx","264","old","Current typography, field placeholder, threshold, coordination/storage or ordinary word containing the search substring."
"frontend","src/components/clinical/UnifiedDocumentModal.tsx","276","old","Current typography, field placeholder, threshold, coordination/storage or ordinary word containing the search substring."
"frontend","src/components/clinical/UnifiedDocumentModal.tsx","289","old","Current typography, field placeholder, threshold, coordination/storage or ordinary word containing the search substring."
"frontend","src/components/clinical/UnifiedDocumentModal.tsx","326","old","Current typography, field placeholder, threshold, coordination/storage or ordinary word containing the search substring."
"frontend","src/components/clinical/UnifiedDocumentModal.tsx","341","old","Current typography, field placeholder, threshold, coordination/storage or ordinary word containing the search substring."
"frontend","src/components/clinical/UnifiedDocumentModal.tsx","342","old","Current typography, field placeholder, threshold, coordination/storage or ordinary word containing the search substring."
"frontend","src/components/clinical/UnifiedDocumentModal.tsx","351","old","Current typography, field placeholder, threshold, coordination/storage or ordinary word containing the search substring."
"frontend","src/components/clinical/UnifiedDocumentModal.tsx","352","old","Current typography, field placeholder, threshold, coordination/storage or ordinary word containing the search substring."
"frontend","src/components/clinical/UnifiedDocumentModal.tsx","359","old","Current typography, field placeholder, threshold, coordination/storage or ordinary word containing the search substring."
"frontend","src/components/clinical/UnifiedDocumentModal.tsx","384","old","Current typography, field placeholder, threshold, coordination/storage or ordinary word containing the search substring."
"frontend","src/components/clinical/UnifiedDocumentModal.tsx","421","old","Current typography, field placeholder, threshold, coordination/storage or ordinary word containing the search substring."
"frontend","src/components/clinical/UnifiedDocumentModal.tsx","429","old","Current typography, field placeholder, threshold, coordination/storage or ordinary word containing the search substring."
"frontend","src/components/clinical/UnifiedDocumentModal.tsx","432","old","Current typography, field placeholder, threshold, coordination/storage or ordinary word containing the search substring."
"frontend","src/components/clinical/UnifiedDocumentModal.tsx","460","old","Current typography, field placeholder, threshold, coordination/storage or ordinary word containing the search substring."
"frontend","src/components/clinical/UnifiedDocumentModal.tsx","461","old","Current typography, field placeholder, threshold, coordination/storage or ordinary word containing the search substring."
"frontend","src/components/clinical/UnifiedDocumentModal.tsx","475","old","Current typography, field placeholder, threshold, coordination/storage or ordinary word containing the search substring."
"frontend","src/components/clinical/UnifiedDocumentModal.tsx","486","old","Current typography, field placeholder, threshold, coordination/storage or ordinary word containing the search substring."
"frontend","src/components/clinical/UnifiedDocumentModal.tsx","487","old","Current typography, field placeholder, threshold, coordination/storage or ordinary word containing the search substring."
"frontend","src/components/clinical/UnifiedDocumentModal.tsx","494","old","Current typography, field placeholder, threshold, coordination/storage or ordinary word containing the search substring."
"frontend","src/components/clinical/UnifiedDocumentModal.tsx","525","old","Current typography, field placeholder, threshold, coordination/storage or ordinary word containing the search substring."
"frontend","src/components/clinical/UnifiedDocumentModal.tsx","536","old","Current typography, field placeholder, threshold, coordination/storage or ordinary word containing the search substring."
"frontend","src/components/clinical/UnifiedDocumentModal.tsx","548","old","Current typography, field placeholder, threshold, coordination/storage or ordinary word containing the search substring."
"frontend","src/components/clinical/UnifiedDocumentModal.tsx","573","old","Current typography, field placeholder, threshold, coordination/storage or ordinary word containing the search substring."
"frontend","src/components/clinical/UnifiedDocumentModal.tsx","574","old","Current typography, field placeholder, threshold, coordination/storage or ordinary word containing the search substring."
"frontend","src/components/clinical/UnifiedDocumentModal.tsx","578","old","Current typography, field placeholder, threshold, coordination/storage or ordinary word containing the search substring."
"frontend","src/components/clinical/UnifiedDocumentModal.tsx","589","old","Current typography, field placeholder, threshold, coordination/storage or ordinary word containing the search substring."
"frontend","src/components/clinical/UnifiedDocumentModal.tsx","592","old","Current typography, field placeholder, threshold, coordination/storage or ordinary word containing the search substring."
"frontend","src/components/clinical/UnifiedDocumentModal.tsx","609","old","Current typography, field placeholder, threshold, coordination/storage or ordinary word containing the search substring."
"frontend","src/components/clinical/UnifiedDocumentModal.tsx","635","old","Current typography, field placeholder, threshold, coordination/storage or ordinary word containing the search substring."
"frontend","src/components/clinical/UnifiedDocumentModal.tsx","636","old","Current typography, field placeholder, threshold, coordination/storage or ordinary word containing the search substring."
"frontend","src/components/clinical/UnifiedDocumentModal.tsx","639","old","Current typography, field placeholder, threshold, coordination/storage or ordinary word containing the search substring."
"frontend","src/components/clinical/UnifiedDocumentModal.tsx","646","old","Current typography, field placeholder, threshold, coordination/storage or ordinary word containing the search substring."
"frontend","src/components/clinical/UnifiedDocumentModal.tsx","656","old","Current typography, field placeholder, threshold, coordination/storage or ordinary word containing the search substring."
"frontend","src/components/clinical/UnifiedDocumentModal.tsx","664","old","Current typography, field placeholder, threshold, coordination/storage or ordinary word containing the search substring."
"frontend","src/components/clinical/UnifiedDocumentModal.tsx","703","old","Current typography, field placeholder, threshold, coordination/storage or ordinary word containing the search substring."
"frontend","src/components/clinical/UnifiedDocumentModal.tsx","704","old","Current typography, field placeholder, threshold, coordination/storage or ordinary word containing the search substring."
"frontend","src/components/clinical/UnifiedDocumentModal.tsx","709","old","Current typography, field placeholder, threshold, coordination/storage or ordinary word containing the search substring."
"frontend","src/components/clinical/UnifiedDocumentModal.tsx","716","old","Current typography, field placeholder, threshold, coordination/storage or ordinary word containing the search substring."
"frontend","src/components/clinical/UnifiedDocumentModal.tsx","723","old","Current typography, field placeholder, threshold, coordination/storage or ordinary word containing the search substring."
"frontend","src/components/clinical/UnifiedDocumentModal.tsx","762","old","Current typography, field placeholder, threshold, coordination/storage or ordinary word containing the search substring."
"frontend","src/components/clinical/UnifiedDocumentModal.tsx","773","old","Current typography, field placeholder, threshold, coordination/storage or ordinary word containing the search substring."
"frontend","src/components/clinical/UnifiedDocumentModal.tsx","778","old","Current typography, field placeholder, threshold, coordination/storage or ordinary word containing the search substring."
"frontend","src/components/clinical/UnifiedDocumentModal.tsx","784","old","Current typography, field placeholder, threshold, coordination/storage or ordinary word containing the search substring."
"frontend","src/components/clinical/UnifiedDocumentModal.tsx","790","old","Current typography, field placeholder, threshold, coordination/storage or ordinary word containing the search substring."
"frontend","src/components/clinical/UnifiedDocumentModal.tsx","799","old","Current typography, field placeholder, threshold, coordination/storage or ordinary word containing the search substring."
"frontend","src/components/clinical/UnifiedDocumentModal.tsx","810","old","Current typography, field placeholder, threshold, coordination/storage or ordinary word containing the search substring."
"frontend","src/components/clinical/UnifiedDocumentModal.tsx","828","old","Current typography, field placeholder, threshold, coordination/storage or ordinary word containing the search substring."
"frontend","src/components/clinical/UnifiedDocumentModal.tsx","841","old","Current typography, field placeholder, threshold, coordination/storage or ordinary word containing the search substring."
"frontend","src/components/clinical/UnifiedDocumentModal.tsx","848","old","Current typography, field placeholder, threshold, coordination/storage or ordinary word containing the search substring."
"frontend","src/components/clinical/VisitCompletion.tsx","50","old","Current typography, field placeholder, threshold, coordination/storage or ordinary word containing the search substring."
"frontend","src/components/clinical/VisitCompletion.tsx","54","old","Current typography, field placeholder, threshold, coordination/storage or ordinary word containing the search substring."
"frontend","src/components/dashboard/DashboardAppointmentsQueue.tsx","31","old","Current typography, field placeholder, threshold, coordination/storage or ordinary word containing the search substring."
"frontend","src/components/dashboard/DashboardAppointmentsQueue.tsx","39","old","Current typography, field placeholder, threshold, coordination/storage or ordinary word containing the search substring."
"frontend","src/components/dashboard/DashboardAppointmentsQueue.tsx","48","old","Current typography, field placeholder, threshold, coordination/storage or ordinary word containing the search substring."
"frontend","src/components/dashboard/DashboardAppointmentsQueue.tsx","60","old","Current typography, field placeholder, threshold, coordination/storage or ordinary word containing the search substring."
"frontend","src/components/dashboard/DashboardAppointmentsQueue.tsx","69","old","Current typography, field placeholder, threshold, coordination/storage or ordinary word containing the search substring."
"frontend","src/components/dashboard/DashboardAppointmentsQueue.tsx","96","old","Current typography, field placeholder, threshold, coordination/storage or ordinary word containing the search substring."
"frontend","src/components/dashboard/DashboardAppointmentsQueue.tsx","116","old","Current typography, field placeholder, threshold, coordination/storage or ordinary word containing the search substring."
"frontend","src/components/dashboard/DashboardAppointmentsQueue.tsx","124","old","Current typography, field placeholder, threshold, coordination/storage or ordinary word containing the search substring."
"frontend","src/components/dashboard/DashboardAppointmentsQueue.tsx","128","old","Current typography, field placeholder, threshold, coordination/storage or ordinary word containing the search substring."
"frontend","src/components/dashboard/DashboardAppointmentsQueue.tsx","146","old","Current typography, field placeholder, threshold, coordination/storage or ordinary word containing the search substring."
"frontend","src/components/dashboard/DashboardAppointmentsQueue.tsx","182","old","Current typography, field placeholder, threshold, coordination/storage or ordinary word containing the search substring."
"frontend","src/components/dashboard/DashboardAppointmentsQueue.tsx","211","old","Current typography, field placeholder, threshold, coordination/storage or ordinary word containing the search substring."
"frontend","src/components/dashboard/DashboardAppointmentsQueue.tsx","221","old","Current typography, field placeholder, threshold, coordination/storage or ordinary word containing the search substring."
"frontend","src/components/dashboard/DashboardAppointmentsQueue.tsx","224","old","Current typography, field placeholder, threshold, coordination/storage or ordinary word containing the search substring."
"frontend","src/components/dashboard/DashboardAppointmentsQueue.tsx","261","old","Current typography, field placeholder, threshold, coordination/storage or ordinary word containing the search substring."
"frontend","src/components/dashboard/DashboardAppointmentsQueue.tsx","279","old","Current typography, field placeholder, threshold, coordination/storage or ordinary word containing the search substring."
"frontend","src/components/dashboard/DashboardAppointmentsQueue.tsx","319","old","Current typography, field placeholder, threshold, coordination/storage or ordinary word containing the search substring."
"frontend","src/components/dashboard/DashboardAppointmentsQueue.tsx","328","old","Current typography, field placeholder, threshold, coordination/storage or ordinary word containing the search substring."
"frontend","src/components/dashboard/DashboardAppointmentsQueue.tsx","379","old","Current typography, field placeholder, threshold, coordination/storage or ordinary word containing the search substring."
"frontend","src/components/dashboard/DashboardFollowUpAlerts.tsx","30","old","Current typography, field placeholder, threshold, coordination/storage or ordinary word containing the search substring."
"frontend","src/components/dashboard/DashboardFollowUpAlerts.tsx","37","old","Current typography, field placeholder, threshold, coordination/storage or ordinary word containing the search substring."
"frontend","src/components/dashboard/DashboardFollowUpAlerts.tsx","41","old","Current typography, field placeholder, threshold, coordination/storage or ordinary word containing the search substring."
"frontend","src/components/dashboard/DashboardFollowUpAlerts.tsx","58","old","Current typography, field placeholder, threshold, coordination/storage or ordinary word containing the search substring."
"frontend","src/components/dashboard/DashboardLocations.tsx","24","old","Current typography, field placeholder, threshold, coordination/storage or ordinary word containing the search substring."
"frontend","src/components/dashboard/DashboardLocations.tsx","31","old","Current typography, field placeholder, threshold, coordination/storage or ordinary word containing the search substring."
"frontend","src/components/dashboard/DashboardLocations.tsx","51","old","Current typography, field placeholder, threshold, coordination/storage or ordinary word containing the search substring."
"frontend","src/components/dashboard/DashboardLocations.tsx","62","old","Current typography, field placeholder, threshold, coordination/storage or ordinary word containing the search substring."
"frontend","src/components/dashboard/DashboardQuickActions.tsx","23","old","Current typography, field placeholder, threshold, coordination/storage or ordinary word containing the search substring."
"frontend","src/components/dashboard/DashboardQuickActions.tsx","35","old","Current typography, field placeholder, threshold, coordination/storage or ordinary word containing the search substring."
"frontend","src/components/dashboard/DashboardQuickActions.tsx","40","old","Current typography, field placeholder, threshold, coordination/storage or ordinary word containing the search substring."
"frontend","src/components/dashboard/DashboardQuickActions.tsx","47","old","Current typography, field placeholder, threshold, coordination/storage or ordinary word containing the search substring."
"frontend","src/components/dashboard/DashboardQuickActions.tsx","50","old","Current typography, field placeholder, threshold, coordination/storage or ordinary word containing the search substring."
"frontend","src/components/dashboard/DashboardQuickActions.tsx","58","old","Current typography, field placeholder, threshold, coordination/storage or ordinary word containing the search substring."
"frontend","src/components/dashboard/DashboardQuickActions.tsx","69","old","Current typography, field placeholder, threshold, coordination/storage or ordinary word containing the search substring."
"frontend","src/components/dashboard/DashboardQuickActions.tsx","81","old","Current typography, field placeholder, threshold, coordination/storage or ordinary word containing the search substring."
"frontend","src/components/dashboard/DashboardQuickActions.tsx","102","old","Current typography, field placeholder, threshold, coordination/storage or ordinary word containing the search substring."
"frontend","src/components/dashboard/DashboardQuickActions.tsx","123","old","Current typography, field placeholder, threshold, coordination/storage or ordinary word containing the search substring."
"frontend","src/components/dashboard/DashboardQuickActions.tsx","144","old","Current typography, field placeholder, threshold, coordination/storage or ordinary word containing the search substring."
"frontend","src/components/dashboard/DashboardQuickActions.tsx","173","old","Current typography, field placeholder, threshold, coordination/storage or ordinary word containing the search substring."
"frontend","src/components/dashboard/DashboardQuickActions.tsx","194","old","Current typography, field placeholder, threshold, coordination/storage or ordinary word containing the search substring."
"frontend","src/components/dashboard/DashboardQuickActions.tsx","217","old","Current typography, field placeholder, threshold, coordination/storage or ordinary word containing the search substring."
"frontend","src/components/dashboard/DashboardQuickActions.tsx","238","old","Current typography, field placeholder, threshold, coordination/storage or ordinary word containing the search substring."
"frontend","src/components/dashboard/DashboardQuickActions.tsx","259","old","Current typography, field placeholder, threshold, coordination/storage or ordinary word containing the search substring."
"frontend","src/components/dashboard/DashboardQuickActions.tsx","281","old","Current typography, field placeholder, threshold, coordination/storage or ordinary word containing the search substring."
"frontend","src/components/dashboard/DashboardQuickActions.tsx","307","old","Current typography, field placeholder, threshold, coordination/storage or ordinary word containing the search substring."
"frontend","src/components/dashboard/DashboardQuickActions.tsx","328","old","Current typography, field placeholder, threshold, coordination/storage or ordinary word containing the search substring."
"frontend","src/components/dashboard/DashboardQuickActions.tsx","349","old","Current typography, field placeholder, threshold, coordination/storage or ordinary word containing the search substring."
"frontend","src/components/dashboard/DashboardQuickActions.tsx","374","old","Current typography, field placeholder, threshold, coordination/storage or ordinary word containing the search substring."
"frontend","src/components/dashboard/DashboardQuickActions.tsx","395","old","Current typography, field placeholder, threshold, coordination/storage or ordinary word containing the search substring."
"frontend","src/components/dashboard/DashboardQuickActions.tsx","416","old","Current typography, field placeholder, threshold, coordination/storage or ordinary word containing the search substring."
"frontend","src/components/dashboard/DisruptionTriageModal.tsx","340","old","Current typography, field placeholder, threshold, coordination/storage or ordinary word containing the search substring."
"frontend","src/components/dashboard/DisruptionTriageModal.tsx","356","old","Current typography, field placeholder, threshold, coordination/storage or ordinary word containing the search substring."
"frontend","src/components/dashboard/DisruptionTriageModal.tsx","368","old","Current typography, field placeholder, threshold, coordination/storage or ordinary word containing the search substring."
"frontend","src/components/dashboard/DisruptionTriageModal.tsx","381","old","Current typography, field placeholder, threshold, coordination/storage or ordinary word containing the search substring."
"frontend","src/components/dashboard/DisruptionTriageModal.tsx","398","old","Current typography, field placeholder, threshold, coordination/storage or ordinary word containing the search substring."
"frontend","src/components/dashboard/DisruptionTriageModal.tsx","424","old","Current typography, field placeholder, threshold, coordination/storage or ordinary word containing the search substring."
"frontend","src/components/dashboard/DisruptionTriageModal.tsx","442","old","Current typography, field placeholder, threshold, coordination/storage or ordinary word containing the search substring."
"frontend","src/components/dashboard/DisruptionTriageModal.tsx","470","old","Current typography, field placeholder, threshold, coordination/storage or ordinary word containing the search substring."
"frontend","src/components/dashboard/DisruptionTriageModal.tsx","483","old","Current typography, field placeholder, threshold, coordination/storage or ordinary word containing the search substring."
"frontend","src/components/dashboard/DisruptionTriageModal.tsx","514","old","Current typography, field placeholder, threshold, coordination/storage or ordinary word containing the search substring."
"frontend","src/components/dashboard/DisruptionTriageModal.tsx","518","old","Current typography, field placeholder, threshold, coordination/storage or ordinary word containing the search substring."
"frontend","src/components/dashboard/DisruptionTriageModal.tsx","526","old","Current typography, field placeholder, threshold, coordination/storage or ordinary word containing the search substring."
"frontend","src/components/dashboard/DisruptionTriageModal.tsx","530","old","Current typography, field placeholder, threshold, coordination/storage or ordinary word containing the search substring."
"frontend","src/components/dashboard/DisruptionTriageModal.tsx","534","old","Current typography, field placeholder, threshold, coordination/storage or ordinary word containing the search substring."
"frontend","src/components/dashboard/DisruptionTriageModal.tsx","572","old","Current typography, field placeholder, threshold, coordination/storage or ordinary word containing the search substring."
"frontend","src/components/dashboard/DisruptionTriageModal.tsx","587","old","Current typography, field placeholder, threshold, coordination/storage or ordinary word containing the search substring."
"frontend","src/components/dashboard/DisruptionTriageModal.tsx","602","old","Current typography, field placeholder, threshold, coordination/storage or ordinary word containing the search substring."
"frontend","src/components/dashboard/DisruptionTriageModal.tsx","613","old","Current typography, field placeholder, threshold, coordination/storage or ordinary word containing the search substring."
"frontend","src/components/dashboard/DisruptionTriageModal.tsx","615","old","Current typography, field placeholder, threshold, coordination/storage or ordinary word containing the search substring."
"frontend","src/components/dashboard/DisruptionTriageModal.tsx","623","old","Current typography, field placeholder, threshold, coordination/storage or ordinary word containing the search substring."
"frontend","src/components/dashboard/DisruptionTriageModal.tsx","640","old","Current typography, field placeholder, threshold, coordination/storage or ordinary word containing the search substring."
"frontend","src/components/dashboard/DisruptionTriageModal.tsx","659","old","Current typography, field placeholder, threshold, coordination/storage or ordinary word containing the search substring."
"frontend","src/components/dashboard/DisruptionTriageModal.tsx","672","old","Current typography, field placeholder, threshold, coordination/storage or ordinary word containing the search substring."
"frontend","src/components/dashboard/DisruptionTriageModal.tsx","686","old","Current typography, field placeholder, threshold, coordination/storage or ordinary word containing the search substring."
"frontend","src/components/dashboard/DisruptionTriageModal.tsx","705","old","Current typography, field placeholder, threshold, coordination/storage or ordinary word containing the search substring."
"frontend","src/components/dashboard/DisruptionTriageModal.tsx","717","old","Current typography, field placeholder, threshold, coordination/storage or ordinary word containing the search substring."
"frontend","src/components/dashboard/DisruptionTriageModal.tsx","747","old","Current typography, field placeholder, threshold, coordination/storage or ordinary word containing the search substring."
"frontend","src/components/dashboard/LocationQrPosterModal.tsx","109","old","Current typography, field placeholder, threshold, coordination/storage or ordinary word containing the search substring."
"frontend","src/components/dashboard/LocationQrPosterModal.tsx","117","old","Current typography, field placeholder, threshold, coordination/storage or ordinary word containing the search substring."
"frontend","src/components/dashboard/LocationQrPosterModal.tsx","143","old","Current typography, field placeholder, threshold, coordination/storage or ordinary word containing the search substring."
"frontend","src/components/dashboard/LocationQrPosterModal.tsx","157","old","Current typography, field placeholder, threshold, coordination/storage or ordinary word containing the search substring."
"frontend","src/components/dashboard/LocationQrPosterModal.tsx","165","old","Current typography, field placeholder, threshold, coordination/storage or ordinary word containing the search substring."
"frontend","src/components/dashboard/LocationQrPosterModal.tsx","173","old","Current typography, field placeholder, threshold, coordination/storage or ordinary word containing the search substring."
"frontend","src/components/dashboard/LocationQrPosterModal.tsx","180","old","Current typography, field placeholder, threshold, coordination/storage or ordinary word containing the search substring."
"frontend","src/components/dashboard/MobileBottomNav.tsx","131","old","Current typography, field placeholder, threshold, coordination/storage or ordinary word containing the search substring."
"frontend","src/components/dashboard/MobileBottomNav.tsx","164","old","Current typography, field placeholder, threshold, coordination/storage or ordinary word containing the search substring."
"frontend","src/components/dashboard/PlatformOwnerDashboard.tsx","59","old","Current typography, field placeholder, threshold, coordination/storage or ordinary word containing the search substring."
"frontend","src/components/dashboard/PlatformOwnerDashboard.tsx","72","old","Current typography, field placeholder, threshold, coordination/storage or ordinary word containing the search substring."
"frontend","src/components/dashboard/PlatformOwnerDashboard.tsx","82","old","Current typography, field placeholder, threshold, coordination/storage or ordinary word containing the search substring."
"frontend","src/components/dashboard/PlatformOwnerDashboard.tsx","90","old","Current typography, field placeholder, threshold, coordination/storage or ordinary word containing the search substring."
"frontend","src/components/dashboard/PlatformOwnerDashboard.tsx","93","old","Current typography, field placeholder, threshold, coordination/storage or ordinary word containing the search substring."
"frontend","src/components/dashboard/PlatformOwnerDashboard.tsx","107","old","Current typography, field placeholder, threshold, coordination/storage or ordinary word containing the search substring."
"frontend","src/components/dashboard/PlatformOwnerDashboard.tsx","132","old","Current typography, field placeholder, threshold, coordination/storage or ordinary word containing the search substring."
"frontend","src/components/dashboard/PlatformOwnerDashboard.tsx","145","old","Current typography, field placeholder, threshold, coordination/storage or ordinary word containing the search substring."
"frontend","src/components/dashboard/PlatformOwnerDashboard.tsx","148","old","Current typography, field placeholder, threshold, coordination/storage or ordinary word containing the search substring."
"frontend","src/components/ehr/PatientMedicalRecords.tsx","111","old","Current typography, field placeholder, threshold, coordination/storage or ordinary word containing the search substring."
"frontend","src/components/ehr/PatientMedicalRecords.tsx","142","old","Current typography, field placeholder, threshold, coordination/storage or ordinary word containing the search substring."
"frontend","src/components/ehr/PatientMedicalRecords.tsx","156","old","Current typography, field placeholder, threshold, coordination/storage or ordinary word containing the search substring."
"frontend","src/components/ehr/PatientMedicalRecords.tsx","208","old","Current typography, field placeholder, threshold, coordination/storage or ordinary word containing the search substring."
"frontend","src/components/ehr/PatientTimeline.tsx","181","old","Current typography, field placeholder, threshold, coordination/storage or ordinary word containing the search substring."
"frontend","src/components/ehr/PatientTimeline.tsx","183","old","Current typography, field placeholder, threshold, coordination/storage or ordinary word containing the search substring."
"frontend","src/components/ehr/PatientTimeline.tsx","199","old","Current typography, field placeholder, threshold, coordination/storage or ordinary word containing the search substring."
"frontend","src/components/ehr/PatientTimeline.tsx","242","old","Current typography, field placeholder, threshold, coordination/storage or ordinary word containing the search substring."
"frontend","src/components/ehr/PatientTimeline.tsx","280","old","Current typography, field placeholder, threshold, coordination/storage or ordinary word containing the search substring."
"frontend","src/components/ehr/PatientTimeline.tsx","304","old","Current typography, field placeholder, threshold, coordination/storage or ordinary word containing the search substring."
"frontend","src/components/ehr/PatientTimeline.tsx","306","old","Previous value, response, worker claim, date or record used by current recovery, integrity or documentation; not a second domain representation."
"frontend","src/components/ehr/PatientTimeline.tsx","324","old","Current typography, field placeholder, threshold, coordination/storage or ordinary word containing the search substring."
"frontend","src/components/ehr/PatientTimeline.tsx","329","old","Current typography, field placeholder, threshold, coordination/storage or ordinary word containing the search substring."
"frontend","src/components/notifications/NotificationBell.tsx","15","old","Current typography, field placeholder, threshold, coordination/storage or ordinary word containing the search substring."
"frontend","src/components/notifications/NotificationBell.tsx","39","v1","SVG vertical-path drawing command followed by a coordinate; not a versioned implementation."
"frontend","src/components/notifications/NotificationDropdown.tsx","69","old","Current typography, field placeholder, threshold, coordination/storage or ordinary word containing the search substring."
"frontend","src/components/notifications/NotificationDropdown.tsx","128","old","Current typography, field placeholder, threshold, coordination/storage or ordinary word containing the search substring."
"frontend","src/components/organization/CreateOrganization.tsx","43","old","Current typography, field placeholder, threshold, coordination/storage or ordinary word containing the search substring."
"frontend","src/components/organization/LocationManagement.tsx","355","old","Current typography, field placeholder, threshold, coordination/storage or ordinary word containing the search substring."
"frontend","src/components/organization/LocationManagement.tsx","358","old","Current typography, field placeholder, threshold, coordination/storage or ordinary word containing the search substring."
"frontend","src/components/organization/LocationManagement.tsx","362","old","Current typography, field placeholder, threshold, coordination/storage or ordinary word containing the search substring."
"frontend","src/components/organization/LocationManagement.tsx","378","old","Current typography, field placeholder, threshold, coordination/storage or ordinary word containing the search substring."
"frontend","src/components/organization/LocationManagement.tsx","389","old","Current typography, field placeholder, threshold, coordination/storage or ordinary word containing the search substring."
"frontend","src/components/organization/LocationManagement.tsx","429","old","Current typography, field placeholder, threshold, coordination/storage or ordinary word containing the search substring."
"frontend","src/components/organization/LocationManagement.tsx","431","old","Current typography, field placeholder, threshold, coordination/storage or ordinary word containing the search substring."
"frontend","src/components/organization/LocationManagement.tsx","443","old","Current typography, field placeholder, threshold, coordination/storage or ordinary word containing the search substring."
"frontend","src/components/organization/LocationManagement.tsx","445","old","Current typography, field placeholder, threshold, coordination/storage or ordinary word containing the search substring."
"frontend","src/components/organization/LocationManagement.tsx","474","old","Current typography, field placeholder, threshold, coordination/storage or ordinary word containing the search substring."
"frontend","src/components/organization/LocationManagement.tsx","500","old","Current typography, field placeholder, threshold, coordination/storage or ordinary word containing the search substring."
"frontend","src/components/organization/LocationManagement.tsx","510","old","Current typography, field placeholder, threshold, coordination/storage or ordinary word containing the search substring."
"frontend","src/components/organization/LocationManagement.tsx","516","old","Current typography, field placeholder, threshold, coordination/storage or ordinary word containing the search substring."
"frontend","src/components/organization/LocationManagement.tsx","523","old","Current typography, field placeholder, threshold, coordination/storage or ordinary word containing the search substring."
"frontend","src/components/organization/LocationManagement.tsx","538","old","Current typography, field placeholder, threshold, coordination/storage or ordinary word containing the search substring."
"frontend","src/components/organization/LocationManagement.tsx","553","old","Current typography, field placeholder, threshold, coordination/storage or ordinary word containing the search substring."
"frontend","src/components/organization/LocationManagement.tsx","571","old","Current typography, field placeholder, threshold, coordination/storage or ordinary word containing the search substring."
"frontend","src/components/organization/LocationManagement.tsx","623","old","Current typography, field placeholder, threshold, coordination/storage or ordinary word containing the search substring."
"frontend","src/components/organization/LocationManagement.tsx","677","old","Current typography, field placeholder, threshold, coordination/storage or ordinary word containing the search substring."
"frontend","src/components/organization/LocationManagement.tsx","685","old","Current typography, field placeholder, threshold, coordination/storage or ordinary word containing the search substring."
"frontend","src/components/organization/LocationManagement.tsx","696","old","Current typography, field placeholder, threshold, coordination/storage or ordinary word containing the search substring."
"frontend","src/components/organization/LocationManagement.tsx","733","old","Current typography, field placeholder, threshold, coordination/storage or ordinary word containing the search substring."
"frontend","src/components/organization/LocationManagement.tsx","742","old","Current typography, field placeholder, threshold, coordination/storage or ordinary word containing the search substring."
"frontend","src/components/organization/LocationManagement.tsx","749","old","Current typography, field placeholder, threshold, coordination/storage or ordinary word containing the search substring."
"frontend","src/components/organization/LocationManagement.tsx","766","old","Current typography, field placeholder, threshold, coordination/storage or ordinary word containing the search substring."
"frontend","src/components/organization/LocationManagement.tsx","776","old","Current typography, field placeholder, threshold, coordination/storage or ordinary word containing the search substring."
"frontend","src/components/organization/LocationManagement.tsx","788","old","Current typography, field placeholder, threshold, coordination/storage or ordinary word containing the search substring."
"frontend","src/components/organization/LocationManagement.tsx","831","old","Current typography, field placeholder, threshold, coordination/storage or ordinary word containing the search substring."
"frontend","src/components/organization/LocationManagement.tsx","852","old","Current typography, field placeholder, threshold, coordination/storage or ordinary word containing the search substring."
"frontend","src/components/organization/LocationManagement.tsx","856","old","Current typography, field placeholder, threshold, coordination/storage or ordinary word containing the search substring."
"frontend","src/components/organization/LocationManagement.tsx","876","old","Current typography, field placeholder, threshold, coordination/storage or ordinary word containing the search substring."
"frontend","src/components/organization/LocationManagement.tsx","926","old","Current typography, field placeholder, threshold, coordination/storage or ordinary word containing the search substring."
"frontend","src/components/organization/LocationManagement.tsx","945","old","Current typography, field placeholder, threshold, coordination/storage or ordinary word containing the search substring."
"frontend","src/components/organization/LocationManagement.tsx","954","old","Current typography, field placeholder, threshold, coordination/storage or ordinary word containing the search substring."
"frontend","src/components/organization/LocationManagement.tsx","965","old","Current typography, field placeholder, threshold, coordination/storage or ordinary word containing the search substring."
"frontend","src/components/organization/LocationManagement.tsx","973","old","Current typography, field placeholder, threshold, coordination/storage or ordinary word containing the search substring."
"frontend","src/components/organization/LocationManagement.tsx","982","old","Current typography, field placeholder, threshold, coordination/storage or ordinary word containing the search substring."
"frontend","src/components/organization/LocationManagement.tsx","988","old","Current typography, field placeholder, threshold, coordination/storage or ordinary word containing the search substring."
"frontend","src/components/organization/LocationManagement.tsx","996","old","Current typography, field placeholder, threshold, coordination/storage or ordinary word containing the search substring."
"frontend","src/components/organization/LocationManagement.tsx","1002","old","Current typography, field placeholder, threshold, coordination/storage or ordinary word containing the search substring."
"frontend","src/components/organization/LocationManagement.tsx","1006","old","Current typography, field placeholder, threshold, coordination/storage or ordinary word containing the search substring."
"frontend","src/components/organization/LocationManagement.tsx","1018","old","Current typography, field placeholder, threshold, coordination/storage or ordinary word containing the search substring."
"frontend","src/components/organization/LocationManagement.tsx","1023","old","Current typography, field placeholder, threshold, coordination/storage or ordinary word containing the search substring."
"frontend","src/components/organization/LocationManagement.tsx","1048","old","Current typography, field placeholder, threshold, coordination/storage or ordinary word containing the search substring."
"frontend","src/components/organization/LocationManagement.tsx","1051","old","Current typography, field placeholder, threshold, coordination/storage or ordinary word containing the search substring."
"frontend","src/components/organization/LocationManagement.tsx","1064","old","Current typography, field placeholder, threshold, coordination/storage or ordinary word containing the search substring."
"frontend","src/components/organization/LocationManagement.tsx","1070","old","Current typography, field placeholder, threshold, coordination/storage or ordinary word containing the search substring."
"frontend","src/components/organization/LocationManagement.tsx","1079","old","Current typography, field placeholder, threshold, coordination/storage or ordinary word containing the search substring."
"frontend","src/components/organization/LocationManagement.tsx","1111","old","Current typography, field placeholder, threshold, coordination/storage or ordinary word containing the search substring."
"frontend","src/components/organization/LocationManagement.tsx","1117","old","Current typography, field placeholder, threshold, coordination/storage or ordinary word containing the search substring."
"frontend","src/components/organization/LocationManagement.tsx","1120","old","Current typography, field placeholder, threshold, coordination/storage or ordinary word containing the search substring."
"frontend","src/components/organization/LocationManagement.tsx","1121","old","Current typography, field placeholder, threshold, coordination/storage or ordinary word containing the search substring."
"frontend","src/components/organization/OrganizationConfiguration.tsx","141","old","Current typography, field placeholder, threshold, coordination/storage or ordinary word containing the search substring."
"frontend","src/components/organization/OrganizationConfiguration.tsx","149","old","Current typography, field placeholder, threshold, coordination/storage or ordinary word containing the search substring."
"frontend","src/components/organization/OrganizationConfiguration.tsx","158","old","Current typography, field placeholder, threshold, coordination/storage or ordinary word containing the search substring."
"frontend","src/components/organization/OrganizationConfiguration.tsx","165","old","Current typography, field placeholder, threshold, coordination/storage or ordinary word containing the search substring."
"frontend","src/components/organization/OrganizationConfiguration.tsx","179","old","Current typography, field placeholder, threshold, coordination/storage or ordinary word containing the search substring."
"frontend","src/components/organization/OrganizationConfiguration.tsx","198","old","Current typography, field placeholder, threshold, coordination/storage or ordinary word containing the search substring."
"frontend","src/components/organization/OrganizationConfiguration.tsx","215","old","Current typography, field placeholder, threshold, coordination/storage or ordinary word containing the search substring."
"frontend","src/components/organization/OrganizationConfiguration.tsx","221","old","Current typography, field placeholder, threshold, coordination/storage or ordinary word containing the search substring."
"frontend","src/components/organization/OrganizationConfiguration.tsx","226","old","Current typography, field placeholder, threshold, coordination/storage or ordinary word containing the search substring."
"frontend","src/components/organization/OrganizationConfiguration.tsx","242","old","Current typography, field placeholder, threshold, coordination/storage or ordinary word containing the search substring."
"frontend","src/components/organization/OrganizationConfiguration.tsx","255","old","Current typography, field placeholder, threshold, coordination/storage or ordinary word containing the search substring."
"frontend","src/components/organization/OrganizationConfiguration.tsx","262","old","Current typography, field placeholder, threshold, coordination/storage or ordinary word containing the search substring."
"frontend","src/components/organization/OrganizationConfiguration.tsx","268","old","Current typography, field placeholder, threshold, coordination/storage or ordinary word containing the search substring."
"frontend","src/components/organization/OrganizationConfiguration.tsx","273","old","Current typography, field placeholder, threshold, coordination/storage or ordinary word containing the search substring."
"frontend","src/components/organization/OrganizationConfiguration.tsx","282","old","Current typography, field placeholder, threshold, coordination/storage or ordinary word containing the search substring."
"frontend","src/components/organization/OrganizationConfiguration.tsx","297","old","Current typography, field placeholder, threshold, coordination/storage or ordinary word containing the search substring."
"frontend","src/components/organization/OrganizationConfiguration.tsx","303","old","Current typography, field placeholder, threshold, coordination/storage or ordinary word containing the search substring."
"frontend","src/components/organization/OrganizationConfiguration.tsx","311","old","Current typography, field placeholder, threshold, coordination/storage or ordinary word containing the search substring."
"frontend","src/components/organization/OrganizationConfiguration.tsx","318","old","Current typography, field placeholder, threshold, coordination/storage or ordinary word containing the search substring."
"frontend","src/components/organization/OrganizationConfiguration.tsx","322","old","Current typography, field placeholder, threshold, coordination/storage or ordinary word containing the search substring."
"frontend","src/components/organization/OrganizationConfiguration.tsx","333","old","Current typography, field placeholder, threshold, coordination/storage or ordinary word containing the search substring."
"frontend","src/components/organization/OrganizationConfiguration.tsx","345","old","Current typography, field placeholder, threshold, coordination/storage or ordinary word containing the search substring."
"frontend","src/components/organization/OrganizationConfiguration.tsx","455","old","Current typography, field placeholder, threshold, coordination/storage or ordinary word containing the search substring."
"frontend","src/components/organization/OrganizationConfiguration.tsx","466","old","Current typography, field placeholder, threshold, coordination/storage or ordinary word containing the search substring."
"frontend","src/components/organization/OrganizationConfiguration.tsx","483","old","Current typography, field placeholder, threshold, coordination/storage or ordinary word containing the search substring."
"frontend","src/components/organization/OrganizationConfiguration.tsx","484","old","Current typography, field placeholder, threshold, coordination/storage or ordinary word containing the search substring."
"frontend","src/components/organization/OrganizationConfiguration.tsx","506","old","Current typography, field placeholder, threshold, coordination/storage or ordinary word containing the search substring."
"frontend","src/components/organization/OrganizationConfiguration.tsx","510","old","Current typography, field placeholder, threshold, coordination/storage or ordinary word containing the search substring."
"frontend","src/components/organization/OrganizationConfiguration.tsx","511","old","Current typography, field placeholder, threshold, coordination/storage or ordinary word containing the search substring."
"frontend","src/components/organization/OrganizationConfiguration.tsx","515","old","Current typography, field placeholder, threshold, coordination/storage or ordinary word containing the search substring."
"frontend","src/components/organization/OrganizationConfiguration.tsx","516","old","Current typography, field placeholder, threshold, coordination/storage or ordinary word containing the search substring."
"frontend","src/components/organization/OrganizationConfiguration.tsx","520","old","Current typography, field placeholder, threshold, coordination/storage or ordinary word containing the search substring."
"frontend","src/components/organization/OrganizationConfiguration.tsx","521","old","Current typography, field placeholder, threshold, coordination/storage or ordinary word containing the search substring."
"frontend","src/components/organization/OrganizationDetails.tsx","44","old","Current typography, field placeholder, threshold, coordination/storage or ordinary word containing the search substring."
"frontend","src/components/organization/OrganizationDetails.tsx","50","old","Current typography, field placeholder, threshold, coordination/storage or ordinary word containing the search substring."
"frontend","src/components/organization/OrganizationManagement.tsx","130","old","Current typography, field placeholder, threshold, coordination/storage or ordinary word containing the search substring."
"frontend","src/components/organization/OrganizationManagement.tsx","149","old","Current typography, field placeholder, threshold, coordination/storage or ordinary word containing the search substring."
"frontend","src/components/organization/OrganizationManagement.tsx","153","old","Current typography, field placeholder, threshold, coordination/storage or ordinary word containing the search substring."
"frontend","src/components/organization/OrganizationManagement.tsx","171","old","Current typography, field placeholder, threshold, coordination/storage or ordinary word containing the search substring."
"frontend","src/components/organization/OrganizationManagement.tsx","188","old","Current typography, field placeholder, threshold, coordination/storage or ordinary word containing the search substring."
"frontend","src/components/organization/OrganizationMembers.tsx","46","old","Current typography, field placeholder, threshold, coordination/storage or ordinary word containing the search substring."
"frontend","src/components/organization/OrganizationMembers.tsx","47","old","Current typography, field placeholder, threshold, coordination/storage or ordinary word containing the search substring."
"frontend","src/components/organization/OrganizationModules.tsx","40","old","Current typography, field placeholder, threshold, coordination/storage or ordinary word containing the search substring."
"frontend","src/components/organization/OrganizationSetupRequest.tsx","64","old","Current typography, field placeholder, threshold, coordination/storage or ordinary word containing the search substring."
"frontend","src/components/organization/PlatformSettings.tsx","21","old","Current typography, field placeholder, threshold, coordination/storage or ordinary word containing the search substring."
"frontend","src/components/organization/PlatformSettings.tsx","25","old","Current typography, field placeholder, threshold, coordination/storage or ordinary word containing the search substring."
"frontend","src/components/organization/PlatformSettings.tsx","26","old","Current typography, field placeholder, threshold, coordination/storage or ordinary word containing the search substring."
"frontend","src/components/organization/SetupRequestInbox.tsx","56","old","Current typography, field placeholder, threshold, coordination/storage or ordinary word containing the search substring."
"frontend","src/components/organization/TeamManagement.tsx","733","old","Current typography, field placeholder, threshold, coordination/storage or ordinary word containing the search substring."
"frontend","src/components/organization/TeamManagement.tsx","736","old","Current typography, field placeholder, threshold, coordination/storage or ordinary word containing the search substring."
"frontend","src/components/organization/TeamManagement.tsx","753","old","Current typography, field placeholder, threshold, coordination/storage or ordinary word containing the search substring."
"frontend","src/components/organization/TeamManagement.tsx","763","old","Current typography, field placeholder, threshold, coordination/storage or ordinary word containing the search substring."
"frontend","src/components/organization/TeamManagement.tsx","776","old","Current typography, field placeholder, threshold, coordination/storage or ordinary word containing the search substring."
"frontend","src/components/organization/TeamManagement.tsx","817","old","Current typography, field placeholder, threshold, coordination/storage or ordinary word containing the search substring."
"frontend","src/components/organization/TeamManagement.tsx","826","old","Current typography, field placeholder, threshold, coordination/storage or ordinary word containing the search substring."
"frontend","src/components/organization/TeamManagement.tsx","828","old","Current typography, field placeholder, threshold, coordination/storage or ordinary word containing the search substring."
"frontend","src/components/organization/TeamManagement.tsx","835","old","Current typography, field placeholder, threshold, coordination/storage or ordinary word containing the search substring."
"frontend","src/components/organization/TeamManagement.tsx","853","old","Current typography, field placeholder, threshold, coordination/storage or ordinary word containing the search substring."
"frontend","src/components/organization/TeamManagement.tsx","868","old","Current typography, field placeholder, threshold, coordination/storage or ordinary word containing the search substring."
"frontend","src/components/organization/TeamManagement.tsx","892","old","Current typography, field placeholder, threshold, coordination/storage or ordinary word containing the search substring."
"frontend","src/components/organization/TeamManagement.tsx","993","old","Current typography, field placeholder, threshold, coordination/storage or ordinary word containing the search substring."
"frontend","src/components/organization/TeamManagement.tsx","997","old","Current typography, field placeholder, threshold, coordination/storage or ordinary word containing the search substring."
"frontend","src/components/organization/TeamManagement.tsx","1010","old","Current typography, field placeholder, threshold, coordination/storage or ordinary word containing the search substring."
"frontend","src/components/organization/TeamManagement.tsx","1092","old","Current typography, field placeholder, threshold, coordination/storage or ordinary word containing the search substring."
"frontend","src/components/organization/TeamManagement.tsx","1101","old","Current typography, field placeholder, threshold, coordination/storage or ordinary word containing the search substring."
"frontend","src/components/organization/TeamManagement.tsx","1161","old","Current typography, field placeholder, threshold, coordination/storage or ordinary word containing the search substring."
"frontend","src/components/organization/TeamManagement.tsx","1198","old","Current typography, field placeholder, threshold, coordination/storage or ordinary word containing the search substring."
"frontend","src/components/organization/TeamManagement.tsx","1211","old","Current typography, field placeholder, threshold, coordination/storage or ordinary word containing the search substring."
"frontend","src/components/organization/TeamManagement.tsx","1219","old","Current typography, field placeholder, threshold, coordination/storage or ordinary word containing the search substring."
"frontend","src/components/organization/TeamManagement.tsx","1230","old","Current typography, field placeholder, threshold, coordination/storage or ordinary word containing the search substring."
"frontend","src/components/organization/TeamManagement.tsx","1241","old","Current typography, field placeholder, threshold, coordination/storage or ordinary word containing the search substring."
"frontend","src/components/organization/TeamManagement.tsx","1263","old","Current typography, field placeholder, threshold, coordination/storage or ordinary word containing the search substring."
"frontend","src/components/organization/TeamManagement.tsx","1272","old","Current typography, field placeholder, threshold, coordination/storage or ordinary word containing the search substring."
"frontend","src/components/organization/TeamManagement.tsx","1292","old","Current typography, field placeholder, threshold, coordination/storage or ordinary word containing the search substring."
"frontend","src/components/organization/TeamManagement.tsx","1320","old","Current typography, field placeholder, threshold, coordination/storage or ordinary word containing the search substring."
"frontend","src/components/organization/TeamManagement.tsx","1339","old","Current typography, field placeholder, threshold, coordination/storage or ordinary word containing the search substring."
"frontend","src/components/organization/TeamManagement.tsx","1353","old","Current typography, field placeholder, threshold, coordination/storage or ordinary word containing the search substring."
"frontend","src/components/organization/TeamManagement.tsx","1358","old","Current typography, field placeholder, threshold, coordination/storage or ordinary word containing the search substring."
"frontend","src/components/organization/TeamManagement.tsx","1382","old","Current typography, field placeholder, threshold, coordination/storage or ordinary word containing the search substring."
"frontend","src/components/organization/TeamManagement.tsx","1384","old","Current typography, field placeholder, threshold, coordination/storage or ordinary word containing the search substring."
"frontend","src/components/organization/TeamManagement.tsx","1396","old","Current typography, field placeholder, threshold, coordination/storage or ordinary word containing the search substring."
"frontend","src/components/organization/TeamManagement.tsx","1412","old","Current typography, field placeholder, threshold, coordination/storage or ordinary word containing the search substring."
"frontend","src/components/organization/TeamManagement.tsx","1427","old","Current typography, field placeholder, threshold, coordination/storage or ordinary word containing the search substring."
"frontend","src/components/organization/TeamManagement.tsx","1434","old","Current typography, field placeholder, threshold, coordination/storage or ordinary word containing the search substring."
"frontend","src/components/organization/TeamManagement.tsx","1443","old","Current typography, field placeholder, threshold, coordination/storage or ordinary word containing the search substring."
"frontend","src/components/organization/TeamManagement.tsx","1456","old","Current typography, field placeholder, threshold, coordination/storage or ordinary word containing the search substring."
"frontend","src/components/organization/TeamManagement.tsx","1470","old","Current typography, field placeholder, threshold, coordination/storage or ordinary word containing the search substring."
"frontend","src/components/organization/TeamManagement.tsx","1478","old","Current typography, field placeholder, threshold, coordination/storage or ordinary word containing the search substring."
"frontend","src/components/organization/TeamManagement.tsx","1491","old","Current typography, field placeholder, threshold, coordination/storage or ordinary word containing the search substring."
"frontend","src/components/organization/TeamManagement.tsx","1503","old","Current typography, field placeholder, threshold, coordination/storage or ordinary word containing the search substring."
"frontend","src/components/organization/TeamManagement.tsx","1509","old","Current typography, field placeholder, threshold, coordination/storage or ordinary word containing the search substring."
"frontend","src/components/organization/TeamManagement.tsx","1511","old","Current typography, field placeholder, threshold, coordination/storage or ordinary word containing the search substring."
"frontend","src/components/organization/TeamManagement.tsx","1515","old","Current typography, field placeholder, threshold, coordination/storage or ordinary word containing the search substring."
"frontend","src/components/organization/TeamManagement.tsx","1523","old","Current typography, field placeholder, threshold, coordination/storage or ordinary word containing the search substring."
"frontend","src/components/organization/TeamManagement.tsx","1531","old","Current typography, field placeholder, threshold, coordination/storage or ordinary word containing the search substring."
"frontend","src/components/organization/TeamManagement.tsx","1545","old","Current typography, field placeholder, threshold, coordination/storage or ordinary word containing the search substring."
"frontend","src/components/organization/TeamManagement.tsx","1553","old","Current typography, field placeholder, threshold, coordination/storage or ordinary word containing the search substring."
"frontend","src/components/organization/TeamManagement.tsx","1575","old","Current typography, field placeholder, threshold, coordination/storage or ordinary word containing the search substring."
"frontend","src/components/organization/TeamManagement.tsx","1599","old","Current typography, field placeholder, threshold, coordination/storage or ordinary word containing the search substring."
"frontend","src/components/organization/TeamManagement.tsx","1600","old","Current typography, field placeholder, threshold, coordination/storage or ordinary word containing the search substring."
"frontend","src/components/organization/TeamManagement.tsx","1643","old","Current typography, field placeholder, threshold, coordination/storage or ordinary word containing the search substring."
"frontend","src/components/organization/TeamManagement.tsx","1654","old","Current typography, field placeholder, threshold, coordination/storage or ordinary word containing the search substring."
"frontend","src/components/organization/TeamManagement.tsx","1674","old","Current typography, field placeholder, threshold, coordination/storage or ordinary word containing the search substring."
"frontend","src/components/organization/TeamManagement.tsx","1694","old","Current typography, field placeholder, threshold, coordination/storage or ordinary word containing the search substring."
"frontend","src/components/organization/TeamManagement.tsx","1724","old","Current typography, field placeholder, threshold, coordination/storage or ordinary word containing the search substring."
"frontend","src/components/organization/TeamManagement.tsx","1731","old","Current typography, field placeholder, threshold, coordination/storage or ordinary word containing the search substring."
"frontend","src/components/organization/TeamManagement.tsx","1760","old","Current typography, field placeholder, threshold, coordination/storage or ordinary word containing the search substring."
"frontend","src/components/organization/TeamManagement.tsx","1768","old","Current typography, field placeholder, threshold, coordination/storage or ordinary word containing the search substring."
"frontend","src/components/organization/TeamManagement.tsx","1781","old","Current typography, field placeholder, threshold, coordination/storage or ordinary word containing the search substring."
"frontend","src/components/organization/TeamManagement.tsx","1802","old","Current typography, field placeholder, threshold, coordination/storage or ordinary word containing the search substring."
"frontend","src/components/organization/TeamManagement.tsx","1836","old","Current typography, field placeholder, threshold, coordination/storage or ordinary word containing the search substring."
"frontend","src/components/organization/TeamManagement.tsx","1862","old","Current typography, field placeholder, threshold, coordination/storage or ordinary word containing the search substring."
"frontend","src/components/organization/TeamManagement.tsx","1873","old","Current typography, field placeholder, threshold, coordination/storage or ordinary word containing the search substring."
"frontend","src/components/organization/TeamManagement.tsx","1876","old","Current typography, field placeholder, threshold, coordination/storage or ordinary word containing the search substring."
"frontend","src/components/organization/TeamManagement.tsx","1891","old","Current typography, field placeholder, threshold, coordination/storage or ordinary word containing the search substring."
"frontend","src/components/organization/TeamManagement.tsx","1906","old","Current typography, field placeholder, threshold, coordination/storage or ordinary word containing the search substring."
"frontend","src/components/organization/TeamManagement.tsx","1907","old","Current typography, field placeholder, threshold, coordination/storage or ordinary word containing the search substring."
"frontend","src/components/organization/TeamManagement.tsx","1926","old","Current typography, field placeholder, threshold, coordination/storage or ordinary word containing the search substring."
"frontend","src/components/organization/TeamManagement.tsx","1940","old","Current typography, field placeholder, threshold, coordination/storage or ordinary word containing the search substring."
"frontend","src/components/organization/TeamManagement.tsx","1951","old","Current typography, field placeholder, threshold, coordination/storage or ordinary word containing the search substring."
"frontend","src/components/organization/TeamManagement.tsx","1961","old","Current typography, field placeholder, threshold, coordination/storage or ordinary word containing the search substring."
"frontend","src/components/organization/TeamManagement.tsx","1973","old","Current typography, field placeholder, threshold, coordination/storage or ordinary word containing the search substring."
"frontend","src/components/pharmacy/PharmacyAlertsCenter.tsx","53","old","Current typography, field placeholder, threshold, coordination/storage or ordinary word containing the search substring."
"frontend","src/components/pharmacy/PharmacyAlertsCenter.tsx","61","old","Current typography, field placeholder, threshold, coordination/storage or ordinary word containing the search substring."
"frontend","src/components/pharmacy/PharmacyAlertsCenter.tsx","76","old","Current typography, field placeholder, threshold, coordination/storage or ordinary word containing the search substring."
"frontend","src/components/pharmacy/PharmacyAlertsCenter.tsx","80","old","Current typography, field placeholder, threshold, coordination/storage or ordinary word containing the search substring."
"frontend","src/components/pharmacy/PharmacyAlertsCenter.tsx","81","old","Current typography, field placeholder, threshold, coordination/storage or ordinary word containing the search substring."
"frontend","src/components/pharmacy/PharmacyAlertsCenter.tsx","95","old","Current typography, field placeholder, threshold, coordination/storage or ordinary word containing the search substring."
"frontend","src/components/pharmacy/PharmacyAlertsCenter.tsx","98","old","Current typography, field placeholder, threshold, coordination/storage or ordinary word containing the search substring."
"frontend","src/components/pharmacy/PharmacyAlertsCenter.tsx","107","old","Current typography, field placeholder, threshold, coordination/storage or ordinary word containing the search substring."
"frontend","src/components/pharmacy/PharmacyAlertsCenter.tsx","108","old","Current typography, field placeholder, threshold, coordination/storage or ordinary word containing the search substring."
"frontend","src/components/pharmacy/PharmacyAlertsCenter.tsx","114","old","Current typography, field placeholder, threshold, coordination/storage or ordinary word containing the search substring."
"frontend","src/components/pharmacy/PharmacyAlertsCenter.tsx","117","old","Current typography, field placeholder, threshold, coordination/storage or ordinary word containing the search substring."
"frontend","src/components/pharmacy/PharmacyAlertsCenter.tsx","128","old","Current typography, field placeholder, threshold, coordination/storage or ordinary word containing the search substring."
"frontend","src/components/pharmacy/PharmacyAlertsCenter.tsx","142","old","Current typography, field placeholder, threshold, coordination/storage or ordinary word containing the search substring."
"frontend","src/components/pharmacy/PharmacyAlertsCenter.tsx","143","old","Current typography, field placeholder, threshold, coordination/storage or ordinary word containing the search substring."
"frontend","src/components/pharmacy/PharmacyAlertsCenter.tsx","156","old","Current typography, field placeholder, threshold, coordination/storage or ordinary word containing the search substring."
"frontend","src/components/pharmacy/PharmacyAlertsCenter.tsx","171","old","Current typography, field placeholder, threshold, coordination/storage or ordinary word containing the search substring."
"frontend","src/components/pharmacy/PharmacyAlertsCenter.tsx","176","old","Current typography, field placeholder, threshold, coordination/storage or ordinary word containing the search substring."
"frontend","src/components/pharmacy/PharmacyAlertsCenter.tsx","182","old","Current typography, field placeholder, threshold, coordination/storage or ordinary word containing the search substring."
"frontend","src/components/pharmacy/PharmacyAlertsCenter.tsx","193","old","Current typography, field placeholder, threshold, coordination/storage or ordinary word containing the search substring."
"frontend","src/components/pharmacy/PharmacyAlertsCenter.tsx","194","old","Current typography, field placeholder, threshold, coordination/storage or ordinary word containing the search substring."
"frontend","src/components/pharmacy/PharmacyAlertsCenter.tsx","200","old","Current typography, field placeholder, threshold, coordination/storage or ordinary word containing the search substring."
"frontend","src/components/pharmacy/PharmacyAlertsCenter.tsx","209","old","Current typography, field placeholder, threshold, coordination/storage or ordinary word containing the search substring."
"frontend","src/components/pharmacy/PharmacyAlertsCenter.tsx","223","old","Current typography, field placeholder, threshold, coordination/storage or ordinary word containing the search substring."
"frontend","src/components/pharmacy/PharmacyAlertsCenter.tsx","228","old","Current typography, field placeholder, threshold, coordination/storage or ordinary word containing the search substring."
"frontend","src/components/pharmacy/PharmacyAlertsCenter.tsx","235","old","Current typography, field placeholder, threshold, coordination/storage or ordinary word containing the search substring."
"frontend","src/components/pharmacy/PharmacyAlertsCenter.tsx","255","old","Current typography, field placeholder, threshold, coordination/storage or ordinary word containing the search substring."
"frontend","src/components/pharmacy/PharmacyAlertsCenter.tsx","260","old","Current typography, field placeholder, threshold, coordination/storage or ordinary word containing the search substring."
"frontend","src/components/pharmacy/PharmacyAlertsCenter.tsx","275","old","Current typography, field placeholder, threshold, coordination/storage or ordinary word containing the search substring."
"frontend","src/components/pharmacy/PharmacyAlertsCenter.tsx","288","old","Current typography, field placeholder, threshold, coordination/storage or ordinary word containing the search substring."
"frontend","src/components/ui/Alert.tsx","41","v2","SVG vertical-path drawing command followed by a coordinate; not a versioned implementation."
"frontend","src/components/ui/Alert.tsx","78","old","Current typography, field placeholder, threshold, coordination/storage or ordinary word containing the search substring."
"frontend","src/components/ui/Avatar.tsx","66","old","Current typography, field placeholder, threshold, coordination/storage or ordinary word containing the search substring."
"frontend","src/components/ui/Badge.tsx","49","old","Current typography, field placeholder, threshold, coordination/storage or ordinary word containing the search substring."
"frontend","src/components/ui/Badge.tsx","50","old","Current typography, field placeholder, threshold, coordination/storage or ordinary word containing the search substring."
"frontend","src/components/ui/Breadcrumbs.tsx","44","old","Current typography, field placeholder, threshold, coordination/storage or ordinary word containing the search substring."
"frontend","src/components/ui/Card.tsx","106","old","Current typography, field placeholder, threshold, coordination/storage or ordinary word containing the search substring."
"frontend","src/components/ui/ConfirmDialog.tsx","67","v2","SVG vertical-path drawing command followed by a coordinate; not a versioned implementation."
"frontend","src/components/ui/DatePicker.tsx","33","old","Current typography, field placeholder, threshold, coordination/storage or ordinary word containing the search substring."
"frontend","src/components/ui/DatePicker.tsx","147","old","Current typography, field placeholder, threshold, coordination/storage or ordinary word containing the search substring."
"frontend","src/components/ui/DatePicker.tsx","465","old","Current typography, field placeholder, threshold, coordination/storage or ordinary word containing the search substring."
"frontend","src/components/ui/DatePicker.tsx","466","old","Current typography, field placeholder, threshold, coordination/storage or ordinary word containing the search substring."
"frontend","src/components/ui/DatePicker.tsx","518","old","Current typography, field placeholder, threshold, coordination/storage or ordinary word containing the search substring."
"frontend","src/components/ui/DatePicker.tsx","536","v1","SVG vertical-path drawing command followed by a coordinate; not a versioned implementation."
"frontend","src/components/ui/DatePicker.tsx","542","old","Current typography, field placeholder, threshold, coordination/storage or ordinary word containing the search substring."
"frontend","src/components/ui/DatePicker.tsx","607","old","Current typography, field placeholder, threshold, coordination/storage or ordinary word containing the search substring."
"frontend","src/components/ui/DatePicker.tsx","614","old","Current typography, field placeholder, threshold, coordination/storage or ordinary word containing the search substring."
"frontend","src/components/ui/DatePicker.tsx","649","old","Current typography, field placeholder, threshold, coordination/storage or ordinary word containing the search substring."
"frontend","src/components/ui/DatePicker.tsx","650","old","Current typography, field placeholder, threshold, coordination/storage or ordinary word containing the search substring."
"frontend","src/components/ui/DatePicker.tsx","685","old","Current typography, field placeholder, threshold, coordination/storage or ordinary word containing the search substring."
"frontend","src/components/ui/DatePicker.tsx","686","old","Current typography, field placeholder, threshold, coordination/storage or ordinary word containing the search substring."
"frontend","src/components/ui/DatePicker.tsx","719","old","Current typography, field placeholder, threshold, coordination/storage or ordinary word containing the search substring."
"frontend","src/components/ui/DatePicker.tsx","720","old","Current typography, field placeholder, threshold, coordination/storage or ordinary word containing the search substring."
"frontend","src/components/ui/DatePicker.tsx","735","old","Current typography, field placeholder, threshold, coordination/storage or ordinary word containing the search substring."
"frontend","src/components/ui/DatePicker.tsx","806","old","Current typography, field placeholder, threshold, coordination/storage or ordinary word containing the search substring."
"frontend","src/components/ui/DatePicker.tsx","811","old","Current typography, field placeholder, threshold, coordination/storage or ordinary word containing the search substring."
"frontend","src/components/ui/DatePicker.tsx","827","old","Current typography, field placeholder, threshold, coordination/storage or ordinary word containing the search substring."
"frontend","src/components/ui/DatePicker.tsx","866","old","Current typography, field placeholder, threshold, coordination/storage or ordinary word containing the search substring."
"frontend","src/components/ui/DatePicker.tsx","868","old","Current typography, field placeholder, threshold, coordination/storage or ordinary word containing the search substring."
"frontend","src/components/ui/DatePicker.tsx","893","old","Current typography, field placeholder, threshold, coordination/storage or ordinary word containing the search substring."
"frontend","src/components/ui/DatePicker.tsx","895","old","Current typography, field placeholder, threshold, coordination/storage or ordinary word containing the search substring."
"frontend","src/components/ui/DatePicker.tsx","910","old","Current typography, field placeholder, threshold, coordination/storage or ordinary word containing the search substring."
"frontend","src/components/ui/DatePicker.tsx","950","old","Current typography, field placeholder, threshold, coordination/storage or ordinary word containing the search substring."
"frontend","src/components/ui/DatePicker.tsx","951","old","Current typography, field placeholder, threshold, coordination/storage or ordinary word containing the search substring."
"frontend","src/components/ui/DatePicker.tsx","952","old","Current typography, field placeholder, threshold, coordination/storage or ordinary word containing the search substring."
"frontend","src/components/ui/DatePicker.tsx","953","old","Current typography, field placeholder, threshold, coordination/storage or ordinary word containing the search substring."
"frontend","src/components/ui/DatePicker.tsx","954","old","Current typography, field placeholder, threshold, coordination/storage or ordinary word containing the search substring."
"frontend","src/components/ui/DatePicker.tsx","977","old","Current typography, field placeholder, threshold, coordination/storage or ordinary word containing the search substring."
"frontend","src/components/ui/DatePicker.tsx","981","old","Current typography, field placeholder, threshold, coordination/storage or ordinary word containing the search substring."
"frontend","src/components/ui/Dropdown.tsx","229","old","Current typography, field placeholder, threshold, coordination/storage or ordinary word containing the search substring."
"frontend","src/components/ui/Dropdown.tsx","235","old","Current typography, field placeholder, threshold, coordination/storage or ordinary word containing the search substring."
"frontend","src/components/ui/EkavyuLogo.tsx","65","old","Current typography, field placeholder, threshold, coordination/storage or ordinary word containing the search substring."
"frontend","src/components/ui/EmptyState.tsx","37","old","Current typography, field placeholder, threshold, coordination/storage or ordinary word containing the search substring."
"frontend","src/components/ui/ImageUpload.tsx","168","v1","SVG vertical-path drawing command followed by a coordinate; not a versioned implementation."
"frontend","src/components/ui/ImageUpload.tsx","172","old","Current typography, field placeholder, threshold, coordination/storage or ordinary word containing the search substring."
"frontend","src/components/ui/ImageUpload.tsx","218","v1","SVG vertical-path drawing command followed by a coordinate; not a versioned implementation."
"frontend","src/components/ui/ImageUpload.tsx","223","old","Current typography, field placeholder, threshold, coordination/storage or ordinary word containing the search substring."
"frontend","src/components/ui/Input.tsx","160","old","Current typography, field placeholder, threshold, coordination/storage or ordinary word containing the search substring."
"frontend","src/components/ui/LocationStatusBadge.tsx","87","old","Current typography, field placeholder, threshold, coordination/storage or ordinary word containing the search substring."
"frontend","src/components/ui/LocationStatusBadge.tsx","119","old","Current typography, field placeholder, threshold, coordination/storage or ordinary word containing the search substring."
"frontend","src/components/ui/Modal.tsx","181","old","Current typography, field placeholder, threshold, coordination/storage or ordinary word containing the search substring."
"frontend","src/components/ui/PWAInstallBanner.tsx","41","old","Current typography, field placeholder, threshold, coordination/storage or ordinary word containing the search substring."
"frontend","src/components/ui/PWAInstallBanner.tsx","50","old","Current typography, field placeholder, threshold, coordination/storage or ordinary word containing the search substring."
"frontend","src/components/ui/Pagination.tsx","41","old","Current typography, field placeholder, threshold, coordination/storage or ordinary word containing the search substring."
"frontend","src/components/ui/Pagination.tsx","72","old","Current typography, field placeholder, threshold, coordination/storage or ordinary word containing the search substring."
"frontend","src/components/ui/ScheduleEditor.tsx","261","old","Current typography, field placeholder, threshold, coordination/storage or ordinary word containing the search substring."
"frontend","src/components/ui/ScheduleEditor.tsx","270","old","Current typography, field placeholder, threshold, coordination/storage or ordinary word containing the search substring."
"frontend","src/components/ui/ScheduleEditor.tsx","282","old","Current typography, field placeholder, threshold, coordination/storage or ordinary word containing the search substring."
"frontend","src/components/ui/ScheduleEditor.tsx","298","old","Current typography, field placeholder, threshold, coordination/storage or ordinary word containing the search substring."
"frontend","src/components/ui/ScheduleEditor.tsx","310","old","Current typography, field placeholder, threshold, coordination/storage or ordinary word containing the search substring."
"frontend","src/components/ui/ScheduleEditor.tsx","325","old","Current typography, field placeholder, threshold, coordination/storage or ordinary word containing the search substring."
"frontend","src/components/ui/ScheduleEditor.tsx","330","old","Current typography, field placeholder, threshold, coordination/storage or ordinary word containing the search substring."
"frontend","src/components/ui/ScheduleEditor.tsx","339","old","Current typography, field placeholder, threshold, coordination/storage or ordinary word containing the search substring."
"frontend","src/components/ui/ScheduleEditor.tsx","342","old","Current typography, field placeholder, threshold, coordination/storage or ordinary word containing the search substring."
"frontend","src/components/ui/ScheduleEditor.tsx","360","old","Current typography, field placeholder, threshold, coordination/storage or ordinary word containing the search substring."
"frontend","src/components/ui/ScheduleEditor.tsx","365","old","Current typography, field placeholder, threshold, coordination/storage or ordinary word containing the search substring."
"frontend","src/components/ui/ScheduleEditor.tsx","396","old","Current typography, field placeholder, threshold, coordination/storage or ordinary word containing the search substring."
"frontend","src/components/ui/ScheduleEditor.tsx","410","old","Current typography, field placeholder, threshold, coordination/storage or ordinary word containing the search substring."
"frontend","src/components/ui/ScheduleEditor.tsx","418","old","Current typography, field placeholder, threshold, coordination/storage or ordinary word containing the search substring."
"frontend","src/components/ui/ScheduleEditor.tsx","437","old","Current typography, field placeholder, threshold, coordination/storage or ordinary word containing the search substring."
"frontend","src/components/ui/ScheduleEditor.tsx","454","old","Current typography, field placeholder, threshold, coordination/storage or ordinary word containing the search substring."
"frontend","src/components/ui/ScheduleEditor.tsx","466","old","Current typography, field placeholder, threshold, coordination/storage or ordinary word containing the search substring."
"frontend","src/components/ui/ScheduleEditor.tsx","473","old","Current typography, field placeholder, threshold, coordination/storage or ordinary word containing the search substring."
"frontend","src/components/ui/ScheduleEditor.tsx","485","old","Current typography, field placeholder, threshold, coordination/storage or ordinary word containing the search substring."
"frontend","src/components/ui/ScheduleEditor.tsx","501","old","Current typography, field placeholder, threshold, coordination/storage or ordinary word containing the search substring."
"frontend","src/components/ui/ScheduleEditor.tsx","505","old","Current typography, field placeholder, threshold, coordination/storage or ordinary word containing the search substring."
"frontend","src/components/ui/ScheduleEditor.tsx","512","old","Current typography, field placeholder, threshold, coordination/storage or ordinary word containing the search substring."
"frontend","src/components/ui/ScheduleEditor.tsx","519","old","Current typography, field placeholder, threshold, coordination/storage or ordinary word containing the search substring."
"frontend","src/components/ui/ScheduleEditor.tsx","528","old","Current typography, field placeholder, threshold, coordination/storage or ordinary word containing the search substring."
"frontend","src/components/ui/ScheduleEditor.tsx","541","old","Current typography, field placeholder, threshold, coordination/storage or ordinary word containing the search substring."
"frontend","src/components/ui/ScheduleEditor.tsx","558","old","Current typography, field placeholder, threshold, coordination/storage or ordinary word containing the search substring."
"frontend","src/components/ui/Select.tsx","27","old","Current typography, field placeholder, threshold, coordination/storage or ordinary word containing the search substring."
"frontend","src/components/ui/Select.tsx","65","old","Current typography, field placeholder, threshold, coordination/storage or ordinary word containing the search substring."
"frontend","src/components/ui/Select.tsx","281","compat","Native HTML form submission and browser validation remain part of the current control."
"frontend","src/components/ui/Select.tsx","299","old","Current typography, field placeholder, threshold, coordination/storage or ordinary word containing the search substring."
"frontend","src/components/ui/Select.tsx","323","old","Current typography, field placeholder, threshold, coordination/storage or ordinary word containing the search substring."
"frontend","src/components/ui/Select.tsx","369","old","Current typography, field placeholder, threshold, coordination/storage or ordinary word containing the search substring."
"frontend","src/components/ui/Select.tsx","390","old","Current typography, field placeholder, threshold, coordination/storage or ordinary word containing the search substring."
"frontend","src/components/ui/Select.tsx","460","old","Current typography, field placeholder, threshold, coordination/storage or ordinary word containing the search substring."
"frontend","src/components/ui/Select.tsx","467","old","Current typography, field placeholder, threshold, coordination/storage or ordinary word containing the search substring."
"frontend","src/components/ui/Select.tsx","477","old","Current typography, field placeholder, threshold, coordination/storage or ordinary word containing the search substring."
"frontend","src/components/ui/Select.tsx","502","old","Current typography, field placeholder, threshold, coordination/storage or ordinary word containing the search substring."
"frontend","src/components/ui/Sidebar.tsx","110","old","Current typography, field placeholder, threshold, coordination/storage or ordinary word containing the search substring."
"frontend","src/components/ui/Sidebar.tsx","135","old","Current typography, field placeholder, threshold, coordination/storage or ordinary word containing the search substring."
"frontend","src/components/ui/Skeleton.tsx","102","old","Current typography, field placeholder, threshold, coordination/storage or ordinary word containing the search substring."
"frontend","src/components/ui/Skeleton.tsx","111","old","Current typography, field placeholder, threshold, coordination/storage or ordinary word containing the search substring."
"frontend","src/components/ui/Spinner.tsx","73","old","Current typography, field placeholder, threshold, coordination/storage or ordinary word containing the search substring."
"frontend","src/components/ui/Spinner.tsx","82","old","Current typography, field placeholder, threshold, coordination/storage or ordinary word containing the search substring."
"frontend","src/components/ui/StatCard.tsx","56","old","Current typography, field placeholder, threshold, coordination/storage or ordinary word containing the search substring."
"frontend","src/components/ui/StatCard.tsx","65","old","Current typography, field placeholder, threshold, coordination/storage or ordinary word containing the search substring."
"frontend","src/components/ui/Stepper.tsx","24","old","Current typography, field placeholder, threshold, coordination/storage or ordinary word containing the search substring."
"frontend","src/components/ui/Stepper.tsx","27","old","Current typography, field placeholder, threshold, coordination/storage or ordinary word containing the search substring."
"frontend","src/components/ui/Stepper.tsx","98","old","Current typography, field placeholder, threshold, coordination/storage or ordinary word containing the search substring."
"frontend","src/components/ui/Stepper.tsx","138","old","Current typography, field placeholder, threshold, coordination/storage or ordinary word containing the search substring."
"frontend","src/components/ui/Table.tsx","57","old","Current typography, field placeholder, threshold, coordination/storage or ordinary word containing the search substring."
"frontend","src/components/ui/Table.tsx","110","old","Current typography, field placeholder, threshold, coordination/storage or ordinary word containing the search substring."
"frontend","src/components/ui/Table.tsx","348","old","Current typography, field placeholder, threshold, coordination/storage or ordinary word containing the search substring."
"frontend","src/components/ui/Table.tsx","365","old","Current typography, field placeholder, threshold, coordination/storage or ordinary word containing the search substring."
"frontend","src/components/ui/Table.tsx","386","v2;v1","SVG vertical-path drawing command followed by a coordinate; not a versioned implementation."
"frontend","src/components/ui/Table.tsx","428","v1","SVG vertical-path drawing command followed by a coordinate; not a versioned implementation."
"frontend","src/components/ui/Table.tsx","438","old","Current typography, field placeholder, threshold, coordination/storage or ordinary word containing the search substring."
"frontend","src/components/ui/Table.tsx","443","v1","SVG vertical-path drawing command followed by a coordinate; not a versioned implementation."
"frontend","src/components/ui/Table.tsx","469","old","Current typography, field placeholder, threshold, coordination/storage or ordinary word containing the search substring."
"frontend","src/components/ui/Table.tsx","475","old","Current typography, field placeholder, threshold, coordination/storage or ordinary word containing the search substring."
"frontend","src/components/ui/Table.tsx","498","old","Current typography, field placeholder, threshold, coordination/storage or ordinary word containing the search substring."
"frontend","src/components/ui/Table.tsx","563","old","Current typography, field placeholder, threshold, coordination/storage or ordinary word containing the search substring."
"frontend","src/components/ui/Table.tsx","589","old","Current typography, field placeholder, threshold, coordination/storage or ordinary word containing the search substring."
"frontend","src/components/ui/Table.tsx","630","old","Current typography, field placeholder, threshold, coordination/storage or ordinary word containing the search substring."
"frontend","src/components/ui/Table.tsx","634","old","Current typography, field placeholder, threshold, coordination/storage or ordinary word containing the search substring."
"frontend","src/components/ui/Table.tsx","677","old","Current typography, field placeholder, threshold, coordination/storage or ordinary word containing the search substring."
"frontend","src/components/ui/Table.tsx","779","old","Current typography, field placeholder, threshold, coordination/storage or ordinary word containing the search substring."
"frontend","src/components/ui/Table.tsx","786","old","Current typography, field placeholder, threshold, coordination/storage or ordinary word containing the search substring."
"frontend","src/components/ui/Table.tsx","808","old","Current typography, field placeholder, threshold, coordination/storage or ordinary word containing the search substring."
"frontend","src/components/ui/Table.tsx","822","old","Current typography, field placeholder, threshold, coordination/storage or ordinary word containing the search substring."
"frontend","src/components/ui/Table.tsx","830","old","Current typography, field placeholder, threshold, coordination/storage or ordinary word containing the search substring."
"frontend","src/components/ui/Table.tsx","842","old","Current typography, field placeholder, threshold, coordination/storage or ordinary word containing the search substring."
"frontend","src/components/ui/Tabs.tsx","151","old","Current typography, field placeholder, threshold, coordination/storage or ordinary word containing the search substring."
"frontend","src/components/ui/Tabs.tsx","152","old","Current typography, field placeholder, threshold, coordination/storage or ordinary word containing the search substring."
"frontend","src/components/ui/Tabs.tsx","160","old","Current typography, field placeholder, threshold, coordination/storage or ordinary word containing the search substring."
"frontend","src/components/ui/Textarea.tsx","66","old","Current typography, field placeholder, threshold, coordination/storage or ordinary word containing the search substring."
"frontend","src/components/ui/Toast.tsx","92","old","Previous value, response, worker claim, date or record used by current recovery, integrity or documentation; not a second domain representation."
"frontend","src/components/ui/Toast.tsx","154","v2","SVG vertical-path drawing command followed by a coordinate; not a versioned implementation."
"frontend","src/components/ui/Toast.tsx","182","old","Current typography, field placeholder, threshold, coordination/storage or ordinary word containing the search substring."
"frontend","src/components/ui/Toast.tsx","204","old","Current typography, field placeholder, threshold, coordination/storage or ordinary word containing the search substring."
"frontend","src/components/ui/charts/AreaChart.tsx","242","old","Current typography, field placeholder, threshold, coordination/storage or ordinary word containing the search substring."
"frontend","src/components/ui/charts/AreaChart.tsx","367","old","Current typography, field placeholder, threshold, coordination/storage or ordinary word containing the search substring."
"frontend","src/components/ui/charts/AreaChart.tsx","380","old","Current typography, field placeholder, threshold, coordination/storage or ordinary word containing the search substring."
"frontend","src/components/ui/charts/BarChart.tsx","204","old","Current typography, field placeholder, threshold, coordination/storage or ordinary word containing the search substring."
"frontend","src/components/ui/charts/BarChart.tsx","327","old","Current typography, field placeholder, threshold, coordination/storage or ordinary word containing the search substring."
"frontend","src/components/ui/charts/BarChart.tsx","353","old","Current typography, field placeholder, threshold, coordination/storage or ordinary word containing the search substring."
"frontend","src/components/ui/charts/BarChart.tsx","366","old","Current typography, field placeholder, threshold, coordination/storage or ordinary word containing the search substring."
"frontend","src/components/ui/charts/BarChart.tsx","374","old","Current typography, field placeholder, threshold, coordination/storage or ordinary word containing the search substring."
"frontend","src/components/ui/charts/ChartContainer.tsx","51","old","Current typography, field placeholder, threshold, coordination/storage or ordinary word containing the search substring."
"frontend","src/components/ui/charts/ChartContainer.tsx","64","old","Current typography, field placeholder, threshold, coordination/storage or ordinary word containing the search substring."
"frontend","src/components/ui/charts/ChartContainer.tsx","75","old","Current typography, field placeholder, threshold, coordination/storage or ordinary word containing the search substring."
"frontend","src/components/ui/charts/ChartContainer.tsx","104","v1","SVG vertical-path drawing command followed by a coordinate; not a versioned implementation."
"frontend","src/components/ui/charts/DonutChart.tsx","147","old","Current typography, field placeholder, threshold, coordination/storage or ordinary word containing the search substring."
"frontend","src/components/ui/charts/DonutChart.tsx","157","old","Current typography, field placeholder, threshold, coordination/storage or ordinary word containing the search substring."
"frontend","src/components/ui/charts/DonutChart.tsx","164","old","Current typography, field placeholder, threshold, coordination/storage or ordinary word containing the search substring."
"frontend","src/components/ui/charts/DonutChart.tsx","195","old","Current typography, field placeholder, threshold, coordination/storage or ordinary word containing the search substring."
"frontend","src/components/ui/charts/DonutChart.tsx","200","old","Current typography, field placeholder, threshold, coordination/storage or ordinary word containing the search substring."
"frontend","src/components/ui/charts/LineChart.tsx","212","old","Current typography, field placeholder, threshold, coordination/storage or ordinary word containing the search substring."
"frontend","src/components/ui/charts/LineChart.tsx","267","old","Current typography, field placeholder, threshold, coordination/storage or ordinary word containing the search substring."
"frontend","src/components/ui/charts/LineChart.tsx","360","old","Current typography, field placeholder, threshold, coordination/storage or ordinary word containing the search substring."
"frontend","src/components/ui/charts/LineChart.tsx","373","old","Current typography, field placeholder, threshold, coordination/storage or ordinary word containing the search substring."
"frontend","src/components/ui/controlStyles.ts","4","old","Current typography, field placeholder, threshold, coordination/storage or ordinary word containing the search substring."
"frontend","src/hooks/useSwipeGesture.ts","11","old","Current typography, field placeholder, threshold, coordination/storage or ordinary word containing the search substring."
"frontend","src/hooks/useSwipeGesture.ts","17","old","Current typography, field placeholder, threshold, coordination/storage or ordinary word containing the search substring."
"frontend","src/hooks/useSwipeGesture.ts","63","old","Current typography, field placeholder, threshold, coordination/storage or ordinary word containing the search substring."
"frontend","src/lib/offlineStore.ts","6","legacy;healthos","Deletion of superseded patient browser storage; no reader or compatibility path. Historical browser storage identifier used only to delete cached patient data and verify logout privacy."
"frontend","src/lib/offlineStore.ts","8","old","Previous value, response, worker claim, date or record used by current recovery, integrity or documentation; not a second domain representation."
"frontend","src/lib/offlineStore.ts","9","legacy","Deletion of superseded patient browser storage; no reader or compatibility path."
"frontend","src/lib/offlineStore.ts","12","legacy","Deletion of superseded patient browser storage; no reader or compatibility path."
"frontend","src/lib/offlineStore.ts","20","legacy","Deletion of superseded patient browser storage; no reader or compatibility path."
"frontend","src/lib/razorpay.ts","2","v1","Current external provider, SDK or Kubernetes protocol version; cannot rename an external API."
"frontend","src/lib/razorpay.ts","17","v1","Current external provider, SDK or Kubernetes protocol version; cannot rename an external API."
"frontend","src/services/whatsappSettings.service.ts","4","old","Current typography, field placeholder, threshold, coordination/storage or ordinary word containing the search substring."
"frontend","src/services/whatsappSettings.service.ts","19","old","Current typography, field placeholder, threshold, coordination/storage or ordinary word containing the search substring."
"frontend","src/services/whatsappSettings.service.ts","53","old","Current typography, field placeholder, threshold, coordination/storage or ordinary word containing the search substring."
"frontend","src/store/authStore.ts","76","old","Previous value, response, worker claim, date or record used by current recovery, integrity or documentation; not a second domain representation."
"frontend","src/tests/auditReadContinuity.test.tsx","24","old","Previous value, response, worker claim, date or record used by current recovery, integrity or documentation; not a second domain representation."
"frontend","src/tests/auditReadContinuity.test.tsx","25","old","Previous value, response, worker claim, date or record used by current recovery, integrity or documentation; not a second domain representation."
"frontend","src/tests/auditReadContinuity.test.tsx","31","old","Previous value, response, worker claim, date or record used by current recovery, integrity or documentation; not a second domain representation."
"frontend","src/tests/auditReadContinuity.test.tsx","34","old","Previous value, response, worker claim, date or record used by current recovery, integrity or documentation; not a second domain representation."
"frontend","src/tests/catalogContinuity.test.tsx","29","old","Previous value, response, worker claim, date or record used by current recovery, integrity or documentation; not a second domain representation."
"frontend","src/tests/catalogContinuity.test.tsx","36","old","Current typography, field placeholder, threshold, coordination/storage or ordinary word containing the search substring."
"frontend","src/tests/clinicalDocumentDefaults.test.tsx","30","old","Current typography, field placeholder, threshold, coordination/storage or ordinary word containing the search substring."
"frontend","src/tests/consultationEntryIdentity.test.tsx","24","old","Previous value, response, worker claim, date or record used by current recovery, integrity or documentation; not a second domain representation."
"frontend","src/tests/doctorHoliday.test.tsx","31","old","Current typography, field placeholder, threshold, coordination/storage or ordinary word containing the search substring."
"frontend","src/tests/doctorHoliday.test.tsx","51","old","Current typography, field placeholder, threshold, coordination/storage or ordinary word containing the search substring."
"frontend","src/tests/facilityDomain.test.tsx","14","old","Previous value, response, worker claim, date or record used by current recovery, integrity or documentation; not a second domain representation."
"frontend","src/tests/facilityDomain.test.tsx","17","legacy","Negative API/type/auth fixture or preservation of current phone/contact identity, not a fallback reader."
"frontend","src/tests/facilityDomain.test.tsx","23","old","Previous value, response, worker claim, date or record used by current recovery, integrity or documentation; not a second domain representation."
"frontend","src/tests/floatingMessagePlacement.test.tsx","179","old","Previous value, response, worker claim, date or record used by current recovery, integrity or documentation; not a second domain representation."
"frontend","src/tests/imagingPreview.test.tsx","48","old","Previous value, response, worker claim, date or record used by current recovery, integrity or documentation; not a second domain representation."
"frontend","src/tests/imagingPreview.test.tsx","51","old","Previous value, response, worker claim, date or record used by current recovery, integrity or documentation; not a second domain representation."
"frontend","src/tests/insuranceReadRecovery.test.tsx","21","old","Previous value, response, worker claim, date or record used by current recovery, integrity or documentation; not a second domain representation."
"frontend","src/tests/insuranceReadRecovery.test.tsx","22","old","Previous value, response, worker claim, date or record used by current recovery, integrity or documentation; not a second domain representation."
"frontend","src/tests/insuranceReadRecovery.test.tsx","27","old","Previous value, response, worker claim, date or record used by current recovery, integrity or documentation; not a second domain representation."
"frontend","src/tests/kioskVisitSelection.test.tsx","30","old","Current typography, field placeholder, threshold, coordination/storage or ordinary word containing the search substring."
"frontend","src/tests/locationDetector.test.ts","18","old","Previous value, response, worker claim, date or record used by current recovery, integrity or documentation; not a second domain representation."
"frontend","src/tests/locationDetector.test.ts","19","old","Previous value, response, worker claim, date or record used by current recovery, integrity or documentation; not a second domain representation."
"frontend","src/tests/notificationWorkspaceIsolation.test.tsx","13","old","Previous value, response, worker claim, date or record used by current recovery, integrity or documentation; not a second domain representation."
"frontend","src/tests/organizationCreation.test.tsx","79","old","Previous value, response, worker claim, date or record used by current recovery, integrity or documentation; not a second domain representation."
"frontend","src/tests/organizationCreation.test.tsx","116","old","Current typography, field placeholder, threshold, coordination/storage or ordinary word containing the search substring."
"frontend","src/tests/organizationCreation.test.tsx","123","old","Previous value, response, worker claim, date or record used by current recovery, integrity or documentation; not a second domain representation."
"frontend","src/tests/patientLoginAndLoading.test.tsx","85","old","Previous value, response, worker claim, date or record used by current recovery, integrity or documentation; not a second domain representation."
"frontend","src/tests/platformOrganizationScope.test.tsx","73","old","Previous value, response, worker claim, date or record used by current recovery, integrity or documentation; not a second domain representation."
"frontend","src/tests/platformOrganizationScope.test.tsx","74","old","Previous value, response, worker claim, date or record used by current recovery, integrity or documentation; not a second domain representation."
"frontend","src/tests/platformOrganizationScope.test.tsx","77","old","Previous value, response, worker claim, date or record used by current recovery, integrity or documentation; not a second domain representation."
"frontend","src/tests/platformOrganizationScope.test.tsx","86","old","Previous value, response, worker claim, date or record used by current recovery, integrity or documentation; not a second domain representation."
"frontend","src/tests/platformOwnerDashboard.test.tsx","109","old","Current typography, field placeholder, threshold, coordination/storage or ordinary word containing the search substring."
"frontend","src/tests/platformOwnerDashboard.test.tsx","110","old","Current typography, field placeholder, threshold, coordination/storage or ordinary word containing the search substring."
"frontend","src/tests/platformOwnerDashboard.test.tsx","112","old","Previous value, response, worker claim, date or record used by current recovery, integrity or documentation; not a second domain representation."
"frontend","src/tests/platformOwnerDashboard.test.tsx","116","old","Previous value, response, worker claim, date or record used by current recovery, integrity or documentation; not a second domain representation."
"frontend","src/tests/platformOwnerDashboard.test.tsx","117","old","Current typography, field placeholder, threshold, coordination/storage or ordinary word containing the search substring."
"frontend","src/tests/refundReconciliation.test.tsx","29","old","Previous value, response, worker claim, date or record used by current recovery, integrity or documentation; not a second domain representation."
"frontend","src/tests/refundReconciliation.test.tsx","30","old","Previous value, response, worker claim, date or record used by current recovery, integrity or documentation; not a second domain representation."
"frontend","src/tests/serviceWorkerPrivacy.test.ts","31","v1;healthos;jk-cache","Current public-cache revision or historical cache deletion test. Historical browser storage identifier used only to delete cached patient data and verify logout privacy."
"frontend","src/tests/serviceWorkerPrivacy.test.ts","37","v1;healthos;jk-cache","Current public-cache revision or historical cache deletion test. Historical browser storage identifier used only to delete cached patient data and verify logout privacy."
"frontend","src/tests/tableRenderedCellSearch.test.tsx","14","old","Current typography, field placeholder, threshold, coordination/storage or ordinary word containing the search substring."
"frontend","src/tests/tableRenderedCellSearch.test.tsx","17","old","Current typography, field placeholder, threshold, coordination/storage or ordinary word containing the search substring."
"frontend","src/tests/tableRenderedCellSearch.test.tsx","19","old","Current typography, field placeholder, threshold, coordination/storage or ordinary word containing the search substring."
"frontend","src/tests/teleconsultationMeeting.test.tsx","28","old","Current typography, field placeholder, threshold, coordination/storage or ordinary word containing the search substring."
"frontend","src/tests/teleconsultationMeeting.test.tsx","29","old","Previous value, response, worker claim, date or record used by current recovery, integrity or documentation; not a second domain representation."
"frontend","src/tests/unifiedPrinting.test.tsx","87","legacy","Print sanitization removes embedded scripts and event handlers; current security behavior."
"frontend","src/tests/workflowPreferences.test.tsx","35","old","Previous value, response, worker claim, date or record used by current recovery, integrity or documentation; not a second domain representation."
"frontend","src/tests/workflowPreferences.test.tsx","36","old","Previous value, response, worker claim, date or record used by current recovery, integrity or documentation; not a second domain representation."
"frontend","src/tests/workflowPreferences.test.tsx","40","old","Previous value, response, worker claim, date or record used by current recovery, integrity or documentation; not a second domain representation."
"frontend","src/tests/workspaceIsolation.test.tsx","81","old","Previous value, response, worker claim, date or record used by current recovery, integrity or documentation; not a second domain representation."
"frontend","src/tests/workspaceIsolation.test.tsx","82","old","Previous value, response, worker claim, date or record used by current recovery, integrity or documentation; not a second domain representation."
"frontend","src/tests/workspaceIsolation.test.tsx","89","old","Previous value, response, worker claim, date or record used by current recovery, integrity or documentation; not a second domain representation."
"frontend","src/tests/workspaceIsolation.test.tsx","90","old","Previous value, response, worker claim, date or record used by current recovery, integrity or documentation; not a second domain representation."
"frontend","src/tests/workspaceIsolation.test.tsx","124","old","Previous value, response, worker claim, date or record used by current recovery, integrity or documentation; not a second domain representation."
"frontend","src/tests/workspaceIsolation.test.tsx","144","old","Previous value, response, worker claim, date or record used by current recovery, integrity or documentation; not a second domain representation."
"frontend","src/tests/workspaceIsolation.test.tsx","159","old","Previous value, response, worker claim, date or record used by current recovery, integrity or documentation; not a second domain representation."
"backend",".env.example","74","v2","Current external provider, SDK or Kubernetes protocol version; cannot rename an external API."
"backend",".github/workflows/release.yml","42","v2","Required version of an external CI action."
"backend","DEPLOYMENT.md","56","jk-production","Existing external repository or deployment resource identifier; renaming source alone would break its integration."
"backend","DEPLOYMENT.md","112","jk-backend","Current external GitHub repository identifier required by the documented Render checkout configuration."
"backend","DEPLOYMENT.md","126","old","Previous value, response, worker claim, date or record used by current recovery, integrity or documentation; not a second domain representation."
"backend","DEPLOYMENT.md","128","old","Previous value, response, worker claim, date or record used by current recovery, integrity or documentation; not a second domain representation."
"backend","DEPLOYMENT.md","137","old","Previous value, response, worker claim, date or record used by current recovery, integrity or documentation; not a second domain representation."
"backend","DEPLOYMENT.md","144","old","Current typography, field placeholder, threshold, coordination/storage or ordinary word containing the search substring."
"backend","DEPLOYMENT.md","158","old","Current typography, field placeholder, threshold, coordination/storage or ordinary word containing the search substring."
"backend","DISASTER_RECOVERY.md","13","old","Previous value, response, worker claim, date or record used by current recovery, integrity or documentation; not a second domain representation."
"backend","DISASTER_RECOVERY.md","42","old","Current typography, field placeholder, threshold, coordination/storage or ordinary word containing the search substring."
"backend","DPDP_COMPLIANCE.md","22","old","Current typography, field placeholder, threshold, coordination/storage or ordinary word containing the search substring."
"backend","controllers/appointment.ts","963","old","Previous value, response, worker claim, date or record used by current recovery, integrity or documentation; not a second domain representation."
"backend","controllers/appointment.ts","983","old","Previous value, response, worker claim, date or record used by current recovery, integrity or documentation; not a second domain representation."
"backend","controllers/appointment.ts","984","old","Previous value, response, worker claim, date or record used by current recovery, integrity or documentation; not a second domain representation."
"backend","controllers/appointment.ts","1003","old","Previous value, response, worker claim, date or record used by current recovery, integrity or documentation; not a second domain representation."
"backend","controllers/appointmentPayment.ts","523","v1","Current external provider, SDK or Kubernetes protocol version; cannot rename an external API."
"backend","controllers/auth.ts","1415","old","Previous value, response, worker claim, date or record used by current recovery, integrity or documentation; not a second domain representation."
"backend","controllers/auth.ts","1416","old","Previous value, response, worker claim, date or record used by current recovery, integrity or documentation; not a second domain representation."
"backend","controllers/billing.ts","449","old","Current typography, field placeholder, threshold, coordination/storage or ordinary word containing the search substring."
"backend","controllers/clinicalNote.ts","183","old","Previous value, response, worker claim, date or record used by current recovery, integrity or documentation; not a second domain representation."
"backend","controllers/clinicalNote.ts","184","old","Previous value, response, worker claim, date or record used by current recovery, integrity or documentation; not a second domain representation."
"backend","controllers/clinicalNote.ts","185","old","Previous value, response, worker claim, date or record used by current recovery, integrity or documentation; not a second domain representation."
"backend","controllers/clinicalNote.ts","186","old","Previous value, response, worker claim, date or record used by current recovery, integrity or documentation; not a second domain representation."
"backend","controllers/clinicalNote.ts","270","old","Previous value, response, worker claim, date or record used by current recovery, integrity or documentation; not a second domain representation."
"backend","controllers/clinicalNote.ts","271","old","Previous value, response, worker claim, date or record used by current recovery, integrity or documentation; not a second domain representation."
"backend","controllers/doctorAvailability.ts","218","old","Previous value, response, worker claim, date or record used by current recovery, integrity or documentation; not a second domain representation."
"backend","controllers/location.ts","274","old","Previous value, response, worker claim, date or record used by current recovery, integrity or documentation; not a second domain representation."
"backend","controllers/medicine.ts","614","old","Current typography, field placeholder, threshold, coordination/storage or ordinary word containing the search substring."
"backend","controllers/medicine.ts","615","old","Current typography, field placeholder, threshold, coordination/storage or ordinary word containing the search substring."
"backend","controllers/medicine.ts","619","old","Current typography, field placeholder, threshold, coordination/storage or ordinary word containing the search substring."
"backend","controllers/medicine.ts","656","old","Previous value, response, worker claim, date or record used by current recovery, integrity or documentation; not a second domain representation."
"backend","controllers/medicine.ts","667","old","Previous value, response, worker claim, date or record used by current recovery, integrity or documentation; not a second domain representation."
"backend","controllers/medicine.ts","669","old","Previous value, response, worker claim, date or record used by current recovery, integrity or documentation; not a second domain representation."
"backend","controllers/medicine.ts","678","old","Previous value, response, worker claim, date or record used by current recovery, integrity or documentation; not a second domain representation."
"backend","controllers/onboarding.ts","1354","old","Current typography, field placeholder, threshold, coordination/storage or ordinary word containing the search substring."
"backend","controllers/queue.ts","1014","old","Previous value, response, worker claim, date or record used by current recovery, integrity or documentation; not a second domain representation."
"backend","controllers/queue.ts","1046","old","Previous value, response, worker claim, date or record used by current recovery, integrity or documentation; not a second domain representation."
"backend","controllers/queue.ts","1267","old","Current typography, field placeholder, threshold, coordination/storage or ordinary word containing the search substring."
"backend","controllers/queue.ts","1271","old","Current typography, field placeholder, threshold, coordination/storage or ordinary word containing the search substring."
"backend","controllers/queue.ts","1334","old","Current typography, field placeholder, threshold, coordination/storage or ordinary word containing the search substring."
"backend","controllers/whatsappCredits.ts","28","old","Current typography, field placeholder, threshold, coordination/storage or ordinary word containing the search substring."
"backend","controllers/whatsappCredits.ts","29","old","Current typography, field placeholder, threshold, coordination/storage or ordinary word containing the search substring."
"backend","controllers/whatsappCredits.ts","30","old","Current typography, field placeholder, threshold, coordination/storage or ordinary word containing the search substring."
"backend","controllers/whatsappCredits.ts","95","old","Current typography, field placeholder, threshold, coordination/storage or ordinary word containing the search substring."
"backend","controllers/whatsappCredits.ts","96","old","Current typography, field placeholder, threshold, coordination/storage or ordinary word containing the search substring."
"backend","controllers/whatsappCredits.ts","106","old","Current typography, field placeholder, threshold, coordination/storage or ordinary word containing the search substring."
"backend","controllers/whatsappCredits.ts","129","old","Current typography, field placeholder, threshold, coordination/storage or ordinary word containing the search substring."
"backend","controllers/whatsappCredits.ts","148","old","Current typography, field placeholder, threshold, coordination/storage or ordinary word containing the search substring."
"backend","controllers/whatsappCredits.ts","149","old","Current typography, field placeholder, threshold, coordination/storage or ordinary word containing the search substring."
"backend","controllers/whatsappCredits.ts","154","old","Current typography, field placeholder, threshold, coordination/storage or ordinary word containing the search substring."
"backend","controllers/whatsappCredits.ts","205","old","Current typography, field placeholder, threshold, coordination/storage or ordinary word containing the search substring."
"backend","controllers/whatsappCredits.ts","227","old","Current typography, field placeholder, threshold, coordination/storage or ordinary word containing the search substring."
"backend","data/interactions.json","47","old","Current typography, field placeholder, threshold, coordination/storage or ordinary word containing the search substring."
"backend","data/interactions.json","56","old","Current typography, field placeholder, threshold, coordination/storage or ordinary word containing the search substring."
"backend","deploy/.env.example","112","v2","Current external provider, SDK or Kubernetes protocol version; cannot rename an external API."
"backend","docs/architecture-rollout.md","11","old","Previous value, response, worker claim, date or record used by current recovery, integrity or documentation; not a second domain representation."
"backend","docs/architecture-rollout.md","15","jk-production","Existing external repository or deployment resource identifier; renaming source alone would break its integration."
"backend","docs/architecture-rollout.md","39","old","Previous value, response, worker claim, date or record used by current recovery, integrity or documentation; not a second domain representation."
"backend","docs/billing-reconciliation.md","3","old","Previous value, response, worker claim, date or record used by current recovery, integrity or documentation; not a second domain representation."
"backend","docs/billing-reconciliation.md","5","v1","Current external provider, SDK or Kubernetes protocol version; cannot rename an external API."
"backend","docs/clinical-provider-setup.md","12","legacy","Invalid stored meeting links are refused; this document describes failure handling without migrating or accepting old links."
"backend","docs/dependencies.md","55","compat","Required compiler/ESLint integration or documented upstream license and data-integrity constraints."
"backend","docs/dependencies.md","67","compat","Required compiler/ESLint integration or documented upstream license and data-integrity constraints."
"backend","docs/dependencies.md","76","compat","Required compiler/ESLint integration or documented upstream license and data-integrity constraints."
"backend","docs/measurements/healthcare-scale-baseline.json","6","v2","Installed SDK or measured runtime version; current tool behavior/evidence."
"backend","docs/pre-production-cleanup.md","7","v1","Single current authenticated ciphertext envelope version; no previous-format reader."
"backend","docs/root-mfa-troubleshooting.md","3","v1","Single current authenticated ciphertext envelope version; no previous-format reader."
"backend","docs/saas-billing-flow.md","11","old","Previous value, response, worker claim, date or record used by current recovery, integrity or documentation; not a second domain representation."
"backend","docs/saas-billing-flow.md","21","old","Previous value, response, worker claim, date or record used by current recovery, integrity or documentation; not a second domain representation."
"backend","docs/saas-billing-flow.md","30","old","Previous value, response, worker claim, date or record used by current recovery, integrity or documentation; not a second domain representation."
"backend","docs/saas-billing-flow.md","37","old","Previous value, response, worker claim, date or record used by current recovery, integrity or documentation; not a second domain representation."
"backend","docs/security/credential-rotation-checklist.md","47","old","Previous value, response, worker claim, date or record used by current recovery, integrity or documentation; not a second domain representation."
"backend","docs/security/credential-rotation-checklist.md","48","old","Previous value, response, worker claim, date or record used by current recovery, integrity or documentation; not a second domain representation."
"backend","docs/security/credential-rotation-checklist.md","51","old","Previous value, response, worker claim, date or record used by current recovery, integrity or documentation; not a second domain representation."
"backend","docs/security/credential-rotation-checklist.md","94","old","Previous value, response, worker claim, date or record used by current recovery, integrity or documentation; not a second domain representation."
"backend","docs/subscription-appointment-policy.md","27","old","Current typography, field placeholder, threshold, coordination/storage or ordinary word containing the search substring."
"backend","docs/whatsapp-setup.md","8","v2","Current external provider, SDK or Kubernetes protocol version; cannot rename an external API."
"backend","docs/whatsapp-setup.md","73","old","Current typography, field placeholder, threshold, coordination/storage or ordinary word containing the search substring."
"backend","index.ts","304","old","Current typography, field placeholder, threshold, coordination/storage or ordinary word containing the search substring."
"backend","jobs/billingReconciliationJob.ts","9","old","Current typography, field placeholder, threshold, coordination/storage or ordinary word containing the search substring."
"backend","jobs/billingReconciliationJob.ts","57","old","Current typography, field placeholder, threshold, coordination/storage or ordinary word containing the search substring."
"backend","jobs/billingReconciliationJob.ts","58","old","Current typography, field placeholder, threshold, coordination/storage or ordinary word containing the search substring."
"backend","jobs/billingReconciliationJob.ts","61","old","Current typography, field placeholder, threshold, coordination/storage or ordinary word containing the search substring."
"backend","jobs/disruptionTimeoutJob.ts","8","old","Current typography, field placeholder, threshold, coordination/storage or ordinary word containing the search substring."
"backend","jobs/disruptionTimeoutJob.ts","30","old","Current typography, field placeholder, threshold, coordination/storage or ordinary word containing the search substring."
"backend","jobs/disruptionTimeoutJob.ts","32","old","Current typography, field placeholder, threshold, coordination/storage or ordinary word containing the search substring."
"backend","jobs/disruptionTimeoutJob.ts","35","old","Current typography, field placeholder, threshold, coordination/storage or ordinary word containing the search substring."
"backend","jobs/organizationBrandingJob.ts","6","old","Current typography, field placeholder, threshold, coordination/storage or ordinary word containing the search substring."
"backend","jobs/organizationBrandingJob.ts","10","old","Current typography, field placeholder, threshold, coordination/storage or ordinary word containing the search substring."
"backend","jobs/organizationBrandingJob.ts","11","old","Current typography, field placeholder, threshold, coordination/storage or ordinary word containing the search substring."
"backend","jobs/organizationBrandingJob.ts","14","old","Current typography, field placeholder, threshold, coordination/storage or ordinary word containing the search substring."
"backend","models/Appointment.ts","13","old","Previous value, response, worker claim, date or record used by current recovery, integrity or documentation; not a second domain representation."
"backend","models/Appointment.ts","56","old","Current typography, field placeholder, threshold, coordination/storage or ordinary word containing the search substring."
"backend","models/AuditLog.ts","49","legacy","Immutable audit attestation, chain-preserving remediation or historical PII redaction and its adversarial fixtures."
"backend","models/ChainTransitionRecord.ts","6","legacy","Immutable audit attestation, chain-preserving remediation or historical PII redaction and its adversarial fixtures."
"backend","models/ChainTransitionRecord.ts","19","legacy","Immutable audit attestation, chain-preserving remediation or historical PII redaction and its adversarial fixtures."
"backend","models/Organization.ts","72","old","Current typography, field placeholder, threshold, coordination/storage or ordinary word containing the search substring."
"backend","models/Organization.ts","74","old","Current typography, field placeholder, threshold, coordination/storage or ordinary word containing the search substring."
"backend","models/Patient.ts","90","old","Current typography, field placeholder, threshold, coordination/storage or ordinary word containing the search substring."
"backend","models/WorkerLease.ts","11","old","Current typography, field placeholder, threshold, coordination/storage or ordinary word containing the search substring."
"backend","models/WorkerLease.ts","18","old","Current typography, field placeholder, threshold, coordination/storage or ordinary word containing the search substring."
"backend","package-lock.json","206","v2","Required upstream dependency metadata, versions, integrity hashes or deprecation notices; not an internal implementation."
"backend","package-lock.json","257","v1","Required upstream dependency metadata, versions, integrity hashes or deprecation notices; not an internal implementation."
"backend","package-lock.json","513","v2","Required upstream dependency metadata, versions, integrity hashes or deprecation notices; not an internal implementation."
"backend","package-lock.json","598","v1","Required upstream dependency metadata, versions, integrity hashes or deprecation notices; not an internal implementation."
"backend","package-lock.json","751","v2","Required upstream dependency metadata, versions, integrity hashes or deprecation notices; not an internal implementation."
"backend","package-lock.json","899","v1","Required upstream dependency metadata, versions, integrity hashes or deprecation notices; not an internal implementation."
"backend","package-lock.json","1490","v1;v2","Required upstream dependency metadata, versions, integrity hashes or deprecation notices; not an internal implementation."
"backend","package-lock.json","1531","v2","Required upstream dependency metadata, versions, integrity hashes or deprecation notices; not an internal implementation."
"backend","package-lock.json","1624","v2","Required upstream dependency metadata, versions, integrity hashes or deprecation notices; not an internal implementation."
"backend","package-lock.json","1878","v1","Required upstream dependency metadata, versions, integrity hashes or deprecation notices; not an internal implementation."
"backend","package-lock.json","1950","v2","Required upstream dependency metadata, versions, integrity hashes or deprecation notices; not an internal implementation."
"backend","package-lock.json","2022","v1","Required upstream dependency metadata, versions, integrity hashes or deprecation notices; not an internal implementation."
"backend","package-lock.json","2150","v1","Required upstream dependency metadata, versions, integrity hashes or deprecation notices; not an internal implementation."
"backend","package-lock.json","2335","v2","Required upstream dependency metadata, versions, integrity hashes or deprecation notices; not an internal implementation."
"backend","package-lock.json","2499","v1","Required upstream dependency metadata, versions, integrity hashes or deprecation notices; not an internal implementation."
"backend","package-lock.json","2873","v1","Required upstream dependency metadata, versions, integrity hashes or deprecation notices; not an internal implementation."
"backend","package-lock.json","3299","v2","Required upstream dependency metadata, versions, integrity hashes or deprecation notices; not an internal implementation."
"backend","package-lock.json","3513","v2","Required upstream dependency metadata, versions, integrity hashes or deprecation notices; not an internal implementation."
"backend","package-lock.json","3924","v1","Required upstream dependency metadata, versions, integrity hashes or deprecation notices; not an internal implementation."
"backend","package-lock.json","4071","old","Required upstream dependency metadata, versions, integrity hashes or deprecation notices; not an internal implementation."
"backend","package-lock.json","4225","v1","Required upstream dependency metadata, versions, integrity hashes or deprecation notices; not an internal implementation."
"backend","package-lock.json","4443","v1","Required upstream dependency metadata, versions, integrity hashes or deprecation notices; not an internal implementation."
"backend","package-lock.json","4456","v1","Required upstream dependency metadata, versions, integrity hashes or deprecation notices; not an internal implementation."
"backend","package-lock.json","4652","v1","Required upstream dependency metadata, versions, integrity hashes or deprecation notices; not an internal implementation."
"backend","package-lock.json","4661","v2","Required upstream dependency metadata, versions, integrity hashes or deprecation notices; not an internal implementation."
"backend","package-lock.json","5042","v2","Required upstream dependency metadata, versions, integrity hashes or deprecation notices; not an internal implementation."
"backend","package-lock.json","5740","v2","Required upstream dependency metadata, versions, integrity hashes or deprecation notices; not an internal implementation."
"backend","package.json","36","jk-backend","Existing external repository or deployment resource identifier; renaming source alone would break its integration."
"backend","package.json","48","jk-backend","Existing external repository or deployment resource identifier; renaming source alone would break its integration."
"backend","package.json","50","jk-backend","Existing external repository or deployment resource identifier; renaming source alone would break its integration."
"backend","render.yaml","1","jk-production","Existing external repository or deployment resource identifier; renaming source alone would break its integration."
"backend","render.yaml","6","jk-backend","Existing external repository or deployment resource identifier; renaming source alone would break its integration."
"backend","render.yaml","12","jk-production","Existing external repository or deployment resource identifier; renaming source alone would break its integration."
"backend","render.yaml","22","jk-notifications","Existing external repository or deployment resource identifier; renaming source alone would break its integration."
"backend","render.yaml","27","jk-production","Existing external repository or deployment resource identifier; renaming source alone would break its integration."
"backend","render.yaml","47","jk-outbound-messages","Existing external repository or deployment resource identifier; renaming source alone would break its integration."
"backend","render.yaml","52","jk-production","Existing external repository or deployment resource identifier; renaming source alone would break its integration."
"backend","render.yaml","72","jk-disruption-timeouts","Existing external repository or deployment resource identifier; renaming source alone would break its integration."
"backend","render.yaml","77","jk-production","Existing external repository or deployment resource identifier; renaming source alone would break its integration."
"backend","render.yaml","97","jk-domain-events","Existing external repository or deployment resource identifier; renaming source alone would break its integration."
"backend","render.yaml","102","jk-production","Existing external repository or deployment resource identifier; renaming source alone would break its integration."
"backend","routes/notifications.ts","317","old","Current typography, field placeholder, threshold, coordination/storage or ordinary word containing the search substring."
"backend","routes/notifications.ts","323","old","Current typography, field placeholder, threshold, coordination/storage or ordinary word containing the search substring."
"backend","routes/syntheticHealth.ts","10","old","Current typography, field placeholder, threshold, coordination/storage or ordinary word containing the search substring."
"backend","routes/syntheticHealth.ts","68","old","Current typography, field placeholder, threshold, coordination/storage or ordinary word containing the search substring."
"backend","routes/syntheticHealth.ts","69","old","Current typography, field placeholder, threshold, coordination/storage or ordinary word containing the search substring."
"backend","routes/syntheticHealth.ts","70","old","Current typography, field placeholder, threshold, coordination/storage or ordinary word containing the search substring."
"backend","routes/syntheticHealth.ts","71","old","Current typography, field placeholder, threshold, coordination/storage or ordinary word containing the search substring."
"backend","routes/syntheticHealth.ts","75","old","Current typography, field placeholder, threshold, coordination/storage or ordinary word containing the search substring."
"backend","routes/whatsappCredits.ts","35","old","Current typography, field placeholder, threshold, coordination/storage or ordinary word containing the search substring."
"backend","schemas/operations.ts","22","old","Current typography, field placeholder, threshold, coordination/storage or ordinary word containing the search substring."
"backend","schemas/operations.ts","24","old","Current typography, field placeholder, threshold, coordination/storage or ordinary word containing the search substring."
"backend","schemas/operations.ts","53","old","Current typography, field placeholder, threshold, coordination/storage or ordinary word containing the search substring."
"backend","scripts/audit-remediation.ts","15","legacy","Immutable audit attestation, chain-preserving remediation or historical PII redaction and its adversarial fixtures."
"backend","scripts/audit-remediation.ts","30","legacy","Immutable audit attestation, chain-preserving remediation or historical PII redaction and its adversarial fixtures."
"backend","scripts/audit-remediation.ts","117","legacy","Immutable audit attestation, chain-preserving remediation or historical PII redaction and its adversarial fixtures."
"backend","scripts/audit-remediation.ts","128","legacy","Immutable audit attestation, chain-preserving remediation or historical PII redaction and its adversarial fixtures."
"backend","scripts/audit-remediation.ts","144","legacy","Immutable audit attestation, chain-preserving remediation or historical PII redaction and its adversarial fixtures."
"backend","scripts/audit-remediation.ts","151","legacy","Immutable audit attestation, chain-preserving remediation or historical PII redaction and its adversarial fixtures."
"backend","scripts/audit-remediation.ts","175","legacy","Immutable audit attestation, chain-preserving remediation or historical PII redaction and its adversarial fixtures."
"backend","scripts/audit-remediation.ts","261","legacy","Immutable audit attestation, chain-preserving remediation or historical PII redaction and its adversarial fixtures."
"backend","scripts/audit-remediation.ts","279","legacy","Immutable audit attestation, chain-preserving remediation or historical PII redaction and its adversarial fixtures."
"backend","scripts/audit-remediation.ts","313","legacy","Immutable audit attestation, chain-preserving remediation or historical PII redaction and its adversarial fixtures."
"backend","scripts/audit-remediation.ts","324","legacy","Immutable audit attestation, chain-preserving remediation or historical PII redaction and its adversarial fixtures."
"backend","scripts/audit-remediation.ts","336","legacy","Immutable audit attestation, chain-preserving remediation or historical PII redaction and its adversarial fixtures."
"backend","scripts/check-startup.mjs","72","old","Current typography, field placeholder, threshold, coordination/storage or ordinary word containing the search substring."
"backend","scripts/check-startup.mjs","78","old","Current typography, field placeholder, threshold, coordination/storage or ordinary word containing the search substring."
"backend","scripts/generateKeys.ts","60","v1","Current external provider, SDK or Kubernetes protocol version; cannot rename an external API."
"backend","scripts/mongoBackup.ts","89","v1","Current backup archive version or AWS ListObjectsV2 SDK protocol."
"backend","scripts/mongoBackup.ts","192","v1","Current backup archive version or AWS ListObjectsV2 SDK protocol."
"backend","scripts/mongoBackup.ts","193","v1","Current backup archive version or AWS ListObjectsV2 SDK protocol."
"backend","scripts/mongoRestoreDrill.ts","39","v2","Current backup archive version or AWS ListObjectsV2 SDK protocol."
"backend","scripts/mongoRestoreDrill.ts","66","v2","Current backup archive version or AWS ListObjectsV2 SDK protocol."
"backend","scripts/mongoRestoreDrill.ts","157","v1","Current backup archive version or AWS ListObjectsV2 SDK protocol."
"backend","scripts/mongoRestoreDrill.ts","175","legacy","Unsafe/uncoordinated archive formats are explicitly rejected for recovery."
"backend","scripts/reset-root-only.ts","32","v1","Single current authenticated ciphertext envelope version; no previous-format reader."
"backend","scripts/seedDatabase.ts","433","old","Previous value, response, worker claim, date or record used by current recovery, integrity or documentation; not a second domain representation."
"backend","scripts/seedDatabase.ts","769","old","Previous value, response, worker claim, date or record used by current recovery, integrity or documentation; not a second domain representation."
"backend","services/AbdmService.ts","187","old","Current typography, field placeholder, threshold, coordination/storage or ordinary word containing the search substring."
"backend","services/AbdmService.ts","320","v1","Current ABDM/HL7 identifier or CloudEvents protocol version."
"backend","services/AbdmService.ts","547","v2","Current ABDM/HL7 identifier or CloudEvents protocol version."
"backend","services/DPDPService.ts","140","old","Current typography, field placeholder, threshold, coordination/storage or ordinary word containing the search substring."
"backend","services/DPDPService.ts","162","old","Current typography, field placeholder, threshold, coordination/storage or ordinary word containing the search substring."
"backend","services/DPDPService.ts","167","old","Current typography, field placeholder, threshold, coordination/storage or ordinary word containing the search substring."
"backend","services/DPDPService.ts","170","old","Current typography, field placeholder, threshold, coordination/storage or ordinary word containing the search substring."
"backend","services/DPDPService.ts","171","old","Current typography, field placeholder, threshold, coordination/storage or ordinary word containing the search substring."
"backend","services/DPDPService.ts","194","old","Current typography, field placeholder, threshold, coordination/storage or ordinary word containing the search substring."
"backend","services/DPDPService.ts","242","old","Current typography, field placeholder, threshold, coordination/storage or ordinary word containing the search substring."
"backend","services/DPDPService.ts","243","old","Current typography, field placeholder, threshold, coordination/storage or ordinary word containing the search substring."
"backend","services/DPDPService.ts","252","old","Current typography, field placeholder, threshold, coordination/storage or ordinary word containing the search substring."
"backend","services/DomainEventDeliveryWorker.ts","21","old","Previous value, response, worker claim, date or record used by current recovery, integrity or documentation; not a second domain representation."
"backend","services/DomainEventDeliveryWorker.ts","180","old","Previous value, response, worker claim, date or record used by current recovery, integrity or documentation; not a second domain representation."
"backend","services/DomainEventDeliveryWorker.ts","187","old","Previous value, response, worker claim, date or record used by current recovery, integrity or documentation; not a second domain representation."
"backend","services/DomainEventDeliveryWorker.ts","188","old","Previous value, response, worker claim, date or record used by current recovery, integrity or documentation; not a second domain representation."
"backend","services/DomainEventDeliveryWorker.ts","193","old","Previous value, response, worker claim, date or record used by current recovery, integrity or documentation; not a second domain representation."
"backend","services/DomainEventDeliveryWorker.ts","196","old","Previous value, response, worker claim, date or record used by current recovery, integrity or documentation; not a second domain representation."
"backend","services/OutboundMessageDeliveryWorker.ts","41","old","Previous value, response, worker claim, date or record used by current recovery, integrity or documentation; not a second domain representation."
"backend","services/OutboundMessageDeliveryWorker.ts","203","old","Previous value, response, worker claim, date or record used by current recovery, integrity or documentation; not a second domain representation."
"backend","services/OutboundMessageDeliveryWorker.ts","210","old","Previous value, response, worker claim, date or record used by current recovery, integrity or documentation; not a second domain representation."
"backend","services/OutboundMessageDeliveryWorker.ts","211","old","Previous value, response, worker claim, date or record used by current recovery, integrity or documentation; not a second domain representation."
"backend","services/OutboundMessageDeliveryWorker.ts","216","old","Previous value, response, worker claim, date or record used by current recovery, integrity or documentation; not a second domain representation."
"backend","services/OutboundMessageDeliveryWorker.ts","219","old","Previous value, response, worker claim, date or record used by current recovery, integrity or documentation; not a second domain representation."
"backend","services/PharmacyInventoryService.ts","130","old","Previous value, response, worker claim, date or record used by current recovery, integrity or documentation; not a second domain representation."
"backend","services/PharmacyInventoryService.ts","285","old","Current typography, field placeholder, threshold, coordination/storage or ordinary word containing the search substring."
"backend","services/PharmacyInventoryService.ts","287","old","Current typography, field placeholder, threshold, coordination/storage or ordinary word containing the search substring."
"backend","services/PrescriptionSealingService.ts","51","healthos","Published signing default is explicitly denied in production; security denylist, not an accepted default."
"backend","services/SlotLockService.ts","6","old","Current typography, field placeholder, threshold, coordination/storage or ordinary word containing the search substring."
"backend","services/SlotLockService.ts","102","old","Current typography, field placeholder, threshold, coordination/storage or ordinary word containing the search substring."
"backend","services/SlotLockService.ts","276","old","Current typography, field placeholder, threshold, coordination/storage or ordinary word containing the search substring."
"backend","services/SlotLockService.ts","277","old","Current typography, field placeholder, threshold, coordination/storage or ordinary word containing the search substring."
"backend","services/WhatsAppCloudApiService.ts","42","v2","Current external provider, SDK or Kubernetes protocol version; cannot rename an external API."
"backend","services/WhatsAppCloudApiService.ts","123","v2","Current external provider, SDK or Kubernetes protocol version; cannot rename an external API."
"backend","services/ai/AIGateway.ts","118","old","Current typography, field placeholder, threshold, coordination/storage or ordinary word containing the search substring."
"backend","services/ai/AIService.ts","98","v1","Current external provider, SDK or Kubernetes protocol version; cannot rename an external API."
"backend","services/ai/AIService.ts","204","old","Current typography, field placeholder, threshold, coordination/storage or ordinary word containing the search substring."
"backend","services/ai/AIService.ts","278","v1","Current external provider, SDK or Kubernetes protocol version; cannot rename an external API."
"backend","services/ai/AIService.ts","333","compat","One current OpenAI-format adapter used by configured OpenAI and Groq providers."
"backend","services/ai/AIService.ts","524","compat;v1","One current OpenAI-format adapter used by configured OpenAI and Groq providers. Current external provider, SDK or Kubernetes protocol version; cannot rename an external API."
"backend","services/ai/AIService.ts","535","compat;v1","One current OpenAI-format adapter used by configured OpenAI and Groq providers. Current external provider, SDK or Kubernetes protocol version; cannot rename an external API."
"backend","services/ai/AIToolRegistry.ts","1","old","Previous value, response, worker claim, date or record used by current recovery, integrity or documentation; not a second domain representation."
"backend","services/ai/AIToolRegistry.ts","10","old","Previous value, response, worker claim, date or record used by current recovery, integrity or documentation; not a second domain representation."
"backend","services/ai/AIToolRegistry.ts","46","old","Previous value, response, worker claim, date or record used by current recovery, integrity or documentation; not a second domain representation."
"backend","services/ai/AIToolRegistry.ts","50","old","Previous value, response, worker claim, date or record used by current recovery, integrity or documentation; not a second domain representation."
"backend","services/ai/AIToolRouter.ts","1","old","Previous value, response, worker claim, date or record used by current recovery, integrity or documentation; not a second domain representation."
"backend","services/ai/AIToolRouter.ts","5","old","Previous value, response, worker claim, date or record used by current recovery, integrity or documentation; not a second domain representation."
"backend","services/ai/PromptManager.ts","42","old","Current typography, field placeholder, threshold, coordination/storage or ordinary word containing the search substring."
"backend","services/ai/PromptManager.ts","52","old","Current typography, field placeholder, threshold, coordination/storage or ordinary word containing the search substring."
"backend","services/billing/RazorpayService.ts","44","v1","Current external provider, SDK or Kubernetes protocol version; cannot rename an external API."
"backend","services/billing/RazorpayService.ts","129","v1","Current external provider, SDK or Kubernetes protocol version; cannot rename an external API."
"backend","services/billing/RazorpayService.ts","187","v1","Current external provider, SDK or Kubernetes protocol version; cannot rename an external API."
"backend","services/billing/RazorpayService.ts","210","v1","Current external provider, SDK or Kubernetes protocol version; cannot rename an external API."
"backend","services/billing/RazorpayService.ts","248","v1","Current external provider, SDK or Kubernetes protocol version; cannot rename an external API."
"backend","services/billing/RazorpayService.ts","267","v1","Current external provider, SDK or Kubernetes protocol version; cannot rename an external API."
"backend","services/billing/SubscriptionService.ts","711","old","Current typography, field placeholder, threshold, coordination/storage or ordinary word containing the search substring."
"backend","services/billing/SubscriptionService.ts","728","old","Current typography, field placeholder, threshold, coordination/storage or ordinary word containing the search substring."
"backend","services/billing/SubscriptionService.ts","732","old","Current typography, field placeholder, threshold, coordination/storage or ordinary word containing the search substring."
"backend","services/billing/SubscriptionService.ts","736","old","Current typography, field placeholder, threshold, coordination/storage or ordinary word containing the search substring."
"backend","services/billing/SubscriptionService.ts","737","old","Current typography, field placeholder, threshold, coordination/storage or ordinary word containing the search substring."
"backend","services/billing/SubscriptionService.ts","850","old","Current typography, field placeholder, threshold, coordination/storage or ordinary word containing the search substring."
"backend","services/payment/PaymentProvider.ts","72","v1","Current external provider, SDK or Kubernetes protocol version; cannot rename an external API."
"backend","tests/apiDocumentation.test.ts","30","v1","Negative test verifies that the removed versioned internal API returns unavailable."
"backend","tests/appointmentReview.test.ts","8","old","Previous value, response, worker claim, date or record used by current recovery, integrity or documentation; not a second domain representation."
"backend","tests/architectureIntegrity.test.ts","37","old","Previous value, response, worker claim, date or record used by current recovery, integrity or documentation; not a second domain representation."
"backend","tests/architectureIntegrity.test.ts","40","old","Previous value, response, worker claim, date or record used by current recovery, integrity or documentation; not a second domain representation."
"backend","tests/architectureIntegrity.test.ts","47","old","Previous value, response, worker claim, date or record used by current recovery, integrity or documentation; not a second domain representation."
"backend","tests/architectureIntegrity.test.ts","52","old","Previous value, response, worker claim, date or record used by current recovery, integrity or documentation; not a second domain representation."
"backend","tests/auditAndWebSocketSecurity.test.ts","109","legacy","Immutable audit attestation, chain-preserving remediation or historical PII redaction and its adversarial fixtures."
"backend","tests/auditAndWebSocketSecurity.test.ts","110","legacy","Immutable audit attestation, chain-preserving remediation or historical PII redaction and its adversarial fixtures."
"backend","tests/auditAndWebSocketSecurity.test.ts","112","legacy","Immutable audit attestation, chain-preserving remediation or historical PII redaction and its adversarial fixtures."
"backend","tests/auditAndWebSocketSecurity.test.ts","115","legacy","Immutable audit attestation, chain-preserving remediation or historical PII redaction and its adversarial fixtures."
"backend","tests/auditAndWebSocketSecurity.test.ts","118","legacy","Immutable audit attestation, chain-preserving remediation or historical PII redaction and its adversarial fixtures."
"backend","tests/auditAndWebSocketSecurity.test.ts","119","legacy","Immutable audit attestation, chain-preserving remediation or historical PII redaction and its adversarial fixtures."
"backend","tests/auditAndWebSocketSecurity.test.ts","131","legacy","Immutable audit attestation, chain-preserving remediation or historical PII redaction and its adversarial fixtures."
"backend","tests/browseBookingSecurityPolish.test.ts","73","old","Previous value, response, worker claim, date or record used by current recovery, integrity or documentation; not a second domain representation."
"backend","tests/browseBookingSecurityPolish.test.ts","74","old","Previous value, response, worker claim, date or record used by current recovery, integrity or documentation; not a second domain representation."
"backend","tests/browseBookingSecurityPolish.test.ts","76","old","Previous value, response, worker claim, date or record used by current recovery, integrity or documentation; not a second domain representation."
"backend","tests/browseBookingSecurityPolish.test.ts","85","old","Previous value, response, worker claim, date or record used by current recovery, integrity or documentation; not a second domain representation."
"backend","tests/browseBookingSecurityPolish.test.ts","187","old","Previous value, response, worker claim, date or record used by current recovery, integrity or documentation; not a second domain representation."
"backend","tests/browseBookingSecurityPolish.test.ts","191","old","Previous value, response, worker claim, date or record used by current recovery, integrity or documentation; not a second domain representation."
"backend","tests/countrySettings.test.ts","15","legacy","Negative API/type/auth fixture or preservation of current phone/contact identity, not a fallback reader."
"backend","tests/disruptionIntegrity.test.ts","265","old","Previous value, response, worker claim, date or record used by current recovery, integrity or documentation; not a second domain representation."
"backend","tests/disruptionService.test.ts","479","old","Previous value, response, worker claim, date or record used by current recovery, integrity or documentation; not a second domain representation."
"backend","tests/disruptionService.test.ts","480","old","Previous value, response, worker claim, date or record used by current recovery, integrity or documentation; not a second domain representation."
"backend","tests/disruptionService.test.ts","481","old","Previous value, response, worker claim, date or record used by current recovery, integrity or documentation; not a second domain representation."
"backend","tests/disruptionService.test.ts","581","old","Previous value, response, worker claim, date or record used by current recovery, integrity or documentation; not a second domain representation."
"backend","tests/disruptionService.test.ts","582","old","Previous value, response, worker claim, date or record used by current recovery, integrity or documentation; not a second domain representation."
"backend","tests/disruptionService.test.ts","583","old","Previous value, response, worker claim, date or record used by current recovery, integrity or documentation; not a second domain representation."
"backend","tests/dpdpCompliance.test.ts","143","old","Current typography, field placeholder, threshold, coordination/storage or ordinary word containing the search substring."
"backend","tests/dpdpCompliance.test.ts","154","old","Current typography, field placeholder, threshold, coordination/storage or ordinary word containing the search substring."
"backend","tests/dpdpCompliance.test.ts","156","old","Current typography, field placeholder, threshold, coordination/storage or ordinary word containing the search substring."
"backend","tests/dpdpCompliance.test.ts","157","old","Current typography, field placeholder, threshold, coordination/storage or ordinary word containing the search substring."
"backend","tests/dpdpCompliance.test.ts","160","old","Current typography, field placeholder, threshold, coordination/storage or ordinary word containing the search substring."
"backend","tests/ekavyuCore.test.ts","28","v1","Current ABDM/HL7 identifier or CloudEvents protocol version."
"backend","tests/fieldLevelEncryption.test.ts","14","v1","Single current authenticated ciphertext envelope version; no previous-format reader."
"backend","tests/fieldLevelEncryption.test.ts","35","v1","Single current authenticated ciphertext envelope version; no previous-format reader."
"backend","tests/historicalAuditRemediation.test.ts","21","legacy","Immutable audit attestation, chain-preserving remediation or historical PII redaction and its adversarial fixtures."
"backend","tests/historicalAuditRemediation.test.ts","22","legacy","Immutable audit attestation, chain-preserving remediation or historical PII redaction and its adversarial fixtures."
"backend","tests/historicalAuditRemediation.test.ts","23","legacy","Immutable audit attestation, chain-preserving remediation or historical PII redaction and its adversarial fixtures."
"backend","tests/historicalAuditRemediation.test.ts","31","legacy","Immutable audit attestation, chain-preserving remediation or historical PII redaction and its adversarial fixtures."
"backend","tests/historicalAuditRemediation.test.ts","45","legacy","Immutable audit attestation, chain-preserving remediation or historical PII redaction and its adversarial fixtures."
"backend","tests/historicalAuditRemediation.test.ts","46","legacy","Immutable audit attestation, chain-preserving remediation or historical PII redaction and its adversarial fixtures."
"backend","tests/historicalAuditRemediation.test.ts","55","legacy","Immutable audit attestation, chain-preserving remediation or historical PII redaction and its adversarial fixtures."
"backend","tests/historicalAuditRemediation.test.ts","60","legacy","Immutable audit attestation, chain-preserving remediation or historical PII redaction and its adversarial fixtures."
"backend","tests/historicalAuditRemediation.test.ts","61","legacy","Immutable audit attestation, chain-preserving remediation or historical PII redaction and its adversarial fixtures."
"backend","tests/historicalAuditRemediation.test.ts","65","legacy","Immutable audit attestation, chain-preserving remediation or historical PII redaction and its adversarial fixtures."
"backend","tests/historicalAuditRemediation.test.ts","66","legacy","Immutable audit attestation, chain-preserving remediation or historical PII redaction and its adversarial fixtures."
"backend","tests/historicalAuditRemediation.test.ts","79","legacy","Immutable audit attestation, chain-preserving remediation or historical PII redaction and its adversarial fixtures."
"backend","tests/historicalAuditRemediation.test.ts","83","legacy","Immutable audit attestation, chain-preserving remediation or historical PII redaction and its adversarial fixtures."
"backend","tests/historicalAuditRemediation.test.ts","98","old","Previous value, response, worker claim, date or record used by current recovery, integrity or documentation; not a second domain representation."
"backend","tests/historicalAuditRemediation.test.ts","130","legacy","Immutable audit attestation, chain-preserving remediation or historical PII redaction and its adversarial fixtures."
"backend","tests/historicalAuditRemediation.test.ts","144","legacy","Immutable audit attestation, chain-preserving remediation or historical PII redaction and its adversarial fixtures."
"backend","tests/historicalAuditRemediation.test.ts","145","legacy","Immutable audit attestation, chain-preserving remediation or historical PII redaction and its adversarial fixtures."
"backend","tests/historicalAuditRemediation.test.ts","222","legacy","Immutable audit attestation, chain-preserving remediation or historical PII redaction and its adversarial fixtures."
"backend","tests/identity.test.ts","88","old","Previous value, response, worker claim, date or record used by current recovery, integrity or documentation; not a second domain representation."
"backend","tests/identity.test.ts","90","old","Previous value, response, worker claim, date or record used by current recovery, integrity or documentation; not a second domain representation."
"backend","tests/mongoBackup.test.ts","27","v1","Current backup archive version or AWS ListObjectsV2 SDK protocol."
"backend","tests/mongoBackup.test.ts","42","v1","Current backup archive version or AWS ListObjectsV2 SDK protocol."
"backend","tests/notifications.test.ts","264","old","Previous value, response, worker claim, date or record used by current recovery, integrity or documentation; not a second domain representation."
"backend","tests/notifications.test.ts","269","old","Previous value, response, worker claim, date or record used by current recovery, integrity or documentation; not a second domain representation."
"backend","tests/notifications.test.ts","274","old","Previous value, response, worker claim, date or record used by current recovery, integrity or documentation; not a second domain representation."
"backend","tests/notifications.test.ts","275","old","Previous value, response, worker claim, date or record used by current recovery, integrity or documentation; not a second domain representation."
"backend","tests/passkeyRoundTrip.test.ts","27","v1","Standard prime256v1 curve used to verify a real WebAuthn signature."
"backend","tests/permissionCacheRevocation.test.ts","24","old","Previous value, response, worker claim, date or record used by current recovery, integrity or documentation; not a second domain representation."
"backend","tests/permissionCacheRevocation.test.ts","25","old","Previous value, response, worker claim, date or record used by current recovery, integrity or documentation; not a second domain representation."
"backend","tests/permissionCacheRevocation.test.ts","30","old","Previous value, response, worker claim, date or record used by current recovery, integrity or documentation; not a second domain representation."
"backend","tests/productionEnvGuards.test.ts","54","healthos","Published signing default is explicitly denied in production; security denylist, not an accepted default."
"backend","tests/productionSecurityRemediation.test.ts","61","legacy","Negative API/type/auth fixture or preservation of current phone/contact identity, not a fallback reader."
"backend","tests/productionSecurityRemediation.test.ts","62","legacy","Negative API/type/auth fixture or preservation of current phone/contact identity, not a fallback reader."
"backend","tests/publicLocationCatalog.test.ts","245","old","Previous value, response, worker claim, date or record used by current recovery, integrity or documentation; not a second domain representation."
"backend","tests/publicLocationCatalog.test.ts","246","old","Previous value, response, worker claim, date or record used by current recovery, integrity or documentation; not a second domain representation."
"backend","tests/publicOrganizationDto.test.ts","50","old","Current typography, field placeholder, threshold, coordination/storage or ordinary word containing the search substring."
"backend","tests/ratelimit.test.ts","12","old","Current typography, field placeholder, threshold, coordination/storage or ordinary word containing the search substring."
"backend","tests/redisConfiguration.test.ts","34","old","Current typography, field placeholder, threshold, coordination/storage or ordinary word containing the search substring."
"backend","tests/resilientHttpClient.test.ts","21","v1","Current external provider, SDK or Kubernetes protocol version; cannot rename an external API."
"backend","tests/resilientHttpClient.test.ts","29","v1","Current external provider, SDK or Kubernetes protocol version; cannot rename an external API."
"backend","tests/resilientHttpClient.test.ts","45","v1","Current external provider, SDK or Kubernetes protocol version; cannot rename an external API."
"backend","tests/resilientHttpClient.test.ts","59","v1","Current external provider, SDK or Kubernetes protocol version; cannot rename an external API."
"backend","tests/resilientHttpClient.test.ts","63","v1","Current external provider, SDK or Kubernetes protocol version; cannot rename an external API."
"backend","tests/resilientHttpClient.test.ts","72","v1","Current external provider, SDK or Kubernetes protocol version; cannot rename an external API."
"backend","tests/resilientHttpClient.test.ts","77","v1","Current external provider, SDK or Kubernetes protocol version; cannot rename an external API."
"backend","tests/rootMfa.test.ts","62","old","Previous value, response, worker claim, date or record used by current recovery, integrity or documentation; not a second domain representation."
"backend","tests/rootOnlyReset.test.ts","53","v1","Negative API/type/auth fixture or preservation of current phone/contact identity, not a fallback reader."
"backend","tests/securityHardening.test.ts","17","v1","Single current authenticated ciphertext envelope version; no previous-format reader."
"backend","tests/securityHardening.test.ts","114","old","Previous value, response, worker claim, date or record used by current recovery, integrity or documentation; not a second domain representation."
"backend","tests/whatsappIntegration.test.ts","70","old","Current typography, field placeholder, threshold, coordination/storage or ordinary word containing the search substring."
"backend","tests/whatsappIntegration.test.ts","88","legacy","Negative API/type/auth fixture or preservation of current phone/contact identity, not a fallback reader."
"backend","tests/whatsappReliability.test.ts","51","v1","Single current authenticated ciphertext envelope version; no previous-format reader."
"backend","tests/whatsappReliability.test.ts","52","v1","Single current authenticated ciphertext envelope version; no previous-format reader."
"backend","tests/whatsappReliability.test.ts","179","old","Previous value, response, worker claim, date or record used by current recovery, integrity or documentation; not a second domain representation."
"backend","tests/workerLease.test.ts","13","old","Current typography, field placeholder, threshold, coordination/storage or ordinary word containing the search substring."
"backend","tests/workerLease.test.ts","15","old","Current typography, field placeholder, threshold, coordination/storage or ordinary word containing the search substring."
"backend","tests/workerLease.test.ts","16","old","Current typography, field placeholder, threshold, coordination/storage or ordinary word containing the search substring."
"backend","tests/workerLease.test.ts","21","old","Current typography, field placeholder, threshold, coordination/storage or ordinary word containing the search substring."
"backend","tests/workerLease.test.ts","24","old","Current typography, field placeholder, threshold, coordination/storage or ordinary word containing the search substring."
"backend","tests/workerLease.test.ts","26","old","Current typography, field placeholder, threshold, coordination/storage or ordinary word containing the search substring."
"backend","tests/workerLease.test.ts","27","old","Current typography, field placeholder, threshold, coordination/storage or ordinary word containing the search substring."
"backend","tests/workerLease.test.ts","28","old","Current typography, field placeholder, threshold, coordination/storage or ordinary word containing the search substring."
"backend","tests/workerLease.test.ts","29","old","Current typography, field placeholder, threshold, coordination/storage or ordinary word containing the search substring."
"backend","tests/workerLease.test.ts","32","old","Current typography, field placeholder, threshold, coordination/storage or ordinary word containing the search substring."
"backend","tests/workerLease.test.ts","34","old","Current typography, field placeholder, threshold, coordination/storage or ordinary word containing the search substring."
"backend","tests/workerLease.test.ts","35","old","Current typography, field placeholder, threshold, coordination/storage or ordinary word containing the search substring."
"backend","tests/workerLease.test.ts","38","old","Current typography, field placeholder, threshold, coordination/storage or ordinary word containing the search substring."
"backend","utilities/auditLock.ts","35","old","Current typography, field placeholder, threshold, coordination/storage or ordinary word containing the search substring."
"backend","utilities/auditLock.ts","44","old","Current typography, field placeholder, threshold, coordination/storage or ordinary word containing the search substring."
"backend","utilities/concurrencyBudget.ts","7","old","Current typography, field placeholder, threshold, coordination/storage or ordinary word containing the search substring."
"backend","utilities/config.ts","80","healthos","Published signing default is explicitly denied in production; security denylist, not an accepted default."
"backend","utilities/cryptoEnvelope.ts","8","v1","Single current authenticated ciphertext envelope version; no previous-format reader."
"backend","utilities/cryptoEnvelope.ts","27","healthos","Stable cryptographic derivation constant; changing it changes authenticated ciphertext keys or blind indexes."
"backend","utilities/cryptoEnvelope.ts","28","healthos","Stable cryptographic derivation constant; changing it changes authenticated ciphertext keys or blind indexes."
"backend","utilities/cryptoEnvelope.ts","31","v1","Single current authenticated ciphertext envelope version; no previous-format reader."
"backend","utilities/cryptoEnvelope.ts","54","v1","Single current authenticated ciphertext envelope version; no previous-format reader."
"backend","utilities/helpers.ts","102","old","Previous value, response, worker claim, date or record used by current recovery, integrity or documentation; not a second domain representation."
"backend","utilities/helpers.ts","108","old","Previous value, response, worker claim, date or record used by current recovery, integrity or documentation; not a second domain representation."
"backend","utilities/helpers.ts","109","old","Previous value, response, worker claim, date or record used by current recovery, integrity or documentation; not a second domain representation."
"backend","utilities/phiAnonymizer.ts","179","old","Current typography, field placeholder, threshold, coordination/storage or ordinary word containing the search substring."
"backend","utilities/prescriptionFormatter.ts","79","old","Current typography, field placeholder, threshold, coordination/storage or ordinary word containing the search substring."
"backend","utilities/prescriptionFormatter.ts","99","old","Current typography, field placeholder, threshold, coordination/storage or ordinary word containing the search substring."
"backend","utilities/prescriptionFormatter.ts","100","old","Current typography, field placeholder, threshold, coordination/storage or ordinary word containing the search substring."
"backend","utilities/prescriptionFormatter.ts","102","old","Current typography, field placeholder, threshold, coordination/storage or ordinary word containing the search substring."
"backend","utilities/prescriptionFormatter.ts","107","old","Current typography, field placeholder, threshold, coordination/storage or ordinary word containing the search substring."
"backend","utilities/prescriptionFormatter.ts","162","old","Current typography, field placeholder, threshold, coordination/storage or ordinary word containing the search substring."
"backend","utilities/profiling.ts","18","old","Current typography, field placeholder, threshold, coordination/storage or ordinary word containing the search substring."
"backend","utilities/profiling.ts","65","old","Current typography, field placeholder, threshold, coordination/storage or ordinary word containing the search substring."
"backend","utilities/profiling.ts","71","old","Current typography, field placeholder, threshold, coordination/storage or ordinary word containing the search substring."
"backend","utilities/profiling.ts","73","old","Current typography, field placeholder, threshold, coordination/storage or ordinary word containing the search substring."
"backend","utilities/resilientHttpClient.ts","9","old","Current typography, field placeholder, threshold, coordination/storage or ordinary word containing the search substring."
"backend","utilities/resilientHttpClient.ts","10","old","Previous value, response, worker claim, date or record used by current recovery, integrity or documentation; not a second domain representation."
"backend","utilities/resilientHttpClient.ts","11","old","Current typography, field placeholder, threshold, coordination/storage or ordinary word containing the search substring."
"backend","utilities/resilientHttpClient.ts","26","old","Current typography, field placeholder, threshold, coordination/storage or ordinary word containing the search substring."
"backend","utilities/resilientHttpClient.ts","28","old","Current typography, field placeholder, threshold, coordination/storage or ordinary word containing the search substring."
"backend","utilities/resilientHttpClient.ts","57","old","Current typography, field placeholder, threshold, coordination/storage or ordinary word containing the search substring."
"backend","utilities/resilientHttpClient.ts","70","old","Current typography, field placeholder, threshold, coordination/storage or ordinary word containing the search substring."
"backend","utilities/telemetry.ts","72","v1","Installed SDK or measured runtime version; current tool behavior/evidence."
"backend","utilities/telemetry.ts","74","v1","Installed SDK or measured runtime version; current tool behavior/evidence."
"backend","utilities/tenant.ts","10","old","Previous value, response, worker claim, date or record used by current recovery, integrity or documentation; not a second domain representation."
"backend","utilities/workerLease.ts","5","old","Current typography, field placeholder, threshold, coordination/storage or ordinary word containing the search substring."
"backend","utilities/workerLease.ts","12","old","Current typography, field placeholder, threshold, coordination/storage or ordinary word containing the search substring."
"backend","utilities/workerLease.ts","16","old","Current typography, field placeholder, threshold, coordination/storage or ordinary word containing the search substring."
"backend","utilities/workerLease.ts","29","old","Current typography, field placeholder, threshold, coordination/storage or ordinary word containing the search substring."
"backend","utilities/workerLease.ts","36","old","Current typography, field placeholder, threshold, coordination/storage or ordinary word containing the search substring."
"backend","utilities/workerLease.ts","48","old","Current typography, field placeholder, threshold, coordination/storage or ordinary word containing the search substring."
"backend","utilities/workerLease.ts","57","old","Current typography, field placeholder, threshold, coordination/storage or ordinary word containing the search substring."
"backend","utilities/workerLease.ts","58","old","Current typography, field placeholder, threshold, coordination/storage or ordinary word containing the search substring."
"backend","utilities/workerLease.ts","59","old","Current typography, field placeholder, threshold, coordination/storage or ordinary word containing the search substring."
